how to reduce bureaucracy in workplace	2
bamaonline	2
how does whole life insurance cash value work	2
in chrome, what is difference between the complete save and the htlm only save	2
pol	2
4chan	2
/hgg/ [kiss] ???????3d2 pastebin qzqgcmxx	1
site:8muses.com 8muses	2
the voice australia 2016	2
abcya	2
caribbean news newspapers	2
academy sports	2
usafa admissions	2
accessunited	2
tupelo radar	4
french toast	1
tower defense games	2
instagram follow button	2
deer repellent	2
flash player test	1
saving multiple items on one image in photoshop	2
aero race wheels on ford ranger	2
alabama hunstvlle affordable dentures price list	2
how to fix tire pull	2
akinator	2
huntsville al news	2
sidney harrell attorney mobile al	2
the springs at huntsville apartments	3
all alabama players drafted 2016	2
does alabama plan to drug test if you are on medicade	2
horice brown pottery	2
filing an unemployment claim	2
arec	2
alabama power	2
musiq soulchild life on earth deluxe zip	2
chocolate chip cookies	2
seared tuna	2
oven roasted potatoes	2
missouri lakes trail	2
watch raw full show	3
how to care for seedum	2
mothers day date 2016	2
divergent bird tattoos	2
amazon	3
can melissa and doug doll drink and wet wets in the potty	1
squat rack	1
"vizio 29"" 2ch sound bar (sb2920-c6) reviews"	1
cold foot pad	2
beyond the high himalayas	2
skechers women's easy going repute mule	2
kindle app for android phone 4.1 9	2
5 foot cable lock	2
winches for polaris ranger 900 xp	3
90930 warn	2
speck cover for ipad	2
lily starlette.	2
geax goma 29 2.25 tnt	2
alexa amazon	2
sign up for amazon prime by accident	2
cobra electronics esd7570 9-band radar	2
how to sell personalized items on amazon	2
led display six-in-one digital altimeter	2
how to turn a regular patch into velcro patch	3
amd radeon gpu	2
amd radeon hd 7310 for windows 10	2
flint creek decatur al	2
ameris bank	2
amerisourcebergen	2
best free offline hack n slash android	2
turn off automatic updates on my android lg phone for kindle	2
flags of nations	2
initial d first stage episode 5 english dub	2
kenshi yonezu lyrics	2
list of anime that the main heroine is a fox demon	2
boku wa tomodachi ga sukunai next hd ligero mega	2
annualcreditreport	2
how high were the walls of jericho before they came tumbling down	2
aol mail	4
aol	2
evergreen at lost mountain	2
app inventor	2
apple store	1
apple itunes login	1
reset ipod classic without itunes	2
my i toons account	2
how to access iphone on itunes	2
how to get photos off of my iphone 5	2
restaurants near me	2
apug	2
site:ar15.com pelican cooler, 45 quart	2
blake weaver arab high school	1
ros driver	2
wifi super slow but ethernet fast	2
pineal gland calcification	2
concept outline period 9 print out	2
kinase inhibitor imatinib route of administration	2
birth chart with coordinates	3
latest bios version for asus	2
learning gamnes for kids	2
attalla.k12.al.us	2
2007 polaris ranger 700 rpm at idle	2
auburn department of biological sciences	2
auburn university final exam schedule	2
auburn graduation dates	2
tigermail	2
psychologist auburn al	2
land auction alabama	2
how to speed up a wav file in audacity	2
brass plated sheet metal strips	2
khenifra ferme	2
composite decking	2
firelight young the giant lyrics	2
ends lyrics	2
amazigh turf	2
c-section	2
jarrett colaneri	1
xiqubangchui	2
mini talon	2
instrumentation vitrification nuclear waste storage	1
transforce.com	2
laker all time team stats	1
diablo 3 rebirth	2
can pets trigger rimeheart	2
bane of the stricken	2
cylon names	2
armenian people	2
blue cross blue shield	2
mybluecross	2
bdcraft	2
cbaby wetlands	2
what type of fising tackle for bahamas	2
sig rc bluehawk	3
grazing contracts for livestock	2
dragons milk	2
wolf of wall street lamborghini print	2
summit white mountain brinkley sandal lowest price	2
phonebank for bernie	2
best speech to e-mail android app free	2
best buy	4
dhdtv antenna for cheap	2
1st of may 2016	2
i need very loud windchimes	2
ourtime reviews	2
cheese sticks	1
beyonce	2
if you see your brother sin and don't correct him	2
john 5:1-14 niv	2
john 3:36 kjv	2
he. 7 24-25	2
renew strength like eagles	2
sermon on the mount	2
see kate sew neptune	2
hi viz motorcycle rain gear	2
billboard top 100	2
site:m3post.com ind vs oem trunk badge	2
milk bacteria bibliography	2
jobs zoo alabama	2
bitrix24	2
hip to waist ratio	2
sunchaser oasis cruise	2
old black porn stars	2
brookwood hospital inpatient rehab	2
air force bmt shy	2
kidsí responsibility board	1
mujer viendo hacia la ventana de noche	2
who is tiffany edwards starbucks	2
swelling under arm	3
does breast milk come out during piercing	2
remington 870 tactical stock and forend	2
smle iii* bolt tool	2
how to clean for anal	2
??????? ???? ???????	1
buffalo wild wings	2
what is considered to be the minimum healthy fat level for men and women	2
left alone game	2
black walnuts	2
burt funeral home ft payne	2
the best burger recipe	2
bootyos cereal	2
2016 chevy spark	2
vittoria goma 29x2.25 tnt	2
thermodynamic stability of radioactive waste	2
coleman roadtrip grill quick connect	2
drake new song 2016	2
care credit	2
2008 suburban weight	2
carnival cruise	2
cirricula vitae	2
where can i check departure and arrival times of carnival ship	2
will using two cigarette lighters in a car harm it	2
one piece episode 380	2
vbs central baptist church sign up decatur al	2
john paul jackson death	3
optionnet explorer	2
d'haquille williams nfl	2
tcp flow control animation	1
hand foot mouth symptoms in adults	2
brain disease model of addiction	2
vbs central baptist church sign up	2
how to make a team on cevo	3
chacos	2
oybs orange	2
charter spectrum	2
charter	2
checks in the mail	2
set up the integral for the divergence theorem both ways. then find the flux. f(x,y,z) = x2 i + xy j + z k	1
histamine intolerance	2
christianity today heaven	2
how to make a graph in word	2
advantages and disadvantages of incentive pay system	2
church of the highlands	2
cinemassacre the dragon in my dreams	2
son of citation machine mla	2
www.google.com	5
city hope malbis	2
city of albertville al	2
clarks	2
david garrett wife	2
how to clean ears	2
where does joker phillips coach	2
windows xp burner	2
best blu ray player under 200	2
vhs to digital	2
cnn	2
scallop appetizer recipe	2
cindy zebryk with coldwell banker in fairhope, al	2
how long do judgements last in alabama	2
jobs for 16 year olds in enterprise al	2
payday for trent richardson	2
youtube to mp3	4
mbyte to mbps	2
coolletters genorator	2
copart inc fairfield ca	2
cornell university	1
apple blight	2
products to rapidly remove acne scars	2
palmetto state armory coupon	2
a nurse has been assigned to a 55-year-old woman who has a malignant brain tumor. the patient is receiving her first dose of carmustine. it will be critical for the nurse to observe for which of the following?	2
propose a conflict resolution strategy to be used st. clare hospital	2
c++ insert	1
cpp institute	2
cracker barrel	2
naked cake with fruit	2
craigslist	9
craigslist dachshund puppies for sale	2
craigslist auburn	2
craigs	2
baby shower crafts	3
the platinum zero visa card	2
credit karma	2
frank lloyd wright houses for sale	2
curewards	2
going vegan for depression	2
melikaria	2
krups egg cooker manual	2
hostile intentions movie	2
cutter's choice bars	1
new can am spyder for sale	2
motorcycle vulcan 1600 front end wobble	2
four french tourists were assaulted on the island of koh kut	2
where are the stars of the partridge family now	2
boy head twists	2
american pie wedding hd online	2
danica patrick	2
danielkolenda.com/events	2
buffy the vampire slayer	2
?????????	1
david yurman bracelets	2
percentage of dcuo players are villains	2
september 23 2003 day of the week	2
views full album stream	2
why isn't leo on lab rats elite force	2
dealdash	2
laptop deals	2
papa johns coupon code	2
bamboo decking	2
delta airlines	2
hobbit home builders in north carolina	2
how to draw kodomo style	2
rpg maker vx ace cowboy	2
my candy love dress up	2
coco bandicoot	2
anime fox render	2
zunimassa set dungeon	2
one-of-a-kind	2
discord	2
naked and afraid parody	2
magic kingdom breakfast	3
disney world dining salmon	2
most expensive counter service at animal kingdom	2
distance from troy to auburn	2
ms relay board pinout diagram	2
homemade hot pepper bug spray	2
rust steam key sale	2
renew tag online	2
que pasa si mi permiso de conducir de ee.uu.se vence en alabama	2
melodic casting dndtools	2
how to fight cellulite	2
dollywood cabins	2
dominos	2
door county weddings	2
door county style	2
download earlier version of kindle android app	2
no knot eyelet fly line pin	2
download ios 9.3.1 jailbreak	2
dragon ball super episode 41 subbed	2
dragon soul app offline	2
text and drive	2
computer keeps restarting windows 10	2
glimepiride side effects	2
niacin	2
toshiba laptops	4
how many dems voted in pa	2
how to burn cd on flash drive	2
shell compact	2
germany homeless refugees	2
cant5 add field to crm form	2
150 watt led light bulb	2
kentucky earthquake 2016	2
ebay	9
used 5 horse power garden tillers	2
thera shoes	2
combat wings: battle of britain (pc, 2008) - european version	2
steps and ladders for above ground pools	2
how to go to previously saved version of project eclipse	2
bird on rim of vase germany 2 hallmark	2
in game my laptop lags and catches up	3
istick100wtc update	2
percentage of budget calculator	2
el mundo	2
song/ thank you lord/ lyrics/ inspirations	2
rosella virus	2
apollo 11 landing poster berkey	2
donkey mating	2
what are mexican poppies	2
richest person in calhoun county al	2
endless sphere	2
e news	2
pickled egg and onion recipe	2
e rewards	1
jackson county ms vets	2
piercing javelin eso	2
who's your daddy esrb	2
savor bracelet	3
evil within how to change save profile	2
game of thrones recap	2
once upon a time	2
introduction to cybersecurity (cnx1430)	2
difference between ortho ease and ortho sport	2
drdt-2	2
exploretalent 16 year old alabama	2
extratorrent	2
brinor bargains	1
when is pentecost sunday 2016?	1
facebook	23
facebook login	6
bill and virgina love of anniston al	1
face	1
doug walker ghostbuster trailer	1
mj thrift store huntsville al	1
lighthouse dachshunds	1
unfortunately, com.samsung.ipservice has stopped	1
maren morris	1
fa	2
you have more friends on facebook than you think	1
jubilee stadium daphne al	1
label:money	2
eddie hagen pirmasens germany	1
factorio steam engine	2
dentures huntsville	2
kid timed outlets	3
david hilbert biography	2
fanfiction twilight edward and bella get married in vegas	2
game of thrones season 1 streaming	2
farmcreditofvirginias	2
fashion to figure	2
mapquest	4
dyzhawn l. perkins autopsy	2
is-42 social media in emergency management quizlet	2
impressive title servers	2
how to pay for ferry in norway	2
dark souls 3 pine resin	2
dark souls 3 chameleon	2
dark souls 3 new game plus	2
anri of astoria	2
black knight sword dark souls 3	2
orbeck of vinheim	2
fidelgo island weather	2
natalie portman my blueberry nights	2
big chief wetherington,	2
find a grave	2
talbot outlet	2
double cut vs single cut file	2
first metro	2
avalon beach destin fl rentals	2
coliform bacteria are common contaminants of meats. why might one expect to find coliforms in samples of meats	2
fritz sos	2
adobo wings diners drive-ins and dives	2
wwe payback 2016	3
foreign degree equivalency in usa	2
40k marru	2
creating a skincare line	2
2020 warrior jasper road	2
heath ledger drugs in system	2
news	4
fox news	2
freecreditreport	2
free geek	2
furaffninity	2
fursuit ressources	2
ga lottery	2
mgs cyborg ninja	2
dark souls completionist guide	3
shantae which games	2
is prisoner's chain good	2
wish for a world without flame	2
tier list fire emblem radiant dawn hard mode	2
games like super metroid	2
ark carno	2
floof	2
delivery bay youkai watch	2
bee armor set armor	2
witcher 2 enhanced edition walkthrough pc	2
xbox gold 12 month	2
ps4	2
ideas to cover septic tanksss	2
vrbo 30a	2
2878846	2
fat bikes	2
shade murray nashville tn	3
obituary moreen rogers georgia	2
origination of surname of fuhler	2
lyrics to rap god	2
late archaic period	2
ae free download full version	1
giro d'italia 2016	2
fastest usb 3.0 flash drive	2
nvidia gamestream over cellular data	2
us bank apraiser	2
what is ulls s4	2
scandal season 5 episode 16 full episode	2
ncaa baseball standings	2
espn	2
car leaks oil after change	2
pickles	2
ruger sr9c accuracy problems	3
gogoanime	4
dragon ball super episode 41	2
sex toys for men	3
goodyear lakeshore birmingham	2
gmail	8
target	2
how to make an obscene amount of money quickly	3
loot pins bonus loot	2
talladega	2
maps google.com	2
soccer shoe coloring pages	2
google	2
kelly services	2
littleton co	2
myrtle beach casino boats	2
trisul	2
mayrin villanueva	2
google scholar	2
backpack literature 5th edition ebook	2
pacman	2
mayo chiki gif	2
patlabor	2
my hero academia episode 5	2
rivertree church huntsville al	2
samuel morse	2
site links searchbox schema	2
how to highlight search results	2
birmingham news	2
anniston star	2
the dark knight returns comics	2
wolf gang mosart	2
google maps	2
pc google cast smart tv	2
elk river tn access points	2
tradutor	2
maps	3
27961 us hwy 98 ï suite 17ï daphne, alï 36526	1
charisma carpenter nude	2
gunsmith mobile alabama	2
eleanor	2
winston police department new girl	2
croatia	2
columbia md historic sites	2
tomato slice	2
what does registrar mean	2
cahaba grand conference center	2
maxcdn	2
der micheal quinn fayettyville ga 30214	2
southbury circle vestavia al	2
places to go in colorado	2
cher lloyd i wish album with t.i.	2
what was the wilmot proviso	2
mercy triumphs over judgment	2
seven perfect angels cast	2
if you have hbo now can you watch episodes as soon as they come out	2
grainger	2
gramercy apartments columbia md	2
does academy outdoor drug test	1
bus tuscaloosa to birmingham airport	2
www mycfavisit com survey	3
challenger cliffs gw2	2
al com baldwin county news	2
www.gumball .com	2
orange pi plus operating system	2
ms state baseball schedule	2
what happens if i dye my hair blue and then purple	2
registered landlords hamilton county ohio	2
hancock bank	2
why does my ac vents make so much noise	1
kre-o transformers instructions	2
hbogo	1
hbo go	2
hbo now	2
how to pay attention to your posture	2
grapefruit diet workout reccomendations	2
dizziness	2
kripp evolution shaman	2
photo n243ah	1
do mayor william bell really live in inverness	2
muzaffarnagar film	2
dred scott decision	2
missouri compromise	2
when did the antebellum period start and end	2
256-200-1887	2
st. louis & dallas stars game	2
fred clenney death	2
pit boss kamado	2
150 watt led bulb home depot	2
lre3083st vs lre3085st	2
log cabin house plans	2
houses for rent in hazel green al	2
redbud festival honaker va	2
horizon stone	2
cpanel hostgator	2
kanavape	2
www.http://hamptoninn.hilton.com/en/hp/groups/personalized/m/mobmchx-fdt-20160624/index.jhtml	2
noritz error 66	1
bar cart	2
hp d110 showing offline	2
indiana republican polls	2
hulu	2
watch hulu	2
stealth cam battery pack manual	2
vocal lessons huntsville al	2
blessed assurance chords	2
kaste78	2
"allie ""powers"" profile"	1
how to remove an apple id from a second hand iphone with computer	2
oslo airport gardermoen map	2
linking honeywell thermostat with amazon echo	2
go kart racing at priceville	2
early endosome	2
triangle	1
jeanne crain	2
an ideal place to kill (1971)	2
womb 2010	2
the arrogant 1987	2
red swastik	2
provocation pelicula	2
quella et? maliziosa	1
eye of the cat 1969	2
who is stacy's mom	2
the curse of sleeping beauty wiki	2
troll 2 imdb	2
taboo show	2
i idolize you bull durham	2
sharpe's eagle cast	2
sdr currency	2
award winning chinease food recipes	2
milf and teen gif imgur	2
city employment	2
homemade bug trap	2
map creator for fantasy worlds	1
jail view arab alabama	3
air video hd	2
democratic principles in the workforce	2
pickled egg recipe	2
1040ez exemptions	2
value of financial literacy	2
last ip of a cidr	1
hair follicle drug test	2
restore iphone 6 without losing jailbreak	2
used cars montgomery al	2
ignition coil part number for briggs and stratton 550 ex	2
jazz prepaid internet packages	1
jcpenney	2
2003 jeep tj ac evaporator	2
jeffstateonline	2
sauder media cabinet	1
microwave popcorn without hulls	2
gluten free tortillas	2
spectrum noir brush nibs in bulk	2
t shirt wooden beaded necklace	2
koffee brown after party mp3 download	2
who wrote the first multi-state bar exam	2
kelley blue book used cars	2
kickasstorrents	2
kikfinder	2
darksydephil	2
rustle jimmies	2
kodak esp c315 driver	2
watching downloaded kodi files from ps3	2
dorya interiors	2
best games for psp	2
koliko dugo se peku lesnici	2
no sock hiking shoes	2
convert to spherical coordinates	2
langley funeral home	2
langley funeral home dadeville al	2
piecy bangs	2
the los angeles times	2
lillian franklin vs wells fargo	2
most popular punk bands	2
games to play with friends far away	1
mark isaac academy	3
leeds presbyterian church	2
leonard lockport new york	2
weird sound in my ear after swimming	2
cheap shoes for men	2
shoudl i submit a site map to google	2
2013 lincoln navigator for sale in ala	2
inga von salen linkedin	2
ceponis+montgomery al	3
cocktail recipes	2
manon louchard	2
listerhill	2
hotmail	2
gfi	2
closed toe sandals womens	2
cedar rock dairy	2
north park middle school lockport ny	2
lolking jinx	2
hoppin josh lol	2
lowe mill events	1
lowes	2
ltd	2
pulmonologist	2
software mackiev	2
macys	2
3d sphere in winplot	2
outlook express mail	2
malwarebytes free	2
office resource pool ohc	2
mancave tupelo	2
abigail ratchford	2
briggs and stratton 650 series manual	1
jimmy and karen evans	2
marriott rewards	2
marvel heroes 2016	2
mature milfs young anal	2
westminster christian academy huntsville soccer madison county	2
maymay made it crafts	2
map sbp dbp	2
mediacom	2
roseola virus	2
2. what is meant by motor unit recruitment?	2
free milf porn.com	2
gothika full movie	2
meijer	2
starbucks thing to put around your cup	2
catfish cabin albertville menu	2
mercari	2
chastity	2
messanger	2
metamech shadow cat	2
lyrics to let it go frozen	2
stargate sg1	1
used mobile homes for sale near boaz, alabama	2
what does the bible say about leadership	2
michael kors	2
map of washington dc	1
mssql rownum	2
will xbox 360 controller charger work on windows 7	2
how to uninstall windows 10	2
computer going way to slow	2
why is my sound not working	2
outlook update	2
miller ronin gallery	2
minecraft 1.7.2 forge	2
minecraft forge 1.7.2	2
minecraft 1.7.2 forge wont launch	2
lycanites mobs dungeosn	2
mo creatures 1.7.2 server	2
good pvp servers minecraft	1
skindex	2
slitherio	2
miniology	2
mizzou online chem 1000	2
captain america civil war torrent	2
mmorpg safe for kids	2
new mo creatures servers	2
tops with bows	2
modb	2
work at home jobs for doctors	2
monoprice	2
jobs hiring in montgomery al	2
alexander city outlook classifieds	2
laurus nobilis tree	2
fun accounting projects for high school students	2
honda st90 for sale alabama	2
family feud	2
ferme safi a vendre maroc	2
beginer guitars	2
perdida em sodoma 1982 filme brasileiro	2
myloweslife	2
annasophia robb and chloe grace moretz	2
myvidster.com/nextdoorraw.com sex videos	4
myvidster.com/hung white gay cocks oral cumshots	2
myvidster.com/homemade hung dicks	2
can zoloft be used as an anti-psychotic drug	2
mr. wood, nasa first shuttle flight chief engineer	2
nascar schedule 2016	2
where is the best chocolate made	2
f-35 competitors	1
naver	2
netflix	4
netspend	2
ngu 4.80 cfw	2
make skyrim children nude	2
stanley cup playoffs	2
plate bolted into 03 altima 2.5s front bumper	2
maia campbell	2
nip and fab dragon's blood serum	2
fairytail	2
weather service all caps	2
norta	2
terrorism in the ivory coast	2
st. clare hospital conflict resolution strategy	3
my nsula	2
nudevista	2
diflucan candida	2
pure monk fruit	2
nvidia	2
nyaa torremt	2
cook artichokes	1
old black bear	2
is sph 107 the same as coms 101	2
online games	2
how to download mp3 and mp4 from youtube	2
sims outdoor retreat promo code	2
1967 caprice 4 door	2
1988 ford ranger spark plugs	2
oriental trading company	2
liquid logic jefe	2
wow legion pre patch release	1
2006 hundai elatra left front fender	2
whirpool wfw9400sz01 hinge	2
2007 polaris ranger throttle body cover and screws	2
jewelry repair pelham al	2
how to change paypal from old layout to new one	1
foot massage in montgomery al	2
get started vs start	2
new pentax k1 lense	2
android kindle app quit wprking	2
make doggie dough to hide meds	2
famas f3	3
piggly wiggly jemison	2
virginia pi kappa alpha chapter name	2
kidsí responsibility board & chore chart system	1
pinterest	4
wedding ckes	2
curvy women bending over	2
christian alcohol and drug addiction photos and quotes	2
stuffed french toast	2
cccleaner	2
texture pack minecraft	3
planetsuzy angelica de la sol	3
add an outlet in between two others	2
inotia 4 review	2
sassy short poems	2
life in a love	2
pof	2
pogo	2
polaris ranger 2007 parts	2
????? rti a1/a3	1
tracer pose	2
free sulabretes sex tapes	2
see a white girl get fuck by a white guy	3
pornhub	3
exgf sucking	2
ebony gives rimjob	2
porn hub	4
umemaro blowout hmv	2
hentai uncensored	2
anal	2
seri porn	2
hotel maid catch	2
homemade cuckold	2
roll play rape gangbang	2
pizza pie birmingham	2
the breakfast club	2
powerball	2
home iron level test	2
pro cycling stats	2
proguides	2
paragon apartments columbia md	2
freee movies	2
watch archer season 7 episode 2 free online putlocker	2
get rich or die tryin movie stream	2
yamaha xl700 for sale	2
eval locals	2
what happen to old new iphone 4s or 5s	2
how long does it take your body to detox from cigarettes	2
a 54-year-old patient with pulmonary tuberculosis (lung infection) is evaluated for syndrome of inappropriate adh secretion (siadh). which of the following electrolyte imbalances would be expected in this patient?	2
what types of enzymes are responsible for hydrolyzing the proteins in foods?	2
which of the following is a feature of physical activity and bone health?	2
which of the following is true of cardiorespiratory fitness	2
flexibility is defined as the quizlet	2
which of the following factors are important to consider when designing a laboratory test to evaluate sport performance	2
body fat appears to be most dangerous when it exceeds	2
which type of rom training utilizes slow and controlled, sport-specific movements designed to increase core temperature and enhance activity related flexibility and balance	2
refer to figure 34-1. there is an excess demand for money at an interest rate of	2
stimulates pancreas to secrete fluids high in bicarbonate ions	2
which of the following account for three-quarters of the total minerals required by the human body?	2
which of the choices below is not a fate of carbohydrate taken into the body?	2
what would happen if the capsular hydrostatic pressure were increased above normal?	2
which of the following regions of the nephron is most likely to be found in the renal medulla?	2
the following accounts for the largest share of the budget (20 percent):	2
is a policy of nonintervention with regard to prison management that u.s. courts tended to follow until the late 1960s.	2
is the legal status of prisoners in some jurisdictions who are denied the opportunity to vote, hold public office, marry, or enter into contracts by virtue of their status as incarcerated felons.	2
amino acids are carried to the ribosome by _____________ in order to build polypeptides.	2
binaural beats increase hypnotic suggestion	2
leah messer	2
rags player	2
rainierland	2
carmike gift cards	2
best urology in atlanta	2
release your mind noise	2
heavy duty breakaway razor blades	2
democratic principles in working practice	2
financial literacy study guide	2
saito fg 40 review	2
al b sure daughter	2
how do you know checks are expired	2
240 jake drive. sylacauga al 35151	2
reaper	2
red brick pizza	2
skyrim reset interior cell command	2
reddit nascar	2
reddit call of duty	2
loss of consortium	2
chinese dogma f8	2
mlb the show 16 ps vita	2
fear the walking dead reddit	2
xcom 2 faster psi training	2
i wish i had been raised with somthing other than christianity	2
rwby reddit	2
how to get the loot crate neverwinter	2
anyone else have shortness of breath vaping .....	2
dead baby jokes	2
reddit birmingham	2
dark souls 3 pyromancy worth it	2
mw2 vorpx	2
vive weekend pickup	2
do you need ps plus to play no man's sky	2
bamaflava	2
xbox controller dolphin wii laggy	2
free porn	2
regions	2
how to set up direct deposit regions	2
regions online	2
running shoes no socks	2
790kingridgedr.roswellga	2
build a resume online	2
resume maker	2
staples promo code	2
us army transportation mug	2
nugget ice machine	2
does cable give you more channels than satellite 2016	2
www.roadrunner.com	2
roberts brothers	2
roadblocks	2
roblox police yelp id	2
romanoff home depot	2
mackiev family tree maker or rootsmagic	2
www.roundup.com	2
retirement systems of alabama	2
rust best graphics	2
liquid hydrocodone	1
http:safelink.com	2
saic careers	2
hydrolic cement swimming pool	2
highest paid alabama electricians	2
sams club	2
sam's club	2
auburn football	2
south carolina federal credit union	2
scottsboro funeral home	2
alan tudyk uncharted	2
italian cookware brands	2
pic of goat	2
prexisting nd workers comp	3
sec baseball standings	2
examples of five print concept strategies	3
louisiana catholic blessed seelos	2
explain conflict management styles concerning st. clare hospital	2
staravia oras	2
largest churches in alabama	2
mature men rimming mature men	2
clay vs sand	2
math formula to calculate gravel	2
how to calculate bullet drop	2
happystarreviews.com	2
vape shop montgomery al	2
new madrid fault map	2
image signature maker	2
silver airways	2
smoking chicken on brinkmann charcoal smoker	2
forced sissy slut training	2
sketchers	2
banshee streaming saison 4 episode 3	2
next comet visible from north america	2
sling tv login	2
col jacobi letter obama	2
picasa for pc windows 7 free download	2
fnaf world	2
what is a armadillo lizard	2
diablo 3 witch doctor best in slot	2
sooner sports	2
command line up one level	2
what kind of chicken to use for kabobs	2
sparknotes the bluest eye	2
suck guru.com	2
how moderate are moderate muslims?	2
minimal pair names with /s/ and /t/	2
althorp	2
busty tits	2
reverse number lookup	2
3109 prescott ln sw, decatur, al 35603	2
football games	3
spotify	2
cubs walkup songs	2
karen moss nicole richie	2
my social security	2
mari0	2
how to record an instrument on pc	2
jquery-ui draggable not working	2
align images next to each other without space	2
how to subtract from a .csv file	2
first byte load time	2
eval nameerror python	2
alabama department of corrections employment	2
conventional arms transfer policy	2
hard globs coming down back of throat	2
ark scorpion spawn location	2
hunger bar never going away in dayz	2
mgsv save data location	2
dark souls 3 blades of the darkmoon broken	2
how does garry's mod work	2
steep and cheap	2
can you freeze cheese	2
straight talk	2
requirements to be a human resources manager	2
ged test to graduate early	2
forensic artist requirements	2
which of the following cannot add fat to the body?	2
the history of ethnic succession in organized crime suggests that an ethnic gang has to go through several stages before it can attain supremacy. which of the following is not one of those stages?	2
a formula can include a reference to another workbook (called an ____ reference), which creates a set of linked workbooks.	2
is there a planet made of chocolate	2
www.sudoku.com/playnow	2
only in florida news	2
gardening growing from seeds	2
summit white mountain brinley brown sale	2
copper top plate connector	2
supreme	2
star wars the old republic	2
facebook symbols copy paste	2
acc lacrosse	2
can my computer run star wars the old republic test	2
tacala llc	2
viking gangbang	2
taras figlio di poseidone	2
target raspberry bedspread flower	2
visitantes de dormitorio	2
baked mac and cheese with topping	2
tuscaloosa county jail mugshots	2
best portable blender for shakeology	2
google play music	2
how to set the computer not to go to sleep windows 10	2
free youtube downloader review	2
darkmoon races guide	2
flower pot covers tennessee	2
blurred vision brain tumor	3
lost lake trail colorado	2
how good is a baby's memory	2
daily sheeple	2
the fappening	2
beretta stampede	2
fresh market	2
lemonade video	2
cruz denies an indiana loss	2
disguised gun case power box	2
homemade whipped cream	2
synonym for flesh out	2
blackmen aftershave	2
smooth cigarettes	2
shoals treatment center	2
america comparative advantage examples real world	2
beyonce tour 2016	2
may calendar	2
tineye	2
2002 nissan frontier wheel north alabama	2
tna flix	3
treaty of new echota	2
internet says i am getting high speed, but is very slow	2
limestone creek alabama map	2
john wayne the alamo movie torrent	2
happy wheels	2
whats the end of season rewards for premier teams	2
tractor supply store drive belt spring	2
revierw guru.com	2
travel ratings website	2
hotel parking at comfort hotel trondheim	2
trojan web express	2
troy built 3000 psi pressure washer with briggs and stratton how to get pressure	2
310 n plymouth rd nw	2
office of human capital tsa	2
hentai gifs	1
go home and be a family man	2
vasto fire emblem	2
tumblr	2
tumlin construction	2
tupperware	2
tv guide	2
768-1 twitter	2
jamie dornan	2
twitter clexa lives on	2
remy lacroix	2
mike evans nfl	2
the po2 decreases with increasing altitude because of the	2
types of conflict management styles	2
which statement about important concepts in the capital asset pricing model is most accurate? a. the capital market line is the risk-return profile that contains the set of all dominant portfolios comprised possibly of all securities b. the security market line passes through two points with coordinates (standard deviation, rate of return) equal to (0, risk-free rate) and (market standard deviation, expected market return) c. the capital market line passes through two points with coordinates (be	2
the most common statistic for measuring risk is the standard deviation of expected returns. which statement best describes the standard deviation as a risk measure? a. the standard deviation gets larger as the likelihood of extreme outcomes increases b. the standard deviation gives less weight to upside extreme returns because these are good outcomes, whereas downside extreme returns are bad outcomes and so receive more weight c. when expected returns have a normal distribution then the 95% conf	2
u alabama summer co op	2
uah	2
uber code	2
airfiber 5x	2
hydrogen deficiency formula	2
udr	2
diversity in the workplace	2
twelfth night sibling love	2
3 drawer lateral file cabinet	2
under armour	2
united	2
jeffersons aged at sea voyage 3	2
1. in which gender is muscle fatigue found? why?	2
????? ??????	1
1zr1856v0199923960	2
prattville progress	2
cindy lynn bayless	2
game of thrones season 6 episode 1 watch online	2
kanab utah	2
tiny torrent	2
cancelled shows 2016	2
vh400 soil moisture sensor probes	2
rambler johnson summary	2
geforce gtx 275 benchmark	2
cinemax movies lesbians on a pool table	2
vimeo	2
body language short film	2
what are those musical	2
university of pike chapter name in virginia	2
easy website software	2
radiation definition	2
battlefront vorpx	2
vrbo miami	2
new on netflix may 2016	1
wabt	2
arab city jail view	2
wallace community college dothan	2
does walmarts honor their online prices i n store	1
walmart grocery	2
walmart	2
walther ppq	2
dangers of gmo	2
ward theatre jamaica	1
kerbal space program graphics mod 1.1	2
how can i tell if my craigslist ppost is gohsted	2
hno3 acid strength	2
t bar watch lug	2
watch center - lugano	2
book of mormon musical online	1
cheapest samsung refrigerators	2
weather	2
weather.com	2
how to treat severe stomach cramps and diarrhea	2
wells fargo	4
we love fine	2
assisted living calendar of events	2
kingsmoot	2
the westin atlanta	2
spray and rinse filter cleaner	3
myspanishlab answers chapter 4	2
are having a girl or a boy baby if the heartbeat is 185	2
turmeric	2
kim vandergriff	2
al turner, gadsden, alabama whitepages	2
anywho.com app	2
19 news	2
whnt news 19	2
maxwell guide don't starve together	1
don't starve guardian pigs	2
kaneki ken	2
when did william murdoch and julia ogden have a baby	2
underfell	2
star citizen motion blur command	2
akame ga kill	2
advance wars adder quotes	2
aile striker pack	2
soul calibur 4 intermediate equipment	2
how to join the french foreign legion	2
croatian air force	1
edward r. murrow	1
jrpg pc games 2015	1
superior cadet award	2
dhc-5d	2
ro su-hui	2
lenin's title	2
katey sagal	2
marvel cinematic universe	2
top gear usa	2
todd howard	2
lobotomy	2
womens liberation movement	2
top secret clearance,	2
honorable discharge	2
fantastic four world's greatest heroes	2
san juan	2
lattice parameter	2
carl verheyen	2
moby dick	2
x-men forever	2
honda factory lawn mower	2
what layer is the pdu called packet	2
mob psycho 100	2
al di meola	2
big mama thornton	2
mandalay region of burma	2
grace singer	2
how starbucks saved my life	2
trey parker and matt stone interview	2
disney channel original movies	2
ruth b	2
nioh	2
hmas canberra	2
cult of domesticity	2
robin mckinley new book	2
define talladega 500 race	2
microsoft products	2
holocaust death by category	2
darthvader actor	2
early types of canal inclined plane	2
carlos slim	2
string theory	2
what is a ware house order picker	2
gershwin	2
beethoven symphony 8	2
krystal ball	2
kurt russell	2
2. what is meaning of motor unit recruitment?	2
carvana	2
sand mountain al	2
nat turner's rebellion	2
white collar	2
wikipedia	2
hallelujah shrek	2
ocean sky jets	2
double entendre	2
chief cell exocrine	2
openbor	2
daniel	2
voice of nathan drake	2
ex machina wiki	2
the east wind	2
aquatic biodiversity positive and negative effects	2
abiotic factors of the desert	2
key principles of wilderness survival	2
used cars in columbus ga	2
wintzell's application	2
ender and petra	2
wish.com	2
pet rescue/how to unlock paths	2
wizard101 how to get a storm striker amethyst	2
trig addition formulas	2
word counter	2
divine exchange on the cross	2
white blood cell pneumonic	2
who are the eagles carrying the woman israel into the desert	2
i hate setting up swimming pools	2
icloud unlocker download no survey	2
jesus said all power has been given to me now i give to you	2
jetpack's carousel has been disabled, because another plugin or your theme is overriding the [gallery] shortcode.	2
durand egyptian crackle glass	1
aquarium blower	2
wrestling news	2
alvin holmes on gov. bentley wsfa	2
weather radar birmingham al	1
wwenetwork	2
italian opera classical period	2
wyndham	2
xbunker	2
older versions of kindle app for android phone	2
lg one click root 1.3	2
free xnxx porn	2
xnxx	2
freeporn	2
free iphone 6 plus	2
xvideo	4
lauren phillips	2
xvideos	2
sandra romain	2
taylor st claire gangbang	2
hs 2 vafrv	2
dry humping pillow site:answers.yahoo.com	1
yahoo news	1
do dogs have nervous tics	2
give the formula of the conjugate base of hso4ñ.	1
yahoo mail	4
yahoo	8
ps3 read exfat	2
att.net	2
what are o.j. simpson and nicole simpson's kids doing now?	2
vig	2
note 6	2
where did oprah go to high school	2
this is madness! youtube	1
youtube	19
etv rasoi show august 2015	2
kilo baby baby	2
man of violence movie	2
sorry	2
sims 4 sex uncensored	2
spinning ping pong ball on finger	2
babylock imagine	2
eviews of gameof thrones	2
ss videos ww2	2
enzo injury wwe site:youtube.com	2
metal gear solid wolf cave	2
best weapon for cutting kalameet tail	2
laura mercier secret camouflage	2
johnson 150 fast strike specs	2
how to get joey graceffa hair	2
youtube benny hinn worship songs	2
nineteen duos flute duet	2
geek and sundry	2
backpack literature an introduction to fiction poetry drama and writing (4th edition) pdf	2
shantae risky's revenge review	2
how to read a ttt diagram	2
youtube.com	2
john marsha	2
savage1r	2
60 minutes australia devil sacrifice	2
iobit malware fighter 4 key	2
ps4 controller virtual bus driver	2
how to flip a coin across your fingers	2
how to open two league clients at once	2
jumpman lyrics	2
dumbass country song lyrics swing batta batta	2
meghan trainor	2
2005 mustang gt sub frame connectors youtube	2
flaming lay up drills	2
taotronics tt-ah002	2
are psychic abilities real	2
anything goes fallout 3	2
larry wilmore correspondents dinner	2
watch captain america civil war	2
australlian guy lightning girl	2
ford ts50 need for speed	2
can chiropractic help sinus issues	2
but for the blood	2
aventus creed cheap	2
young thug freestyle	2
godzilla resurgence spoilers	2
old kings great hammer	2
jurassic world the game maxed hybrids	2
you tube	4
these girls	2
i want you savage garden lyrics	2
how to operate a troy bilt pressure washer	3
easy video editing software for youtube	2
add snorkel to honda rubicon	2
how do you remove the sim card from a galaxy s5	2
how to turn off tpms light on nissan altima	2
video on cleopatra's life	2
dspgaming	2
youtube gangland	2
game of thrones season 6 episode 3 trailer	2
airliner ws100 smart slate	2
praise is what i do	2
iphone 6 plus free	2
the secret sex life of a single mom	2
how to do eyebrows step by step	2
nipple piercing video	2
got7 fly	2
convertir mp3	2
star wars youtube full movie return of the jedi	2
love live school idol festival ost torrent	2
how can i get designers to see my art work?	2
haiyard	2
houses for sale in hazel green al	2
2 qt round chafing dish	2
216 talisman ave, prichard, al 36610	1
robert merton anomie theory	1
ÏûêÎèôÏ∞®ÏÜ°ÏßÑÍ∞ÄÎ£®Ï†úÍ±∞	1
Ìè¥ÌÅ¨Ï§ÎîîÏ§ rti a1/a3	1
quella et√† maliziosa	1
give the formula of the conjugate base of hso4‚Äì.	1
ÿ¨ÿßŸÖÿπÿ© ÿßŸÑÿØŸÖÿßŸÖ	1
ŸÖŸÜÿ™ÿØŸäÿßÿ™ ÿ≠ŸÑŸàŸÑ ÿßŸÑÿ®ÿ∑ÿßŸÑÿ©	1
"lowe mill" events	1
"durand egyptian crackle glass"	1
"instrumentation" vitrification nuclear waste storage	2
"unfortunately, com.samsung.ipservice has stopped"	1
"allie" "powers" profile	1
27961 us hwy 98 ‚Ä¢ suite 17‚Ä¢ daphne, al‚Ä¢ 36526	1
"blake weaver" arab high school	1
kids‚Äô responsibility board & chore chart system	1
kids‚Äô responsibility board	2
/hgg/ [kiss] „Ç´„Çπ„Çø„É†„É°„Ç§„Éâ3d2 pastebin qzqgcmxx	1
