vizio tv states wifi is disconnected	1
how to slow down sections of video in gopro studio	1
eli5 puppygate	1
www.craigslist.com fairbanks	1
2301 phainopepla cir. wasilla ak	1
how to remove drm from itunes	1
how to .com remove drm from itunes	1
yahoo mail	8
neuronton	1
mxgp 2 free download pc	1
samsung water filter a4113	1
‡∏ï‡∏∏‡πä‡∏Å‡∏ï‡∏≤‡∏•‡∏π‡∏Å‡πÄ‡∏ó‡∏û	1
when can i plant strawberries outside	1
instant/sorcery recursion	1
jungle book	1
alaska mountain facts	1
raws	1
alaska aviation weather	1
kayak nc22 caravan	1
my order from apr 15, 2016	1
flexmls	1
beethoven's 5th symphony	1
romanticism tscience	1
2003 chevy 4l60 hotwire neutral safery switch	1
us passport	2
weird science	2
synonym of partaking	2
matsu collge	2
eve online ships	2
eve online security agent	2
pigmast and beefmast farming simulator 2015	2
farming simulator 2015 mods	2
windows 10 home max ram	2
stanley cup playoff history results	2
how do i know what my starbucks reward is?	2
how to build a shelter from sticks	3
bible verse beaten badly not recognisable as human	2
fast food near westmark fairbanks	2
strip clubs fairbanks	2
nude celebrity pics	2
pizza hut fairbanks	2
urban dictionary ara ara	2
ford e350 vs e450 chassis	2
msrp on forester and sunseeker motorhomes	2
forest river rv 2290s	2
ford e450 specs	2
amtgard a&s tournament	2
free adobe reader	2
average tattoo	2
hitler tried nuremberg	3
college for aerospace engineering	2
12 kingdoms episode 1 sub	2
spirit of bamboo	2
shakespeare-told taming of the shrew	2
bicycle mirrors	2
how to thaw ground beef	2
amazon	6
palmer ak non emergency number trooper	2
spongebob i'm ready gif	2
parallel english and japanese text	2
ascended super saiyan	2
john james audubon	2
axe melee	2
leffen twitter	2
boris peach r34	3
bigbootysarahh	2
kancolle characters	2
black desert online english torrent	2
jab+cross darebee	2
winamp	2
song of the sea torrent	2
book pet trravel online alaska airlines	2
jetblue	2
a1271	2
officemax	2
mount and blade battle map	2
how to downgrade costco membership	2
after defeating miraak what happened to the dragonborn	2
flexsteel bexley sofa	2
paw patrol tour	2
how to use bear grylls fire starter	2
behringer src2496 ultramatch pro	2
family therapy episode 5 recap	2
game of thrones time	2
how much does sunoco racing fuel cost	2
messenger	2
1987 coachmen sd750 cabover camper	2
2008 silver fox 990	3
www.straighttalk.com	2
neil patrick harris astrology	2
melissascaptions.tumbler.com	2
mat su school district	2
which of the following statements about dehydration is not true	2
phoenix	2
small business insurance texas	2
shops for rent dallas	2
jisho	2
blueiris	2
titan panel	2
bike shops anchorage	2
dude looks like a lady	2
alaska marine highway	2
jamie n commons interview	2
larrywilmore whcd	2
mcnulty cant admit hes wrong the wire	2
ram trucks	2
women lower belly sticking out symptom	2
pornhub	2
arctic monkeys - love is a laserquest	2
divided we fall,together we stand!!	2
hentai games	2
zillow	2
worthington ford	2
used cadillac escalade near me	2
ark survival evolved battleye	2
alaska pacific university	2
gci uaa graduation	2
gimp adjust brush size	2
pof	2
cyclobenzaprine dosage high	2
white pill 771 round	2
hagstrom viking guitar	2
are hagstrom guitars good	2
gta 5 interactive map	2
reddit.com overwatch	2
roccat	2
dominos fairbanks	2
weapons corruption of champions	2
wshh	2
wii doesn't show colors	2
amazing race 2016	2
gcss army training	2
gcss army login	2
mmc credential	2
ripley 7	2
restaurant equipment alaska	2
kohl jackets	2
adn	2
10/22 mods	2
google	4
justin gabriel the bunny	2
gay porn	2
potlucker	2
free online magic 8 ball	2
youtube	2
youtube comments not indexed by search engines	2
genten leather japan	2
weekend backpacking gear list	2
fairbanks, ak hospital pollen count	2
nigahiga	2
facebook	8
crescent lake cabin?trackid=sp-006	2
funhaus rainbow six	2
2016 es file explorer broken	2
win 10 turn on updates	2
real black porn	2
my disney experience	2
vinelink	2
best weight gain stacks	3
umbatu	2
mountain hardwear waterproof backpack	2
indica vs sativa	2
spain uni	2
uaa box office	2
receptionist jobs anchorage	2
backpage	2
msn	2
goobie til you french fry song from wario ware	2
doctor my eyes by jackson browne	2
logs	2
squad names	2
nudevista	2
gary taubes	2
record skipping sound	2
aleks	2
brand new car maintenance	2
blousing rubber	2
konwent dziekan?w	1
tarot deck	2
clothing	2
hotmail	2
zoey deutch	2
natural medicine to increase focus	2
thy flesh consumed	2
birch lake alaska part ranger	2
alaska state park ranger contact	2
fred blixt cabin thanksgiving	2
fred blixt cabin	2
black pearl doppler	2
nora riley	2
money supply effect on employment	2
xhamster	2
facebook login	2
5ds examples	2
mature porn pics	2
whooping crane	2
thirty one	2
scrap a doodles	2
craigslist fairbanks	2
real estate weir ms	2
mississipppi state university students who are from carrollton ms	2
idea homeschool fairbanks office	2
gci	2
papa johns	2
p value calculator	2
quiet humidifier amazon	2
porn hub	2
sct tuner	2
walker's cycle of violence	2
cubicle doorbell	2
sky dragon	2
cavalier pfsrd	2
natural health instead of zantac	2
daggerfall basics	2
bella boutique anchorage	2
house finch	2
magpie	2
a wife's needs naruto	2
final fantasy xv	2
california tourist attractions	2
gallbladder attack relief	2
alaska center for alternative lifestyles	2
vs1	2
172p	2
porn	2
brandon bowhay in juneau	2
uaf anlc gwich'in	2
egids	2
megas xlr webrip	2
psych cast	2
uber oakland airport	2
thread was not declared in this scope	2
c++ vector	2
remax anchorage	2
game of thrones season 6 episode 2	2
homecoming harmony: memory of earth orson card audiobook	2
the take argentina	2
fallout 4 bobbleheads locations	2
fallout 4 bobblehead location	2
phobia list	2
any thing, any time, any place, any how army	2
the scottish play	2
chaucer marriage group summary	2
noodlebib	2
coursera	2
kohls	2
free net	2
‰ÂÙÙ˜ÓÌÍË 6 ÒÂÁÓÌ	1
zenith chassis 5537	2
zenith radio models 1940	3
christopher stokowski vermont	2
denali road lotter	2
starbucks careers	2
alison rapp	2
woman masturbating	2
papa doc duvalier	2
what is jerry spinelli's hobbies	2
coolmath	2
streetsboro ohio cici's pizza	2
ch2m hill	2
ace attorney font	2
alaska pta	2
cnn live stream	2
cnn.com	2
three limitations of the scientific method	2
best new xbox one games 2016	2
speak easy	2
www.gcu.edu	2
oil pump shaft leans over	2
dimetrodon ark	2
ark survival evolved wiki	2
best time to take hyaluronic acid supplements	1
konwent dziekan√≥w	1
–¥–µ—Ñ—Ñ—á–æ–Ω–∫–∏ 6 —Å–µ–∑–æ–Ω	1
