how to deal with attention seeking adults	1
golden sun anime	1
how to increase performance on windows laptop	1
sunrise arches national park	1
history of pet corn snakes	1
facebook cant remember password	1
amazon prime	3
casserole dish shattered in oven	1
tiger tank vs m1 abrams	1
taj gibson ejected	1
knights of ren	1
how many acres of cotton are planted in the world	1
cost to grow cotton	1
altier credit union	1
what best takes out stain in leather shoes?	1
sterling treasure	1
cartoon network	2
lincoln welders	1
patio door threshold repair	1
btcruiser rv for sale by owner, az	1
arizonalottery	1
dear annie	1
map	1
throat wheezing when lying down	1
tesla first quarter may 4	1
best glue for inlays mylespaul.com	1
ageing inlays mylespaul.com	1
pickled onions mexican	1
kelly ripa	1
whole foods tucson	1
good looking dark souls 3 character	1
kingman daily miner	1
the federalist	1
í•ì§€ì •ë§¥ë¥ ìˆìˆ 	1
xbox live 12 month	1
hartz	1
psychiatric evaluation test	1
dulce de leche recipe	1
saatchi art	1
uberman	1
kian and jc tour tickets	1
finding a rental house	1
where is twin peaks	1
jack in the box add free veggies	1
how much money can you win in vulcun	1
bet esports usa	1
apa citation generator	1
free solitaire download	1
Ã©cole de la chambre syndicale de la couture parisienne	1
ebaumsworld	1
msn news	1
orgona Ã¡ga	1
stanford draft picks	1
psn network	1
conns furniture	1
google drive	3
corsair utility engine download	1
tahm kench counter	1
ted turner island for sale	1
uhs rc space shuttle	1
andre dawson	1
calculous problems	1
moonlight sonata 3rd movement slower	1
beethoven moonlight sonata 3rd movement slow	1
beethoven moonlight sonata 3rd movement	1
how many protons are there in 2.1 l of liquid water?	1
solve the system dxdt=[âˆ’16âˆ’3200]xdxdt	1
eigenvalue calculator	1
why can't we verify newton's first law of motion in a laboratory	1
the elder scrolls online	1
yahoo mail	4
merkury wall charging station 4 outlet/2 usb ports wall charger	1
obdlink vs konnwei	1
carberry	1
barrio brewery beers	1
chandler school district calendar	1
bed of roses soudtrack	1
picture monkey	1
outlook.com	1
1997 ford ranger front lift kit	1
1997 ford ranger 2wd bilstein shocks	1
lenox silver tray	1
charles lloyd notes from big sur	1
chicago blackhawks after game jackets	1
solitairetime.com	1
sammies ice cream sandwiches chandler	1
turbo dismount	1
11th grade social studies book	1
utorrent	1
best affordable smartwatches	1
smart watches under 100	1
myhabit	1
whats a car tune up	1
maroon bells loop	1
mycigna	1
sierra simmons porn	1
diablo patch stuck	1
(877) 336-2246	1
tied up girl kiddnaped and rapped by a girl	1
sleepy girl get her sock off and feet licked and fucked by a girl	1
is there anything in the kitchen that can be used as a safe anal lube	1
my first premier	1
captain america civil war full movie	1
erased subbed episode 1	1
change ascended stats	1
find people	1
emergency room associates tuc. az.	1
lisinopril cough	1
freeporn	1
best anime of 2015	1
malewarebytes coupon	1
olive branch ministries	1
bosch oil filters	1
odd1sout	1
16223 s 38th pl, phoenix, az 85048	1
tu bichdann instrumental	1
perse definicion	1
to be deep in history is to cease to be protestant	1
key riders icarus	1
two phones mp3 download	1
vk	1
fox sports go	1
novasonic power bank 4200mah	1
ÙØ³ØªØ§Ù† ÙØ±ÙˆØ²Ù†	1
Ø§ÙƒÙ„ ÙŠØ®ÙØ¶ Ø§Ù„Ø³ÙƒØ±	1
chumash casino	1
amelia stardust reviews	1
fresenius jobs	1
windows 10 window update keeps closing	1
public records	1
funnel cake	1
imdb	1
youtube	22
blender sculpting tutorial	1
unity3d tutorials	1
unity3d rotate towards mouse	1
unity3d rotate object towards mouse	2
laws about power of attorney	1
wallace received a 28 percent discount on an item priced at $275. what is the total price that he paid for it?cost after discount = price Ã— (1 â€“ discount percentage)	1
arcana heart 3 love max elsa bnb	1
la casa de cristo	1
me and mrs jones michael buble lyrics	1
disgaea item stats armsman	1
disgae 1 archer	1
aang avatar watch online	1
princess rae runescape	1
mit 8.07	2
calendar	2
xnxx	6
fandango	2
frauke petry	2
bmi calculator for men	2
olympic arms k9-gl	2
cobra freedom fs380	2
netgear router	2
ethnocentrism examples	2
replace all periods size 14 google docs	2
eline media game jam drive	2
property tax records tulare county ca	2
which port to disable to limit youtube	2
puntlandi	2
amateurnudewomen	2
maturedownblouse	2
foxsports	2
hairypussy	2
idaho boise	2
quotes on confoming to social norms	2
true night gary snyder	2
recovery from lost love	2
totem fox	2
3/8-24 ifm to 1/8 npt female	2
outlook 365	2
programming for kids	2
weather radar	4
plasma donations tucson az	2
banana factory	2
craigslist	14
richard golub md 6320 w union hills	2
tornado in holly lake texas	2
tiger direct	2
how to run 2 ssd drives in raid-0	2
820 2nd street otter rock	3
at&t	4
some control criteria, such as employee satisfaction and absenteeism, are applicable to almost any management situation.	2
in which of the following cases is a firm employing multichannel marketing?	2
________ marketing features marketing messages, promotions, and other content delivered to on-the-go consumers through their portable electronic devices.	2
finding your mexican ancestors ryskamp *mobi*	1
san miguel el grande jalisco	2
san miguel, tlazazalca, michoac?n, mexico	1
it's too hot too hot baby	2
how did this get made	2
salem tv mary forced him to swallow her familiar	2
flagstaff az downtown shops	3
how to set a printer as deault for a specific program	2
microbiology unknown lab report	2
rocky point frommer's	2
safeco insurance	2
senran kagura: estival versus	2
ted bundy survivors	2
roaring 20s webquest answers	2
titan mueseum	2
was hillary clinton's private email server illegal	2
surrender at 20	4
chrysler build sheet	2
phone wrist strap	2
josh gates	2
sallie mae	2
how do you delete photos on your iphone	2
minnesota twins	2
trowers	2
walther g22 parts list	2
comfort inn truth or consequences	2
proposal usaha	2
hotmail	6
koat	2
ford focus window doesn't work	2
pizza hut promo codes	2
epicurus knowledge	2
game of thrones 6	2
what are ther top free to play mmos	2
hentai cream pie	3
catfish	2
arizona lottery	4
intel hd graphics 3000 (dell) specs	2
skiers french toast	2
funimation	2
neil degrasse tyson galaxy	2
zayn malik pillow talk album download	2
jodi picoult my sister's keeper sparknotes	2
how to tell sex 1 to 2 month chickens	2
fiverr	2
hbo go	4
twitch rp	2
abc go	2
valkyrie crusade debuff team	2
close gap in upper chest	2
please no stop reddit.com/r/cunnilingus	2
post apocalyptic movies	2
margot robbie nude	2
baron capital management	2
r league of legends	2
best new car deals phoenix az	2
instantiate	2
fix trying to connect to microsoft exchange windows vista	2
how to take yourself out of a group conversation	2
ebay	11
home depot pipe prices	2
home depot heat resistant sealant	2
allen theaters farmington nm	2
mens fitness	2
efemerides del mes de mayo	2
dia del trabajo	2
baby names for girls with r	2
terrasavr	2
chris cornell	2
what does a ceo of nonprofit organization do?	2
wells fargo	4
how does white vinegar make an egg bounce	2
leveling up in dragon age inquisition	2
summit hut tucson	2
single rope rappeling with munter hitch	2
e-mail rnc	2
how to integrate with facebook programmatically	2
wshh	2
mark twain's helpful hints for good living	2
how to shave your face	2
razer deathadder 2013 driver software	2
renekton build	2
cool math	2
rick and morty season 2	2
cara cek kuota paket indosat ooredoo	2
papa johns promo codes	2
determining 3 unit moving average from table	2
music you tube	2
spirit airlines	2
i believe in essay examples	2
port to org in moonglade	2
secular haze	2
age of wonders 3 necromancer	2
game of thrones	4
deadspin	2
mmorpg	2
abcya	2
navient log in	2
she'll be comin round the mountain when she comes sheet music	2
technology companies in littleton col	2
codigo de activacion avast 2016	2
tom hardy band of brother sex scene	2
tucson folk festival	2
calculate the consumers' surplus at the indicated unit price p for the demand equation	2
my asu	3
diy windshield washer fluid	2
walmart	5
march networkd evidence viewer	2
top rated no contract cell phone plans	2
hatteras yachts	2
the paramount hotel nyc	2
nike	3
sony xbr75x910c tv, backlight optical problem	2
paul the apostle	2
real estate settlement procedures act.	2
adventure capitalist hacked apk	2
street fighter alpha art cammy	2
residential sprinkler company mesa. az	2
2009 yamaha r6 for sale az	2
jacksepticeye skate 3	2
ketchup recipe for canning	3
actual photos of earth	2
nicholas brothers	2
venezuela hikes minimum wage 30 percent amid economic crunch	2
factor x^3+y^3	2
sierra vsta craigslist	2
mega everdrive	2
model f keyboards project	2
asu ap test credit	2
"sceptre u435cv-u 43"" 4k ultra hd 2160p 60hz led hdtv"	1
star trek ride	2
zip forms plus	2
can you track your tax return?	2
lentil chips recipe	2
ruger 22 22 mag revolver	2
on which of the following issues did lincoln and davis most strongly disagree quizlet	2
during a special state convention in december of 1860 south carolina voted to	2
why did general lee fail during his last stand at the appomattox court house?	2
world market	2
dangers hard stool dogs	2
the bonnie song	2
everything about b positive blood type	2
special economic zones	2
one india telugu	2
amd display driver stopped responding	2
graphic driver for windows 10	2
free movie downloads	2
review jill miller book	2
daniela lopez	2
mediaite	2
tucson news radar forecast	2
american airline	2
sonora quest	2
what's the best cement for laying vertical	2
side effects of venlafaxine	2
amazon cloud	2
thesaurus	4
albert ross atlantic, iowa	2
dolphin opengl or direct3d11	2
agentjet	2
[h]e would grab that other dog jest by the j’int of his hind leg and freeze to it—not chaw, you understand, ...	1
in the play the diary of anne frank, which material possession does mrs. van daan hold on to as she reminisces about her past?	2
which of the following adjective forms compares only two people, places, or things	2
maria grazia bongiorni	2
ravenloft	2
d&d holy water vial	2
google docs	6
bacopa monnieri	2
tthe conflict over led to the first political partiess	2
you tube	4
magic kingdom rides map	2
spbu kode 33 jakarta	2
slitherio	2
gamestop	4
????? ?????????	1
ap statistics project examples	2
ap statistics project prezis	2
2949 w agua fria fwy	2
bartlet lake swim race	2
homasy wireless doorbell kit	2
dior airflash	2
target outdoor furniture	2
walmart garden center	2
tie hyderabad	2
slump block residential typical detail	3
8x4x16 cmu 2x4 insulation wall detail	2
no meghan trainor	2
teclado casio ctk 4400	2
adan y eva rembrandt	2
nova-lumos	2
gurochan	4
fightfantasies	2
erotic studio ad	2
warhammer 40k how tall is the emperor	2
beethoven 9 symphony score	2
ripa quitting live?	2
why won't synctunes scan my music	2
8513 e mariposa dr scottsdale, az 85251-1828	2
ua database	2
43 tarot card	2
amount of money spent on terminally ill patients	2
snowden rubik's cube	2
2 man laser sailboat	2
lowes	2
why does the temperature in the stratosphere increase	2
royal sovereign air conditioner pac-3012 installation	2
the meltig pot	2
rear view mirror with clock	2
phoenix backpage guns	2
do not go softly into the night interssteller quote	2
hobby led lights for sale	3
skinny asian japanese chinese women	2
itunes	2
ljubljana university	2
grace davidson	2
chinese to english	2
how long to receive receipt after change of address with uscis?	2
lottery numbers	2
pranks	2
ocean pollution mining	2
ocean pollution sunscreen	2
rick and morty season 1 episode 10	2
facebook	27
number of bird species in arizona	2
breitbart	2
coupons for poolsupply.com	2
lesley-ann brandt	2
mrtal roofs	3
cinepolis nogales	2
bivariate choropleth maps	2
us interstates busiest map	2
weather radar gov	2
backpage guns az	2
dropbox	2
saks fifth avenue	2
kilroy was here	2
prca	2
madiso enterprise	2
in search of space	2
tunein progressive radio	2
diy motorized roller shades	2
seether	2
what does a portable 10 gallon water jug cost	2
"ian stewart ""what is mathematics"""	1
century centurion b123	6
pool supply store mesa a	2
book xvi vocabulary	2
fighting game terms	2
wpc 101 asu	2
how to make a guitar bong	2
how do we laugh physically	2
veyo	2
az weekly unemployment	2
debian	2
what does career credit noncredit mean maricopa community college	2
pudue owl	2
did prince die of aids	2
what are transitions	2
st joseph the worker feast day	2
flowers lakewood wa	2
scholastic reading club coupon	2
quantum byte.com	2
legal twinks videos	2
googledoc	2
damascus folding knives	2
classic industries	2
david ray parker prezi	2
who sings bushes of love	2
www.gnula.nu	2
dr dre	2
association vs aggregation	2
gmail	13
evernote	2
alice through the looking glass	2
ihome vanity speaker	2
mr bug weber manifolds	2
install above ground pool without sand	2
install intex above ground pool	2
coleman sleeping bag temperature ratings 8185b559	2
the patriot full movie	4
kaelyn 7 super girl age	2
palm desert ca churches	2
brother mfc 7420 drum reset	2
turkens for sale in arizona	2
google maps	8
motherboard amd processor compatibility desktop	2
self contained fitness tracker	2
animaniacs pins	2
palcomix	2
correspondents dinner 2016	2
cox webmail	2
hamish daud	2
oka antara	2
rainie yang	2
gfriend sopa	2
rate of fire gothic fleet	2
battlefleet gothic armada planner	2
battlefleet gothic armada wiki	2
battlefleet gothic armada co op	2
aow3 crusader	2
gold level vayne mechanics	2
polla	2
forsaken dkp	2
why is eating healthy so difficult	2
shingles	2
rash on wrist and palm of hand	2
attorneys los angeles transfer conservatorship	2
how to check your mmr in league	2
wrestling articles	2
480-270-8786	2
rocky mountain vw parts	2
how to do adult coloring books site:youtube.com	2
how do you use watercolor pencils correctly	2
sort aa vector c++	2
weatehrbug	2
canvas	2
osrs	2
paragon	2
spin me around les nerds	2
true blood shep smith	2
maybe this time 1991	2
youtube stolen life bette davis full movie	2
man drake soup	2
joseph scotts	2
u.s army mos with highest casualty rates	2
ms. monarch naked	2
how to turn system from 32x to 64x	2
download windows 7 installation disc	2
carl's jr. biscuit recipe	2
girl blackmailed fucked	2
doggy style on ice skates videp	2
doggy style in boxin ring	2
doggy style bent over bar	2
c5n	2
gallery owner abuse	2
saylor guilliams	2
chuck mclean	2
tituss burgess pinot noir	2
does mayonaise have gluten	2
jim butcher	2
musicians friend	2
jennifer lawrence	2
final grade calculator	2
shutterfly	2
minecraft mods 1.9	2
snakes don't need boots	2
cassiopeia rework 2016 reddit	2
urban dic	2
rolls of labels printed	2
mapquest	4
maclovelingerie	2
tomtom waypoints	2
n hentai	2
7 habits of highly effective people	2
aces fmcna charting	2
nick.jr	2
pokemon showdown	2
laptops newegg	2
feel good inc itunes	2
hogs of war pc	2
hogs of war psx iso	2
isbn 9781285100654	2
ants and men pbs	2
aveda prescott valley az	2
roadmaster anti sway bar reviews	2
automeris io in florida	2
why were you not asked to predict whether or not an ion is polar	2
lancaster archery	2
ark survival evolved wiki	2
akinator	2
mary lou rivera phoenix az	2
horny teens	2
nympho	2
jaimie alexander naked	2
prolog keywords	2
worst product ideas of all time	2
bobby hense	2
halfourdeen	2
.458 for lever action marlin	2
evga step up	2
sangho chae	2
3sixteen jacquard	2
student vue	3
amd 15.7.1 windows 10	2
dark souls outrider set	2
huntington beach hotel	2
how many years until the sun dies?	2
idol worship dragon's dogma	2
lance 851 truck camper	2
can't hear bfd2 in pro tools unless	2
xplorer360	2
2008 ford escape seats	2
take seats from one car and put in another	2
thumbs up in japan	2
google scholar	2
prince william and kate	2
princess charlotte of monaco	2
scrabble cheat	2
chemical brothers	2
open table	2
bausch and lomb peroxiclear	2
mundane definition	2
ascaris roundworm	2
ascii table c++	2
c++ convert txt file to binary	2
jenna bears foundation	2
best ar 15 magazines	2
botach tactical coupon	2
how to set up my skull candy head phones	2
kmart	2
heat and ice	2
apa format	3
from begining to end mary kay process	2
where is the wholesaler located in dallas mary kay cosmetics	2
installation of 888733t02	2
jvc gz-mg130	2
netsilik patrilocal	2
wikipedia simple english	2
copper inuit	2
napa cabbage recipes	2
skype	2
smite characters	2
shake n bake method	2
laws meth possession	2
cheapest bullpup	2
google dox	2
cox communications	2
renting sewer inspection camera arizona	2
ni-nta magnetic beads qiagen	2
480 area code	2
who sings chasing cars	2
craigslist prescott	2
silver labs puppies for sale	2
bridal shower etiquette	2
dayz maps	2
videobox updates	2
nonton online project dinosaurus	2
fallout 4 fanfiction	2
full sun phoenix plants	3
el con theater	2
apple ipod 3rd generation 8gb	2
veil of ignorance	2
tiger haynes	2
my immortal fanfic	2
gender identity disorder	2
typhoon vs hurricane	2
steam shovel book	2
walmart dead space apparel	2
dark souls 3 crow	2
elizabeth farr albertsons	2
home depot rentals oakland ca	2
how does the recession affect union members from strikes	2
the great recession and strikes	2
hrm and strikes and the great recession	2
covenants vs equitable servitudes	2
karbala	2
two gentlemen of verona quotes	2
similar to final draft	2
access limit query output	3
arizona department of revenue	2
comfort slippers	2
comfort slippers by tempur-pedic	2
revolution rock blog	2
willards wormholes	2
steely dan uloz	2
charlie and the great glass elevator	2
lifelock	2
smashburger	2
universal precautions	2
p-d-c-a process improvement model	2
netflix	5
bonnie's mixtape	4
xephos	2
tearofgrace	2
m3rkmus1c	2
www.penginapan murah dibaleendah bandung.com	2
high end consignment furniture	2
gmail login	2
best value for a cordless drill	2
heroes of the storm heroes	2
man fopen	2
where to find service for xinetd	2
how to set environment variables for entire unix system using container system	2
pinterest	6
gay anime	2
target	2
cooks.com smoothie recipes	2
best strawberry banana smoothie	2
butterfly express	2
person of interest	2
lisa piovesan arrest record	2
celia	2
mage robes in dragon age inquisition	2
roots of fight	2
mass effect 3 will not connect to ea servers	3
alliance network mass effect	2
sears serial number lookup	2
what are the filler episodes in naruto	2
recycled glass countertops	2
the simpsons tapped out	2
ftb auto watering can	3
accuweather sedona	2
homemade passed out mom	2
passed out mom played with	3
windows 7 tiny install	2
2016 top singles site:youtube.com	2
you tube.com	2
python rectangle class	2
top speed yxz1000r	2
selfshothaven	2
xposed marshmallow	2
habitat tolerance along with a species geographic range and the species local population size determine a species commonness or rarity. true false	2
soil ph is a measure of the acidity or alkalinity of the soil. true false	2
sharing files between two computers on the same network	2
viewsonic ku520 sound	2
apartments phoenix	2
amazon hot toys winter soldier civil war	2
fiberglass rv	2
papa johns	4
ls tractor	2
writeyouare	2
how to install brother printer hl-2270dw	2
is there anyone so wise as to learn by the experience of others meaning	2
car prices in usa	2
cgcc	2
zul'aman raid bosses explained	2
kintaro mechspecs	2
lexington academy arizona	2
arizona state math standards	2
cost of cochlear implant	2
sample behavior intervention plan for emotionally disturbed students	2
coxwebmail	2
south carolina state motto	2
holiday inn express phoenix	2
what holiday inn is near vee quiva csino	2
horizontal waterfall	2
crescent axe dark souls 3	2
dancer's enchanted swords	2
ravenspade	2
streamate	2
louis vuitton stores	2
www.hotmail.com	2
mauricio garces wikipedia	2
pay pal	2
selling prescriptions illegal	2
cartoon network games	2
pc access 3 leviton bitwise	2
canis major myth	2
hanabi hyguga lemon	2
kaibab lake	2
buy bathroom cabinet only	2
buy bathroom cabinet door only	2
zumba classes, tucson	2
tucson raquet club	2
family history	2
jungangilbo	2
prankow	2
aol mail	2
xb-70	2
type in wingdings	2
wingding text	2
curley's wife quotes	2
realtek usb wireless lan utility windows 10	2
doxepin hcl liquid for sleep	2
ccl scam	2
how to make 10 dollars in 2 minutes	2
redondo towers	2
price of spherical gold nanoparticles	2
daftar pabrik penerima kotoran daerah gresik	2
symetra.com	2
forest riverstravel trailers in flagstaff arizona	2
some people see him james taylor	2
polar express when christmas comes to town sheet music	2
patricia krenwinkel	2
y=a+bx which best approximates the data points calculator	2
row echelon form calculator	2
most inspiring books	2
jewels of the sun	2
book girl run away hike appalachians mother	2
miranda kerr grace tales	2
inspiring movies	2
the cove movie	2
tinyumbrella	2
at&t trade in	2
kohl's	2
museum of northern arizona\	2
lost boy lyrics	2
810 s marion aven w, bremerton, wa 98312	2
craigslist phoenix	6
imr 7977 for sale	2
vipbox	2
inode number	2
sanjay gandhi national park	2
10 top bareback gangbang	2
fred nielson ypc	2
chihiro fujisaki	2
black spot on figures	2
friend or follow.	2
my earlobe has a dent	2
area of a regular octagon with apothem calculator	2
horseshoes and hand grenades hotdogs	2
perfect	2
do you have to be a youtube partner to get rewards	2
allie catcher in the rye	2
beef stroganoff ground beef	2
the totems of hircine lorebook	2
orange tb500h amazon	2
new mexico workforce solutions	2
the tell tale heart	2
alif, lam, meem.	2
uscis case status	2
arizona rocket league lan	2
arizona lan finder	2
gmail new account create	2
1800 n. camino pio decimo	2
honda dealers phoenix	2
authentichappiness	2
mature nudes	2
3d quadcopter	2
voltage 500 3d quadcopter rx-r au	2
smsf bank account au	2
2017 yz450f	2
southwest healthcare credit union	2
making transmission cooler lines rubber	2
fry bread house	2
did obama tell marines not to praise jesus in public?	2
taylor wheeldin	2
google how often to post on facebook	2
summit center	2
dr g shows online	2
charles munger pasadena, ca	2
outlaw star amazon	2
cypermethrethrum for african bees	2
bee killer spray homemade	2
what kills bees instantly	2
why was aphrodite important	2
cool facts about aphrodite	2
lower receiver ar15	2
raw life farms	2
phoenix realtors association	2
free fix slow comuter	2
usahire_support@panpowered.com	2
crazy craft	2
tillys	2
5 worst foods to eat to lose weight	2
4k laptop	2
how to remove a ring off a swollen finger	2
wrestling ryona xvideos	2
free cd burning software for windows 10	2
lance haffner full count baseball park factors	2
lady of shalott theme	2
amazon glider	2
arizona western college	2
facebook login	8
free porn	2
dress	2
escherichia coli	2
dish latino vs directv	2
indeed yuma	2
therapy dog certification phoenix az	3
residence hall association university of arizona	2
pascha 2016	2
when the federal reserve system wants to increase the money supply, which of the following actions would the fed choose?	2
according to keynesians, for monetary policy to have a stimulative effect on gdp, a(n):	2
the health insurance portability and accountability act	2
marriott	2
battlenet issues 5/1/2016	2
value of vintage clay marbles	2
coconino county assessor tx	2
supercharger	2
primitive technology	2
irithyll dungeon	2
google slides	4
vladok kill six billion demons	2
regular show clock song mp3	2
twitter	4
2-1 map branching	2
staples scanner	2
buzzfeed	2
simpsons planet of the apes musical	2
john petrucci	2
reverso	2
chemicals put in weed	2
mymathlab	2
heuristics	2
why is government assistance good for people	2
the proper way to say you are laying down	2
how to delete a microsoft account	2
drobox	2
drudgereport	2
ebay?trackid=sp-006	2
blaupunt?trackid	2
how to answer how are you	2
msn	4
nissan drum brake tool	2
mlp season 6 episode 6	2
blade runner lore	2
colette pear	2
sarah parker purepov	2
craigs list kingman jobs	2
accuweather	2
pandora	3
lacey chabert	2
dolores umbridge	2
game of thrones season 6 ep 2 reaction	2
pussy feels good	2
whitney wisconsin lesbian tumblr	2
lesbian tumblr	2
town of salem	4
bmo harris login	2
frys dback rewards 2015	2
printable 2016 nfl bye weeks	2
home depot	5
at my law firm knew ted cruz and	2
in text reference ieee	2
prasiolite	2
flights dfw to baton rouge	2
kickasstorrent.so	2
vegas coupons	2
san clemente coroners office	2
the flash theme song	2
nonton film forzen	2
nonton sex movies	2
‘mcbusters	1
mcdonaldland	2
red plastic cap plugs	2
can humans hear 36000 htz	2
abbotsford british columbia	2
hotels near gateway airport	2
plastic decks home depot	2
ancap flag	2
transplanting fig tree	2
american express	2
high waist skirt bikini bottom	2
city data overton nevada	2
air taxi service las vegas	2
baby sprinkle sayings	2
conor michael flynn	2
www.cntraveler.com/vote	2
days to xmas from may 1, 2016	2
tarmls	2
pasion y poder 1988	2
que beneficios da el gobierno de estados unidos en cuestiones de educacion	2
on the run game	2
o'shea jackson jr	2
youtb	2
metronome	2
darius build	2
gop stands for	2
myanmar	2
cinemasins	2
halo 2 anniversary soundtrack	2
rasio risiko bank	2
rasio permodalan	2
linkedin	2
z probe setup	3
thomas rucker contractor	1
lord of loathing	2
buy everquest krono	2
party city	2
supernatural season 5	2
klearaction	2
lol server is it down	2
nau bb learn	2
bibme	2
peer reviewed articles about how to tell if someone likes you through non verbal cues	2
high cfm box fan	2
u12100 cfm	2
hydroponics	2
custom patch military	2
watch tommy free online	2
chasseurs ardennais 40	2
state ship	2
earpollution headphones not working correctly	2
my headphones are dying	2
4mm brads	2
australian cattle dog	2
freeze blackberries?	2
????? ???? ??????	1
homelite 14 string trimmer	2
4602 west ajo way, tucson, az	2
which chickens lay blue eggs	2
jon snow	2
gcu login	2
is bluetooth capitalized	2
google play apk	2
google play store mobile site	2
chlamydia psittacii	2
radio disney music awards 2016 winners	2
garczegorze	2
journalwatcher	2
roblox how to automatic promote in groups	2
steam	2
dru	2
djs tractor	2
ps3 cheat codes	2
spmc	2
yupptv	2
who drafted mcaffery from standford	2
16 year old girl beat in school	2
the unit jersey shore	2
deena jersey shore first episode	2
jwoww tom	2
dogs barking tempe	2
what organizations are against abortion	2
warframe	2
campbell inn campbell ca	2
yelp cafe artemis campbell	2
desert vista behavioral health	2
taxi fare midway to whitehall hotel chicago	2
mkv to mp4	2
how many americans died in 2002	2
1.7.10 shaders	2
how long did it take to build your pool	2
8muses	2
black desert online energy	2
bdo best witch accessories	2
captain chaos costume	2
the very hungry caterpillar torrent	2
very hungry caterpillar pdf torrent	2
partsdr review	2
common fertility drugs	2
leah stardew valley	2
cody coltharp artist	2
punk 80s haircut	2
does brown university rescind admission	2
cardiff by the sea lodge	2
condos for rent/mesa,az	3
condos for rent/tempe,az	2
news of bernie sanders	2
gospel principles lesson 28	3
gospel principles service	2
satanic holidays	2
10250kv	2
duane kuhlow death	2
diy arcade cabinet	2
beer can delivery system	2
quantum leap	2
steelbrick community	2
quando bate aquela saudade	2
cottage vacation rentals uk	2
car hire rye uk	2
subaru xv crosstrek performance parts	2
leadbeater's sugar glider diet	2
consumer report toaster oven	2
how to install leds in a computer	2
what is it called when money loses value	2
bryce badaruddin	2
delegate count	2
hypixel or mineplex	2
will an elliptical build muscle	2
www.wisconsinstatejournal.com	2
ecampus	2
processing creating a sequence	2
ps2 to ps3 memory card reader	2
6902 w country gables dr, peoria, az 85381	2
renewal centers	2
where is windows update in win 10	2
earl blumenauer for congress	2
united airlines	2
public sex videos	2
things to do with super magnets	2
pima rd thomas to indian school	2
timothy egan author	2
jared goff	2
love parameter	2
old school runescape	2
phx craigslist	2
access chapter 6 grader* project homework 1 (chapter capstone exercise) drivers and insurance	2
excel chapter 12 grader project	2
cis 120 excel chapter 12 grader project	2
you	2
hanged man gods	2
barley/cock cockswain	2
most viewed kpop mv	2
zits comic	2
505 e. huron, ann arbor, suite 208	2
the venture bros. tanks for nuthin'	2
link	2
10 best jazz guitars	2
radiology ltd	2
petition support target store	2
azcentral	2
brazil's geography note	2
how to format a cd	2
tarot.com	2
fantasy forecaster	2
what is the difference between mount zion and mount moriah	2
seattle times	2
windows 10 start menu not opening	2
what kind of impact does repetition make in a poem	2
irongeek thumbscrew	2
bill nye	2
pbe	2
tiny houses phoenix arizona	2
what time is payback 2016	2
ge hent	2
free win t pro activation key	2
google	11
razer update manager unable to update - please check if your internet is connected	2
ratu arab hot	2
pizza hut	2
new moon in may 2016	2
the 100 season 3 episode 6 online free	2
easy sugar cookie recipe	2
usana reviews	2
is asu better than u of a	2
sandra brown texas trilogy	4
ringling brothers	2
dog saared of cat	2
fear	2
blood	2
why do shows make fun of arizona	2
piratebay	6
hexagonal prism surface area	2
dark souls 1 where to go from firelink shrine	2
tv show just josh simon le bon	2
id90	2
youtube snoopy dancing	2
rookie blue	2
pinch punch first of the month rules	2
ptcb	2
ov 10a bronco	2
isis theme song lyrics	2
word art	2
cyanide and happiness gonna get laid	2
gershom salmon	2
how to use chopsticks	2
mother's day may 8	2
dark souls 3 wiki	4
club penguin	2
chaturbate cam	2
a uniform, aluminum beam 9.00 m long, weighing 300 n, rests symmetrically on two supports 5.00 m apart. a boy weighing 600 n starts at point a and walks toward the right. (figure 1)	2
batman series starring adam west	2
abc bartending	2
3 bow top bimini boat cover come in yellow color -$106.72	2
new homes for sale in vista, ca	2
homes for sale in south vista, ca	2
homes for sale near tamarack ave., carlsbad, ca	3
elegant living room ideas	2
sweet tomatos	2
urban outfitters	2
resistance game	2
openoffice 5.0 calc keeps crashing	2
doctor beats up uber driver	2
porn test to determine sexuality	2
office sex	4
office orgy	2
nec az bill pay	2
vizio tv m321i-a2 bluetooth section	2
where is the bluetooth section vizio tv m321i-a2	2
spoon restuarant 1785 west lake blvd (behind west shore sports) sunnyside, tahoe city, california 96145	2
vacation rentals tahoe city ca	2
az cardinals	2
a food employee has diarrhea in arizona	2
fort ord tce water contamination	2
omelette recipe	2
drew pomeranz	2
what is hdmi out sub	2
abc	2
colleen camp boobs	2
walmart pima scottsdale facebook	2
cw	2
elizabeth olsen boobs	2
scot rubin	2
rouge legacy	2
euler vs newton	2
hotel california guitar solo	2
tetris	2
5122 e shea boulevard #2166 scottsdale, az	2
palmbrook country club	2
reset all windows network settings to default windows 10	2
panting ender pearls	2
jacksepticeye	2
apa itu chief engineer	2
kegunaan sistem minimum	2
proyek arduino mega 2560	2
arduino ir remote youtube	2
flight from phoenix to los angeles may 8th	2
facebook text art fairy	2
mother's day 2016	2
fafsa eligibility income chart	2
how to warm up scrambled eggs	2
swiss army lancer 100 watch band	2
butterfly moth	2
hospice the antlers	2
sports zroe love	2
???	1
joshua speed & abraham lincoln	2
christians and jews in the middle east pdf	2
97 ranger ac heat shield	2
bangladesh central bank hacked	2
kkk phone number	2
southwest	2
guinevere logan, green forest, ar	2
this new method of treatment would kill cancer from the inside out	2
kingsburg braided rug	2
antiques roadshow bbc	2
dominos	2
where does arizona get its water	2
what flowers have 4 petals	2
unity pixel coordinates to world coordinates	2
euphyllia heads come back>	2
tips for coral growth	2
1910 fires science	2
safeway monopoly	2
leicester city	2
diane by fromm twist-flex rods	2
littlesubgirl	2
"universidade estadual paulista ""j?lio de mesquita filho"" email"	1
abella webcam	2
team clg red	2
clg red esports	2
womens shoes	2
compact meat slicer	2
?? meaning	1
??????????	1
visa to germany with japanese passport	2
visual studio 2015	2
child used in terrorist attack	2
how to become a warrior	2
swindled	2
aj white elephant glitch	2
obama trump	2
how do i know vvt solenoid is bad	2
mark wahlberg eric bana	2
cox internet	2
olsen twins nude	2
is honey bad for cats	2
compton california rent rates	2
redbox	2
watch comic book men online free	2
g & g hawk knives	2
ace hardweare	2
cuba open borders	2
obama speech 4/30/16	2
normalboots	2
lowest rated imdb	2
what to get colleages for birthday	2
marisa coen	3
lt. col. gregory bliss	2
arizona bmw motorcycle club	2
weck mold jar	2
usb to rj45 cable	2
will there be a season 2 of mr robot	2
how to convert .duc to sav for r4	2
.duc to r4 not working	2
thursday 1998 movie	2
target bakery	2
raspberry pi run sabnzbd	2
amazon	7
how to draft an email to people and explain i will respond as soon as possible	2
wood wine racks	2
wiggles	2
xmovies8	2
ecomp	2
hot love scenes in romance novels excerpts	2
tucson downtown dispensary	2
hotmail.com	2
kelly divine	2
shadows over innistrad pro tour 2016 decklists	2
cyberpunk 2077	2
the word shaker	2
essential oils	2
mr roboto	2
bulanti	2
dedicated wam	2
it's current year	2
royce da 5'9 ?– boom / soldier's story torrent	1
zac curtis	2
buy used randall diavlo rd100	2
games	2
custom off the shoulder shirts	2
gran bay apartments jacksonville fl	2
st augustine at the lake apartments	2
fitness lab jax inc	2
circuits ti nspire	2
ti nspire rotational motion	2
christina robinson	2
chinese myth nian monster	2
ceramics teapot	2
pepboys near me	2
source sdk change texture with trigger	2
new lea michele music	2
phantasy star	2
nick jonas	2
powerpuff girls twerking	2
arizona quality pool service and repair, llc gilbert	2
military appreciatin day	2
gimp photo editor	3
lease vs buy cars pros and cons	2
wallstreet journal lesbian firefighter lawsuit	2
kahoot.create	2
employment agencies	2
illiustrator custom brushes	2
moobot	2
epson.com	2
iron maiden	2
ryan michael women's western shirts	2
windows 10 usb/dvd download tool	2
image mastering api v2 free download for windows xp 32 bit	2
its finally done, showlow	2
charming charlies	2
finding your roots season 2	2
when are layer 2/3 cortex neurons born in neurogenesis	2
gabriel supernatural	2
the adventures of tintin: the secret of the unicorn	2
gayvideos	2
shopzilly coupon	2
ikea tempe	2
thedaboki twitter	2
captain america coloring pages	2
captain america black and white images	2
best cure for jock itch	2
using microsoft word to create frequently asked questions	2
henry ward beecher	2
jaundice	2
taliyah champion	2
gloves in a bottle	2
cewek cina indonesia bugil	3
sex shop medan	2
amazon sex doll	2
berk	2
travelocity coupon	2
dollar tree	2
craigslist tucson	2
2001 chevrolet corvette turn signal light	2
where is a free download for san andreas that doesn't require torrenting	2
7 zip download	2
diablo man prodder	2
pop comicon gizmo	2
cinemark 16	2
goggle docs	2
boogie blacklisted gamergate	2
samsung refrigerator control panel shows o ff	2
cancer colloidal silver	2
papillon grand canyon meteo	2
sort words by language	2
ual	2
boutique hotel can alomar palma de mallorca	2
dolldivine	2
what not to eat with gerd	2
dutch bros	2
whispers of the old gods zoolock	2
nextrio tucson az	2
scissors rox paper	2
chechen circle dance	2
war boys warriors	2
non chocolate	2
potenshaa oil	2
emerald dry roasted almonds	2
paper cube template	2
cox mail imap settings	2
clash of clans	2
pogo	2
ace of swords	2
elefront rhino	2
watch spy online free	2
dominant women tumblr	2
southwest airlines	2
ranking the nfl draft by team	2
top songs 1956	2
top songs 1960	2
top songs 1961	2
top songs 1966	2
mini vci j2534 driver	2
gamedebate	2
tennessee titans draft picks	2
irobot braava jet 240 vs 320	2
irobot braava jet 240 deal	2
what is lenovo service bridge	2
danby dmw7700bldb 0.7 cu. ft. microwave oven - black	2
certified oem replacement water filter edr2rxd1 filter 2	2
fridgidaire 134051200	2
harkins theater yuma	2
batman arkham city windows error	2
maghda diablo 3	2
diablo lightning mage	2
diablo 3 lightning mage	2
vegan french toast	2
area shape calculator	2
can you renew an expired passport	2
form ds-82	2
emma stone siblings	2
wheel of fortune coin pusher manual	2
suzo happ	2
uv eraser	2
newark electronics	2
weather	4
wayfair	2
calvary chapel surprise az	2
calvary	2
is it difficult to get salvage title from ca to az?	2
nylt bsa csp flap	2
can plex play aac files	2
can i run it	2
are alibaba products real	2
fart fetish forum gina marie	2
lunacappi	2
game of thrones dany	2
cannabis	2
how do you decribe growing up	3
how do you describe growing up	2
how to smoke a whole spatchcocked chicken	2
number 4 in chinese culture	2
gay tauren	2
gay draenei	2
hd hotwife group tubes	2
rocco siffredi interracial tubes	2
airpark consignment	2
big joe happiness exchange	2
hoia baciu forest	2
waybig	2
prince	8
ayaros twitter	2
pinoyhdreplay.me	2
tax planning strategies	2
provide a plot of the free damped response measured by the data acquisition system as well as a table with the 10 values of consecutive	2
fastq.com webmail	2
crime in downtown erie pa	2
leave britney alone	2
paul laviolette	2
my roommate had a party, my stuff was stolen	2
kob	2
self help system definition international relations	2
then highlight and very briefly sketch the “four p’s” – the aspects of history that, according to ashley, neorealist theory excludes from our thinking.	1
black gold overdrive	2
how to do molar concentration particle diagram	2
what does parental support look like college transition	2
michael bloomberg	2
michael bloomberg speech	3
no poise in dark souls 3	2
fitness coaching when not a licensed trainer	2
using godaddy to get domain	2
pvlearners	2
mindy kaling	2
ecological debt	2
brundtland commission	2
indian bend wash	2
september carrino	2
8muses sharing	2
humiliation tumblr	2
fb loading very slow	2
vocalistabpanda	2
vwr model 2015 growth chamber city	2
2017 gtr	2
arcadia villa apartments	2
tampico apartments	3
problogger jobs	2
resume adjectives	2
• superior exemplary synonym	1
diverse synonym	2
describe sales persons duties	2
how much work experience on a resume	2
how much info on each section of resume	2
cutting edge future tech	2
best dot crosshair cs go	2
europa park entry fee at park	2
wildlands emmen	2
idrive	2
xbox one backwards compatibility list	2
high nine clothing	2
happy wheels	2
q.e.d.	2
average wage for college graduates	2
2007 polaris ranger 700 specs	2
reanimator legacy red black blue	2
nicol bolas casual deck	2
draw spells from khans of tarkir	2
jac penny	2
season 1 episode 13 how to get away murder	2
singer sewing machine	3
cool youtube logo	2
emt training phoenix	2
james wan twitter	2
epgy seas	2
android 6 custom rom for galaxy s3	2
ventana estates mesa	2
cosmetic surgery presentation	2
plastic surgery of the face: based on selected cases of war injuries of the face including burns	2
katy perry songs	2
nfrc	2
12439 st andrew dr e, sun city, az	2
income based housing for seniors mesa az	2
dspgaming	2
my maricopa	2
arizona ostrich farm	2
restaurants near recker and mcdowell	2
gray naples grommet-top bamboo panel	2
humanis policlub	2
clockwork empires	2
jackknife car	2
arizona powerball	2
cheapoair	2
mole chase parts	2
numbrix	2
mini chandelier	2
power couple streaming	2
parnate	2
powerball	6
phoenix light rail pass	2
san sonoma pay rent	2
cox pay bill	2
brazilian blowout promo code	2
celebrity tanning gilbert az phone number	2
urban pictionary	2
passagem phoenix fortaleza	2
avianca	2
chaotic online	2
navy band christmas concert	2
tucson to palm springs flights	2
tucson to palm springs bus	2
zg bag quest	2
harkins tempe	2
arizona daily independent	2
singer model 99k serial numbers	2
difference between a singer 99 and a singer 99k	2
how to download youtube videos	2
i made a cake	2
kim jong sung	2
jimny neutron watch	2
dragon ball z episode 177 english dubbed	2
world war z watch	2
wwf ripped and ruthless series 3	2
alt scene	2
infant car seat in a 2014 nissan altima	2
cou dantin by blend merry stitches	3
darkfetishnetwork	2
gobekli tepe	2
hamburg map reeperbahn	2
how to turn on a fitbit	2
cop with good boxing skills	2
indus script	2
how far is long beach to universal studios	2
how chrome detects location	2
mama cats chew off kittens whiskers	2
baby steps chapter 259	2
citing a website	2
candlestick dark souls 3	2
parry dark souls 3	2
watch raw	2
mandelsteine therapie	2
dysfunctional lyrics	3
zwift	2
esma kartal instagram	2
costco	4
dylan penn	2
amanda reifer musician	2
captain america purse	2
paypal change printer settings	2
american beaver delaware water gap rec area food web	2
american beaver bill nye	2
toby keith net worth 2016	2
mother in law mari aoi fucked in bedroom by not her son	2
smp bugil	2
minecraft alien skin	2
jurassicraft 9minecraft	2
harber freight	2
peoria kia	2
at what age did carnegie seel his business	2
major chnages in american foreign poilcy since 1877	2
match.com	2
cronaldo hotel plans	2
messi how he ended in barcelona	2
chase	2
safest infant car seat ratings	2
buybuybaby	2
ansatsu kyoushitsu manga	2
chuunibyou demo koi ga shitai! ren order	2
mortgage calculator amortization schedule	2
jumpstreet az	2
manga koutetsujou no kabaneri	2
alex bradley	2
saudi headdress	2
saudi abdullah headdress	2
fort collins jobs	2
what is kowtow	2
veterans contractor jobs kuwait	3
byu creamery gift cards	2
young women june priesthood lesson	2
watch shion hentai	2
warframe extractor repair	2
james butler	2
pokemon boosters cheap	2
why do police scanners sound so bad now	2
teaching textbooks can't find setup disk	2
what grade is a 13 year old in	2
4500 n flecha dr, tucson, az	2
putlocker	2
assyrians	2
low level jobs wiki	2
diablo 2 chat gem	2
a team kidnapped	2
mom catches boy	2
transferring adobe cs6 to another computer	2
roasting prime rib at 200 degrees	2
ncsoft	2
making up for lost time blade and soul	2
snapchat porn	2
kaui	2
801-518-8109	2
pros and cons of solar energy	2
castelneuvo-tedesco u-tunes	2
the four- and five-year-old is in erikson's stage of psychosocial development known as	2
fedex	2
roberts chevrolet hicksville	2
tits popping out	2
mature hairy	3
layered floral thermal shirts	3
asics gel shoes	2
max 401k contribution	2
is mitsubishi a reliable brand	2
fountain hills demographics	2
difference between resiliance and mental health	2
frontier.com	2
my maricopa email	2
roommates cheats	2
thunder corporation, an amusement park, is considering a capital investment in a new exhibit.	2
population of texas 2016	2
vanessa lopez	2
tucson cobbler	2
art with conviction tucson	2
online.legalshield.com	2
is that a world tour or your girl tour lyrics	2
interaction regression spss	2
anteater and capybara	2
mouse and squirrel	2
discouny vinyl flooring in mesa az	2
appliance packages	2
baclofen increase pins and needles	2
daoism	2
zazen	2
baha'i	2
hapsburg absinthe	2
minecraft 1.8.9 skyblock	2
az doc lethal injection protocol	2
armored skyscreamer	2
suprise attack wow	2
armory	2
green proto-drake	2
big lots cactus rd phoenix hours	2
shalom aleichem	2
jalape?o poppers	1
480-321-6801	2
480-269-3397	2
aarp majong dimensions	2
citi	2
world of warcraft medium timber	2
world of warcraft what to spend garrison resources on	2
cijena kupatila u bih	2
nick cage	2
f(x)=b^x equation from a graph	2
determine the exponential function whose graph is given	2
solving logarithmic equations	2
law of cooling calculator	2
bookfinder	2
rikki mitchell	2
busty broadcast jockey afreeca	2
tumbler	2
hentai bbm	2
english words that mean something cool in latin	2
graduation printables free	2
system information software	2
bucket list form	2
plastic buckets	2
guest pass to sam's club 2016	2
ebay usa	2
how to remove steam bootstrapper	2
wake me up inside goofy	2
dwarf insults elf	2
is joe's new balance outlet legit	2
johnny test	2
make your own deep voice	2
trisa coffee cups	2
feline groovy mug	2
photo mugs	2
torta	2
overstock	2
wifi analyzer windows	2
wow 3.3.5a download full	2
super vs batman	2
ukulele mike down by the bay	2
jazzercise texas city texas	2
views from the 6	2
dirty grandpa full movie	2
tombstone gun show times	2
blue october tickets	1
talking stick resort seating chart	2
samsclub	2
hunter pro c owners manual	3
unlock all characters ultimate alliance 2 xbox 360	2
citrix xenserver 5.6	2
civil rights act of 1964 quizlet	2
amendments apush	2
tax reform act of 1986 of 1986 apush quizlet	2
free apush exams	2
ñëóæåáíûé ðîìàí 2 ñåðèÿ ñìîòðåòü îíëàéí	1
end of school year song prresentations	2
dark souls 3 sun shield	2
lockapphost purpose	2
youtube videos not playing not buffering	2
tube tycoon	2
review of la hacienda woodworking tucson az	3
on electric water heater what would cause circuit braker to trip on occasion	2
pigeon bird seed mix calranch	2
is particle board good for kitchen cabinets	2
larkspur apartments sacramento ca	2
armourd warfar	2
xvidio	2
rohn tower	2
steven crowder	2
high swr damage radio	2
longest coax run	2
clonodine hcl webmd	2
doxycycline hyclate	2
league of legends down	2
loss prevented league	2
fentanyl	2
breanna stewart	2
the gas exchange experiment for life detection: the viking mars lander vance i.oyama - icarus - 1972	2
"comment on ""reanalysis of the viking results suggests perchlorate and organics at mid latitudes on mars"""	1
nickelodeon	2
sephora makeup appointment	2
moving to canada from usa 2016	2
manga with hard core themes,yaoi	2
4/4 vs 2/4 violin fiddle	2
tribune content agency	2
chegg	2
which of the following points must the leader of a decision-making body consider while managing the process of group decision making? hint	2
cool steam badges 2016	2
yuma az to salinas ca	2
cracker barrel yuma az	2
bawston sawks cack	2
mlb all time leaders	2
the man who shot liberty valance	2
pirate bay	4
az unemployment	2
rio tokyo ghoul	2
assigning responsibility to others when an injury occurs	2
stakeholder communications requirements	2
running case chapter 12 project procurement management	2
priaveer press	2
scriptcase call application	2
kohls free shipping coupon	2
20 kohls coupon	2
teamviewer	2
scientific calculator	2
scottsdale brunch places	2
fountain hills az golf courses	2
sunday buffet breakfast fountain hills, az	2
pdf reader	2
embroidery tucson	2
speaker of the house of representatives	2
toyotafest	2
this site says system alert	2
ps2 emulator	2
star ocean	2
best fitness tracker apps for android	2
chuck e cheese coupons	2
why do projects fail statistics	2
scrapbook folio	2
laundry mats near 85710	2
dick act 1903	2
2011 acura suv	2
allison transmission las vegas nv	2
cremation prices in tucson az	2
warframe buzzkill	2
myebay	2
2016 nfl draft grades	2
ftb sequencer	2
bittorrent	2
marriages of deanna laycock	2
lds mariage records	2
utah divorce records	2
yahoo	4
csl plasma	2
banner saga 2 walkthrough	3
ryan howard	2
southwest airlines flights	2
????????	1
tv guide australia	2
hotwife captions	2
movie maker split video	2
is amira willighagen from bosnia	2
pvz 2 ancient egypt day 22	2
stencils kopelli and arrows	2
best 80s movies	2
donald trump running mate 2016	2
some bacteria have chlorophyll in chloroplasts so they can conduct photosynthesis.	2
which type of bacteria live in the roots of legumes?	2
when you catch a cold, it is most likely you contracted it from _____.	2
t3 low normal	2
homocystein senken	2
bromfoot	2
bike law tucson az	2
land contract homes	2
toy cam	2
lisa ann anal	2
tattoo removal	2
drivewise rewards allstate	2
plasticity in humans	2
citizen at8113-04h	2
goodwill coupon	2
red heart yarn	2
apnetv	2
apne tv naagin	2
como renovar mi pasaporte americano	2
cube eat cube game	2
tangled games	2
ds3 unparriable weapons	2
the limbic system	2
dopamine d2 receptors and striatopallidal transmission in addiction and obesity	2
barcelona transfer rumors	2
julie of the wolves chapter 1 summary	2
ant man movie putlockers	2
paladin main stat	2
monk vs paladin	3
legion pre purchase character boost available immediately?	2
gateway church scottsdale	2
living streams church	2
rent a car one way without drop charges	2
quick flush marijuana harvest	2
cane furniture	2
burgerking	2
21 drinking age unconstitutional	2
japan underage drinking	2
i cheated on my girlfriend yahoo answers	2
web history	2
mediaf?re login	1
darkness	2
jcpenney	2
the significance of thomas paine's pamphlet, common sense, was that it	2
pokemon dark rising squirtle rain dish	2
good horror movie title ideas	2
anita pearl porn	2
june bueler obituary	2
wsj marist poll	2
army pt age chart	2
lonestar comics	2
slither.io	2
casio oceanus ocw-g1100-1ajf	2
remington 11-48 barrel marks	2
runesword series	2
how to find keychain password el capitan	2
i don't know the keychain password. el capitan. help	2
what is stabilized turquoise	2
watch the real housewives of beverly hills	2
restaurants near me	2
harbor freight	2
claritin coupons	2
goodcents deli fresh subs, 3121 e greenway rd, phoenix, az 85032	2
fuck black woman now	2
botswana safari	2
fry's electronics	4
cost pricing formula	2
naloxone and naltrexone differences	2
asari vanguard gold build	2
alaska air.com flight status	2
television online gratis	2
arumba let's play factorio multiplayer episode 14	2
tires plus	2
waylon's water world	2
blizzard	2
font awesome cheatsheet	2
perron frobeniu theorem	2
watch attack on titan	2
watch friends online	2
caleb azubike nfl	2
dark souls 3 illusory walls	2
sphagnum moss for ball python	2
can lights affecting garage door opener	2
facebook.ocm	2
will fallout 4 get steam workshop[	3
char aznable	2
what is damask sheets	2
frechet derivative	2
mooncup	2
nightmare on elm street 3: dream warriors	2
today () vbs	2
do bugs carry ringworm	2
pictures to print out in a scrapbook	2
creditkarma	2
joyerias en santiago centro	3
pima lib	2
hunting in ancient rome	2
fb	2
kundalini upanishad pdf	2
az lottery'	2
citation machine	3
mla paper format	2
the horizontal beam in (figure 1) weighs 190 n, and its center of gravity is at its center.	2
a uniform, aluminum beam 9.00 m long, weighting 300 n, rests symmetrically on two supports 5.00 m apart. a boy weighing 600 n starts at point a and walks toward the right. (figure 1)	2
ncis	2
wfmu	2
donnie darko monologue	2
notch coils in an rda	2
ghost in the shell stand alone complex - first assault online performance tweaks	2
tucson rugby tournament may 2016	2
criminal justice program at southwestern college	2
kahr p380	2
yandere simulator	2
compare dji phantom 3 standard and advanced	2
drone laws in arizona	2
root word generator	2
how to switch to chinese keyboard windows 10	2
tanlocdinhky2014 mkv	2
elecraft archives	2
how can people help keep pathogens out of water	2
banana walnut bread with 2 bananas	2
arma 3 takedown mof	2
town of sahuarita	2
dallas cowboys	4
facebook.com	2
ccv surprise	2
skechers	2
delmarva bbq chicken recipe	2
maps google	2
free crochet patterns gifts	2
quick easy free crochet patterns for poncho	2
free boho poncho pattern	2
corsair gaming keyboard	2
christina lucci nude	2
kaley cuoco	2
m0zilla download	2
good used golf carts for sale near goodyear az	3
free word program	2
pop up camper manufacturers list	2
awc	2
cortisone injection in spine side effects	2
site for government training courses	2
microsoft spider solitaire	2
spider solitaire	3
pfaff creative sensation comparison	2
chrome	2
wings of texaco 1927 ford tri motored monoplane	2
windows 10 download	2
silver explorer	2
ruger ar 556 vs dpms oracle	3
nba 2k17	2
samurai z link	2
live stream mega 104.3	2
ava dalush	2
national science foundation grants	2
sounds of silence what was the message of the song	2
secular therapist project	2
turner and hooch	2
cinqe terre	2
italy festivals october 2016	2
google analytics	2
sion	2
camilla, a manager, notes that while wilhelm’s written reports are very thorough and accurate, his oral presentations are not effective. camilla is looking at:	1
hotschedules log in	2
g35driver exhaust	2
miqote girl	2
battlefield 4 not working windows 10	2
discount tire	2
dignity health urgent care gilbert	2
footyroom	2
jusched	2
google mpas	2
windows not genuine after windows 10 partial install	2
the game	2
dr phil interview with nick gordon online	2
wordpress plugins for selling products	2
sedona az web e-commerce designer	2
flashing the maid porn	2
outdoor speaker volume controller #8240	2
honda crf 125	2
suzuki motorcycles	2
natural red contact lense	3
glow red color contact lense review	2
castle megastore	2
camera attached to dick while having sex	2
macs ford parts	2
data warehouse history	2
brandon johnson nfl	2
what is the best cruise ship	2
citation generator mla	2
shut the fuck up you cunt	2
nba 2k15 mypark empty	2
pasha	2
dont break me videos	2
clear screen python	2
footnote citations chicago	2
cars.com	2
intermittent sharp inner ear pain	2
arizona convention delegate selection	3
news	2
loudoun county va public records search	2
loudoun county va birth records search	2
how do i force print jobs from google cloud print	2
2008 environmental science multiple choice answers	2
ballerina pantyhose porn	2
a market that has many sellers and one or few buyers is likely to be:	2
mediatakeout	2
pistol cleaning kits	2
scratch games	2
five nights at freddy's game	2
imgur gta misunderstanding	2
final exam next door buddies porn	2
aidan turner tumblr	2
teamwork online	2
interceptor plus pdf	2
animefushigi	2
how to add music to zune with software	2
zune online store	2
outlook	4
lunchinazschoollunchchoice.com/admin	2
brazil social	2
justin wren	2
noisey	2
victorinox nth deluxe lumbar pack	3
maricopa county gov forms family court	2
what is barnstorming in politics	2
conspiracy news	2
l28et head porting	2
kohls coupon	2
aol	2
cinco de mayo printable activity for first grade	2
solitaire	2
jessica drew, sioux falls, sd, linked in	2
webassign	2
natalie portman digital short rap	2
sistema de clasificacion de los modelos	2
ringling bros	2
renew global entry	2
eulalia bourne article	2
louisiana lottery age 21	2
spearmint rhino	2
bennett v. pima community college	2
torrentz	2
sports authority credit card	2
medieval templar knight banner	2
42 inch medieval battle axe	2
skyrim battle axe for sale	2
hearthstone yogg saron	2
msco	2
book references that show people are sinners and are born sinners	2
tristan & isolde	2
crime report	2
tour factory	2
randomly gagging for no reason	2
why won't sims 3 launcher install my expansions	2
how does the salton sea affect the imperial valley	2
where is the salton sea located	2
groupon coupons	2
myaccountaccess	2
when was indigenous people day established	2
hamster.com	2
find full episode of the young and restless 4/29/16	2
find full episode of bates motel 4-18-16	2
kustom kreation in phoenix,az	2
party rentals vernon bc	2
women and unequal pay	2
my.asu.edu	2
tomatillo recipie	2
lightning returns rare vendor	2
armls login	2
outlaw brewery	2
aligator	2
wild hog capital of texas	2
orbe de forgemagie	2
mr. irrelevant	2
weller butane soldering iron	2
kiss cartoon rick and morty	2
sample forensic progress report	2
hsd korea	4
orthopedic quote up with the good, down with the bad	3
phoenix baby owl in dumpster	2
bulk trash phoenix 2016	2
washer dryer combo	2
dormer nude	2
fha mortgage	2
marijuana kitchen portland	2
buckeye union high school districct	2
kiss and kisses lluvia	2
ayudame padre celestial	3
cristo consuela	2
toyota tundra diesel	2
alvin thomas brinkman	2
round robin upgrade extra utilities	2
immersive integration industrial coke oven	2
root gaming csgo	2
hdfc netbanking	2
amc desert ridge	2
rental cars	2
dango daikazoku meaning	2
weight watchers get started week of menus	2
nfl draft	2
falcon lost glitch patch	2
university of arizona	2
sonyrewards	2
radiohead website	2
grimaldi's pizza tucson az	2
western us auto auctions	2
kassadin probuild	2
no exit jean paul sartre audiobook	2
collage maker free	2
how much water does it take to flush one can of soda out of your system	2
midwestern meats	2
jeep liberty glove box latch	2
woman steals a package from a car parked at a shopping center. when she opens it, she screams and faints. what's inside?	2
four traditional periods of pakistani architecture - shah rukn-e-alam	2
rouge decks	2
a number of federal district courts encourage nonbinding arbitration for cases involving amounts less than	2
what is the brothers' arbitrator's final decision referred to as	2
myfreecams	2
soft iron	2
task analysis definition	2
prezi	2
unapproved amazon kindle purchases	2
yaoi hentai	2
wwe payback 2016 time	2
bloodborne henryk	2
how to remove mosaic lines photoshop	2
mycare	2
pikachuakuma	2
opulent furniture	2
vincent perricone newport beach	2
you're the worst	2
mr robot season 2	2
verizon	2
blowfish granola fisherman sandal	2
journal of child custody	2
vacancies at efcc april, 2016	2
play guitar in other tuning	2
how to backup microsoft office 2013	2
why are notes named after letters	2
how to factory reset lenovo	2
how to factory reset lenovo win 10	2
constantly recycling diagnosing your pc	2
how to boot from usb bios	2
uefi firmware settings	2
windows 10 back to factory settings	2
lenovo y510p	2
permainan hantu	2
adobe creative cloud	2
alarm systems simon xt	2
ahci	2
what is the refund fraction on a 48 month loan paid off in 32 months	2
hugh jackman broadway	2
bearcat azdps radio codes	2
which location would yield the lowest transportation costs for the system? use the minimum cell cost heuristic	2
corki build	2
game of thrones online streaming	2
stream tv series.net	2
how many calories in a bag of hot cheetos	2
yeast infection site:reddit.com/r/lifeprotips	2
author, linfield college	2
peace at heart	2
www.cavecreekcandles.com	2
bann franderel's estate	2
2016 i-9 forms	2
poems for my nephew that passed away	2
the bourne identity online	2
shoulder arthritis	2
can i buy vivosmart hr replacement wristband	2
missoulian	2
softboy	2
cheap mothers day gifts diy	2
south central pool supply escondido	2
bulk lemongrass oil	3
lemongrass essential oil 5 gallon	2
lemongrass for fogger	2
joliet, il newspapers	2
denver co to beaumont tx	2
sunshine coast world sprints	2
couchtuner	2
apple error 54 itunes	2
how to recover dokkan battle id	2
microwave buzzing and flashing	2
nvidia	2
refund itunes	2
espn fantasy baseball	2
optiplex 580 uefi	2
import emulators to xmbc	2
gba doom	2
doomemulation	2
most demanding ps2 game pcsx2	2
keep	2
etsy coupon	2
ways to make money online	2
black hair balayage gray	2
paypal	2
mothers teaching sons sex	2
time warner cable	3
ip6 inositol	2
best buy gaming pc	2
google groups	2
transform get parent transform	2
photonview set owner to no	2
azstarnet	2
vail voice	2
johan reinhard	2
trump	2
ffxiv chocobo covering	2
perkembangan mea 2016	2
kata pengantar tugas laporan	2
jan d'atri	2
jan d'atri wikipedia	2
alicia vikander butt shot	2
north rim canyon	2
homemade implements	2
786-610-1817	2
stripped tights	2
epiphany definition	2
stick rpg 2 cheat engine	2
pest controk guide osrs	2
pathfinder flensing strike	2
pathfinder weapon	2
pathfinder heightened	2
tech trade waste2energy ltd	2
the cw	2
best tablet games for 4 year olds	3
clone wars coloring pages	2
joi/mom	2
gamefly pc library	2
tinkers construct replace axe head	2
phenomenological studies	2
phenomenological research methods	2
pacsun jobs	2
tom hardy	2
how did the osama bin laden raid happen	2
osama bin laden kidney failure	2
ineverpayfullprice	2
nba flopping fine	2
goran dragic children	2
casey james fury	2
liara t'soni hate	2
kasumi goto garrus	2
mass effect favorite romance	2
vietnam war presidential involvement	2
chanel boy old medium price	2
water ridge toilet review	2
18226 gardenview sun city west, az	2
xmind maps	2
picadilly tube line at heathrow	2
barometric pressure and sinus headaches	2
vrbo maui	2
pico de gallo recipe	2
small space flower garden ideas	2
small greenhouse	2
synergy unregistered	2
ecuador	2
safety rating for evenflo tribute lx convertible car seat	2
zillow	2
how do wizards learn new spells 5e	2
google play	4
samsung kies	2
it luggage skull	2
ro weapons	2
hair rotting at ends	2
credit one	2
how to make a curved image in paintnet	2
antique silver teapot	2
pornhub	2
370z carbon fiber gas cap	2
nightmare on elm street putlocker	2
how many dice in yahtzee and probability	2
moto x pure signal strength	2
youtube.co,m	2
layers for colliders in unity	2
iwao pronunciation	2
after school program list	2
slickdeals	2
is paperslead trustworthy	2
shemaletube	2
lufthansa online	2
velour provo	2
watch fairytail tail dub	2
juna poison	2
qoutes	2
creator of hindenburg airship	2
video games science terms	2
bagel dip recipes	2
crockpot baked ziti recipe	2
floris turn off companion complaining	2
jimmy johns 85308 apply	2
souvannarath illinois facebook	2
how to seduce a guy online	2
etsy rainbow highlighter	2
who is paul from centurylink?	2
occluded front	2
how to make a slide out out ironing board	2
purchase holistic oils locally tucson	2
bellemont arizona	2
boston conferences may 2nd 2016	2
fox debuted her baby bump at cinemacon in las vegas april 11	2
kid board games	2
can multiple people work on an access database	2
runescape	2
hawaii	2
how to decorate siramic tiles	2
fantasie fl2024 40g	2
fantasie bra	2
minecraft]	2
minecraft sphax	2
pick up lines	2
raspberry glaze pork ribs	2
bblearn	2
autistic pikachu	2
piston firing noise	2
heterosexism	2
lgbt rights	2
eastman t486 sunburst	2
eastman t486	2
whatsapp web	2
???????????????	1
fallout 4 bright lights fix	2
track phone gmail	2
target slipcover	2
fuck doctor	2
check balance gift card subway	2
junior paganinix	2
brother fuck sister	4
why does my head hurt when i laugh	2
filing small claims court phoenix	3
emperor palpatine	2
work cited machine	2
prison architect bureaucracy	2
harbor freight tools	2
lillian franklin vs wells fargo	2
cox.net	2
ied defeat framework usmc	2
06 toyota tundra shock and strut replacement cost	2
us landowners forced to give up land for wall	2
scripto lighter	2
kent wa google maps	2
why is my dog licking the carpet	2
can dogs eat broccoli	2
the microcontroller (similar to microchip pic12, simplified extensively, not compatible in instruction set) in this project is a 3 cycle non­pipeline 8 bit harvard structure microcontroller, illustrated as the following block diagram. the stage group includes components working in that stage. data path is shown as black arrows, and control signals are red arrows.	1
monk season 6 build	2
halo online not connecting to server	2
halo online clicking on server does nothing	2
expedia	2
ruhr occupation	2
s&w	2
how to fix a chair wheel	2
gabi and nati	2
westinghouse wd32ht1360 usb play mpeg	2
homes for sale in 85254	2
breathless riviera cancun	2
live band recording	2
hardware used for live recording	2
ashley wwe playboy	2
american airlines	2
men cutting own hair	2
ehentai	2
guys with big cocks and balls	2
kathy willets video	2
elite dangerous xbox one update ships tier	2
puzzle piece template	2
easy diy tealight holders	2
manual steering rack	2
total cost involved engineering	2
how to measure wheel bolt pattern	2
kill bill 1 online free	2
child and armed	2
free porn dino	2
gef the mongoose	2
cern machine	2
neil mannion	2
iwatch	2
trump cruz arizona delegates	2
a 19.00-kg lead sphere is hanging from a hook by a thin wire 2.80 m long and is free to swing in a complete circle. suddenly it is struck horizontally by a 5.00-kg steel dart that embeds itself in the lead sphere.	2
ck2 cheats	2
kanye famous lyrics	2
lds.org	2
2001 ford taurus a c problems	2
create the best life for aging parent	2
how to make only the icon in the google toolbar	2
fitletic hydration belt	2
farting girl playlist	2
free ssl certificate	2
sylvanian families product history	2
insane clown posse	2
06 hardwell feat. jake reese vs. garmiani vs. makj & lil jon – mad world vs. bomb a drop (hardwell mashup)	1
halo online	2
oregano oil	2
comcast smithsonian channel number	2
actress rebecca van cleave	2
prince cause of death	2
prepregs	2
epic rides	2
thomas jefferson and sally hemings descendants	2
whey protein low in sodium and sugar	2
whey protein low calories	2
best whey protein low calories	2
best low calorie whey protein powder	2
let go phoenix	2
raspberry pi store	2
raspberry pi raid mirror	2
mawile	2
jeux insolents tome 6	2
emma green wiki	2
reflexology foot chart	2
a.r.e cayce phoenix	2
somewhere in russia carbon based lifeforms	2
y ou p orn.c om	2
hiv facts	2
nude workout	2
country club car wash free vaccum	2
signals and systems oppenheim	2
motorcycle rain gear	2
dragon quest monster super light present code	2
sbmptn	2
shiden akira	2
dragon quest monster super light monster code	2
skillsuccess reviews	2
getting rid of under eye wrinkles	2
yiddish expressions	2
paycheck 8 descriptors	2
one piece tattoo ideas	2
kawasaki triple clamp torque 2015	2
how to maintain a scooter	2
garbage bags stored in kleenex box	2
95.5 the mountain	2
hunter douglas motorized rf window treatments	2
southwest gas bill pay	2
dodge journey	2
dodge charger	2
songs on the drunk americans album	2
who writes toby keith's songs?	2
walgreens	2
gonzo videos.xxx	2
prescott rodeo days 2016	2
cyberlink power director	2
cyberlink director suite 4.0 retail [deepstatus]	2
lift top coffee table	2
asian living simple dining oriental writing script red square cereal soup bowl	2
?? ?? ??	1
harley davidson top plate assembly, center fill, fuel tank 75147-08a	2
printable calendar	2
linux dvr	2
why would the illuminati want to kill people	3
im cosidered a number 5	2
how do you know if you have been a vitim of mind control	2
jupiters cash box	2
putnam	2
stardew valley dwarf scroll iv	2
bloons monkey city submarine level	2
bakuon!! online	2
how to keep the dopamine in good amount	2
pinguecula cure	2
keith moore	2
mountain ridge baseball sunrise mountain	2
best mic under 20	2
dynex usb standalone	2
d1 drone smallest	2
movie run silent run deep	2
is sweden in the eu	2
unix using cat to create a file	2
iris bewilderbeast	2
define batik iris	4
liturgy of the hours	2
indications for a posterior cervical decompression and fusion	2
in sonic land	2
swisspost unregistered	2
pokemon type chart	2
barros pizza	2
financial ratio kmart 2014-2015	2
operating efficiency target supermarket	2
outlook performance target supermarket	2
ipad mini 16gb	2
temp agencies in tucson for conventions	2
autodesk dwf composer serial number	2
free antivirus eset	2
total war wiki	2
yugioh games	2
reddit smash bros	2
reddit qr pokemon	2
1893 pepsi review	2
dooney & bourke gretta	2
what's my coin worth	2
what are 1 dollar gold coins worth	2
slither.oi	2
chess.com	2
brother pe770	2
houses for sale	2
pokemon coloring pages	2
search by mls number	2
disposicion	2
quien fue nacar colunga	2
que es un tacuazin	2
guitar trending	2
does every state have their own national guard	2
clifford morgan	2
can a work only social security be used for financial aid	2
hose custom made vehicle in az	2
solo luggage rack for kawasaki vulcan 800a	4
what was one of the major events in the punic wars	2
sore back excercise	2
how to fix mark on wall	2
vtlmtb	2
maxwell architecture	2
senior apartments near union ky	2
chris noth	2
lake pleasant camping	2
album mikgs	2
skyzoo true romance download	3
wanted luffy poster	2
delta foundations stainless 1-handle low-arc kitchen faucet with side spray uninstalled	2
dark souls 3 leo ring	2
outlander	2
faceboo	2
what happens if you restore calion to his body	2
????? ????? ?????? ???? 2016	1
top things to do in branson, mo	2
astrology zone capricorn	2
karen sussman 9455 e raintree dr unit 1046 scottsdale, az	2
causes of war statistics	2
uber tucson	2
hammock at costco	2
202-844-8368	2
7555 east state rt. 69 suite b prescott valley, az 86314	2
high spirit	2
sixdegrees	2
firefox not recognizing webcam	2
media.*.enabled firefox	2
first roman catholic american sainet	2
visit laughlin	2
radiohead	2
famous criminal cases solved by forensic science	2
terraria yoyo glove	2
49ers fan forum	2
together for the gospel	2
scottsdale community college online courses	2
mens shoe sale tucson az	2
protecting plants from javelinas	2
zillow boise idaho 1707 rand	2
how to get a comptia certification	2
oxygen increase in the earth's atmosphere	2
bottleneck effect	2
homo sapiens coexisted with	2
hampton bay 1000 020 862 ultra quiet ventilation fan with led light	2
pocket mourning mirror	2
tucson mall	2
seattle redhawks baseball	2
hot	2
proformance unli	2
epson printer using 273 ink	2
rvibrake battery options	2
politico	2
fivethirtyeight	2
tube galore	2
thibaut gruber	2
mordre conjugaison	2
lyzene scam	2
rainbow six siege not detecting mic in dac	2
monitor stands 4 monitors	2
"emancipatory process that democratized knowledge"" ~sonya atalay"	1
portal wiki	2
flowering shrubs for shade	2
what time is it eastern time	2
sim hair packs	2
xtandi cost 2016	4
dupont washington florist	2
is abortion legal in european	2
ps vita 3.60 emulator	2
rush limbaugh	2
appp where you can try differe	2
popular haircuts	2
mycsu	2
moon valley canyon area of phoenix	2
dr. dan vangart	2
niklas feierabend fifa	2
www.cscenter.com	2
phoenix freeway closure	2
linda vernon glasses	2
costco photo center	2
fabio	2
does the anode lose mass	2
the ph of a solution prepared by mixing the 50.0 ml sample of 0.20 m ch3ch2cooh with a 50.0 ml 0.20 m naoh is 7.00.	2
intermolecular forces and what if affects	2
kobaian	2
motorcycle rental arizona	2
my day will come. someday i'll be the only one.	2
claudio sanchez	2
riff raff	2
negima negi kotaro yaoi hentai fanfiction	2
sic and sapphire nail	2
bathroom with brown and tan backsplash	2
wrought iron ornamental decorating items for wall	2
light wood bedroom furniture	2
michael perez twitter	2
prescott events july 2016	2
7126 19th avenue unit 165 phoenix, az 85021	2
primary	2
clash royale arena 6 deck	2
70 lbs bow	2
arizona archery laws	2
watch pokemon xyz online	2
akubra hats nowra nsw	2
qvc	2
aquaman	2
legal responsibility of trustee of family trust	2
how many people died in the great depressiojn	2
san diego california oceanside camping	2
leo carillo	2
untended graves	2
hsa	2
best 80 lb crossbow pistol	3
how to stop video tearing in netflix	2
zillow mesa az	2
plano all weather tactical gun case, 36-inch	2
savage 12 long range precision 6.5	2
savage model 12 long range precision 6.5 creedmoor review	2
verizon solutions specialist job description	2
what is tenacity lol	2
kroger iwirelesss	2
4chan	2
how long after itachi does kisame die?	2
orochimaru and jiraiya doujinshi	3
free xxx black creampies in white wives get pregnant	2
confide roofing	2
how to write a condolence note to a friend	2
manmarziyan 5th may 2015	2
finnishpod101 coupon	2
drug abuse around the world	2
synthetic drug abuse	2
playstation store	2
kids express chandler	2
community bridges mesa javelina	2
fish and ski sierra vista az	2
performing wedding ceremonies in arizona	2
eldrazi strangler	2
procedural conflict	2
hollister	2
which of the following is not a characteristic of fungi?	2
how are viruses different from cells?	2
tranny play	2
redhead porn	2
saturday night live	2
2310 college drive lake havasu city	2
women aren't feminist anymore	2
avi avidan	2
usclienttreecasino	2
how to imgrock	2
late model m1 helmet chin strap cup	2
male body shapes	2
guardian swordmaster bravely second	2
koji-rubbed steak	2
accidentally set my primary screen to tv, how do i switch it back mouse doesnt show up	2
cts-204p vs m390	2
large brim felt cowboy hat	2
faded alan walker	2
super fast easy brownies	2
best cream to used after a spanking	2
anal sex for beginners	4
electron energy loss spectroscopy	2
massage chandler az	2
massage therapy chandler az	2
window 7 missing icons	3
icons missing image windows 7	2
joanna moore	2
patricia a hansen wisconsin	2
apple ipod classic 30gb 5.5 generation connector	2
minecraft mods for tekkit	2
minecraft mods 1.6.4 project e	2
kitchen cops tucson la indita	2
tucson az restaurant inspections	2
the leapfrog group hospital safety score	2
gary phillips des	2
break.com	2
the warrior's way (2010)	2
can i lay my flat screen tv face down to install the bracket	2
kangna ranaut black magic	2
columbia buisness school india linkedin solar	2
seinfeld bass tab	2
endgame rise against	2
baby justin bieber	2
superia 1600 fujifilm	2
best polaroid 600 camera	2
mcpe factorization dispenser	2
como le pongo contrase?a al internet de cablevision	1
aarons	2
pentax rifle scopes	2
gap credit card login	2
amazon man satchel	2
the beast hearthstone	2
batch remove directory recursively	2
batch vs bash	2
sandisk headquarters address	2
ccleaner	4
sap	2
neurological definition of consciousness	2
mini mental status exam	2
t5i	2
asu final schedule spring 2016	2
cotterell and turner linguistics	2
bravely second jackal or derosa	2
keen yogui reviews	3
entrada real tucson	2
entrada real american campus communities complaitns	2
christian jobs	2
coupons for bj's restaurant	2
jenny mccarthy	2
how is zeus pronounced	2
do constants ever change the sound of vowels	2
big breasted lesbian	2
(south fickett ave	2
galveston gumbo recipes	2
java interface method override	3
how long is liquids in stomach before small intestine	2
jake from state farm commercials	2
elizabeth hurley nude	2
aircraft ki-115	2
stanley mague pilot b-24	2
stanley mague lt col ret usaf	2
indian bridal wear online	3
how to create a graph in css	2
spotify	2
how to download optifine 1.8	2
notte rosa rimini	2
la notte rosa	2
csgo crosshair maker	2
an important aspect in the treatment of a patient with severe abdominal pain is to	2
how do poisons typically act to harm the body	2
military outdoor waist bag pack	2
university of st francis unofficial transcripts	2
hawkgirl legends of tomorrow	2
2015 ford f-150	2
prescott courier	2
driving 85282 to sedona	2
outlet malls arizona	2
why so many private instagram 2016	2
female name of mario	2
killing us softly 4	2
gop 2016 delegate count	2
blue cross dental	2
online sex games	2
re zero manga	2
how to run avast in safe mode	2
outback steakhouse surp	2
how its made corn nuts	2
what is cusco corn	2
nba reddit stream	2
gpa calculator	2
hm surf	2
military bases in savannah georgia	2
hiv risk among black men	2
tiger i	2
dragon ball super episode 41	2
2797 n superstition ln prescott valley	2
bose bluetooth speakers	2
sims challenge	2
kimber stainless ultra carry ii	2
vegetable cleanse weight loss	2
agario carrot skin	2
ge wr17x2062	2
twncorp	2
abscessed tooth home remedy	2
baking soda tooth absess	2
liberals who like guns	2
wet or dry tea bag for tooth abscess	2
cara mengatasi aplikasi yang tidak bisa dihapus di android	2
os bb 9700 terbaru	2
dvdfab 9.2.3.9 key	2
black riders dvdfab patch	2
dvdfab 9.2.2.9 patch	2
dvdfab 9 key	3
aada	2
best mastery for yasuo	2
lissandra counter	2
yasuo vs jayce	2
things to do on your anniversary in az	2
ruse rising sun dlc free	2
maya how to import a video plane	2
image sequence converter	2
aiff converter	2
harrahs laughlin	2
amazon prime instant video	2
art of merlot	2
wayfair coverlets	2
padded headboard	2
pornhub.com	2
what is a mumble server	2
autism licorice	2
watch movies online	2
wwenetwork	2
paypal prepaid	2
molding on organic wheat bread journals	2
3ware drivers	2
3ware drivers windows 7	2
will 3ware 8006 2lp work with win7	2
how hot should my travel trailer tires get	2
how do you make a cfg file	2
nike boys size 2	2
u umlaut	1
warm and cold colors	1
aegon targaryen game of thrones show	1
envision math grade 3 time	1
rocking and rolling harcourt third grade resources	1
perusahaan biaya relevan	1
"finding your mexican ancestors" ryskamp *mobi*	1
san miguel, tlazazalca, michoacÃ¡n, mexico	1
sceptre u435cv-u 43" 4k ultra hd 2160p 60hz led hdtv	1
[h]e would grab that other dog jest by the jâ€™int of his hind leg and freeze to itâ€”not chaw, you understand, ...	1
Ù…Ù†Ù‚Ù„Ø© Ø¨Ø§Ù„ÙØ±Ù†Ø³ÙŠØ©	1
ian stewart "what is mathematics"	1
como le pongo contraseÃ±a al internet de cablevision	1
â€mcbusters	1
"thomas rucker" contractor	1
ØªØ­Ù‚ÙŠÙ‚ Ù…Ø±ÙˆØ© Ø§Ù„Ù…ØµØ±ÙŠ	1
å´å¼è¾¾	1
universidade estadual paulista "jÃºlio de mesquita filho" email	1
å¢—è£œ meaning	1
ãƒ‘ã‚¹ãƒãƒ¼ãƒˆå¢—è£œæ‰‹ç¶šã	1
royce da 5'9 â€Žâ€“ boom / soldier's story torrent	2
then highlight and very briefly sketch the â€œfour pâ€™sâ€ â€“ the aspects of history that, according to ashley, neorealist theory excludes from our thinking.	1
â€¢ superior exemplary synonym	1
jalapeÃ±o poppers	1
"blue october" tickets	1
ÑÐ»ÑƒÐ¶ÐµÐ±Ð½Ñ‹Ð¹ Ñ€Ð¾Ð¼Ð°Ð½ 2 ÑÐµÑ€Ð¸Ñ ÑÐ¼Ð¾Ñ‚Ñ€ÐµÑ‚ÑŒ Ð¾Ð½Ð»Ð°Ð¹Ð½	1
comment on "reanalysis of the viking results suggests perchlorate and organics at mid latitudes on mars"	1
ä¼Šè—¤è‹±æŽã€€è…Žè‡“ç—…	1
mediafÄ±re login	1
camilla, a manager, notes that while wilhelmâ€™s written reports are very thorough and accurate, his oral presentations are not effective. camilla is looking at:	1
ãƒ„ãƒ³ãƒ„ãƒ³Ã—æ·«èªžÃ—ãŠã¾â—‹ã“ãƒ¡ã‚¤ãƒ‰	1
the microcontroller (similar to microchip pic12, simplified extensively, not compatible in instruction set) in this project is a 3 cycle nonÂ­pipeline 8 bit harvard structure microcontroller, illustrated as the following block diagram. the stage group includes components working in that stage. data path is shown as black arrows, and control signals are red arrows.	1
06 hardwell feat. jake reese vs. garmiani vs. makj & lil jon â€“ mad world vs. bomb a drop (hardwell mashup)	1
ëíŒŒ ì†Œìš¸ ì„¸íŒ…	1
Ù…ÙŠØ¯ÙŠØ§ Ø¨Ù„Ø§ÙŠØ± ÙƒÙ„Ø§Ø³ÙŠÙƒ Ø¹Ø±Ø¨ÙŠ 2016	1
emancipatory process that democratized knowledge" ~sonya atalay	1
