careers involving developing countries	1
rollerblading game for xbox	1
get jet set radio future on pc	1
play ssx tricky on xbox 360	1
operating systems zotac can run	1
fabric empire	1
joann fabric	1
lost wonder hut colorado trail	1
marathi movie sairat torrent file download	1
joie fresh avocado keeper	1
fire emblem benny	1
15 star us flag	1
instagram	1
employment lawyers	1
google	1
2000 jeep tj np231 rebuild kit	1
grand junction greenhouses	1
make a travel agenda	1
credit needed for gmc buy power card	1
finance calculator motorcycle	1
denver 9 news- broncos tonight commutators	1
broncos tonight special edition, who are analysts	1
kusa broncos tonight special edition tv show may 1,2016 at 6pm cast members	1
9news broncos tonight special edition tv show may 1,2016 at 6pm cast members	1
important synonym	1
word document cover page templates	1
ue4 addforce	1
newswomen in boots	1
gooogle stream to airplay	1
no faith why are you even here	1
pork stir fry	1
chinampas inca	1
pizarro	1
names for weed	1
hemp vs weed	1
stainless steel	1
33x12.50	1
tucson pest control	1
cant reach taskbar windows 10	1
itunes consolidate artist view	1
eddie bauer	1
nutrition guidelines for adults	1
diy newspaper hot caps for tomatoes	1
avocado ice cream vegan	1
song a little bit of monica in my life	1
reading without tears	1
using virtualization for high availability and disaster recovery.	1
what is dabbing	1
"output = ""product 1: "" + moneyformat.format (product1); output += ""\nproduct 2: "" + moneyformat.format (product2); output += ""\nproduct 3: "" + moneyformat.format (product3); output += ""\nproduct 4: "" + moneyformat.format (product4); output += ""\nproduct 5: "" + moneyformat.format (product5) + ""\n"";"	1
hoover's industry snapshots	1
frank butler drummer	1
signs of an empath	1
gangsacticvity kansas city kansas	1
game of thrones season 6 episode 2	1
ghost dance anthropology	1
volt	1
resume2hire review	1
do bow tie pipe exhaust restrict flow?	1
the container store	1
hanes mens underwear size chart	1
how many super delegates 2016	1
bus traveling to bullhead city	1
treating gingivitis	1
mad cow rocketry	1
denver botanical gardens	1
tall fescue phytoremediation	1
haken affinity	1
newbrazzers	1
colorado springs utilities	1
buff bus tracker	1
karlinpetracek pllc	1
flyfrontierprpmocodc.com	1
piano concerto competition how old kids	1
csmta concerto competition	1
shadow box	1
contest award roth ira	1
cheyenne comic con	1
jcpenny	1
flying machine	1
tracphone	1
mlsp comparison table plans	1
my lead system pro comparison table plans	1
best types of wire nuts	1
modern hijab	1
2005 lexus es330	1
sig sauer	1
all in one reloading equipment	1
boon and bane fire emblem	1
thinkgeek	1
fa	1
safe investment home inspections	1
clear creek care center westminster co	1
closest city to great sand dunes national park	1
craigslist	11
top 10 ship meme	1
how to delete all emails at once on gmail	1
oakmont corporation	1
can you give a dog ginger	2
autodesk on vmware	2
harley evo engine weight	2
baker trans dimensions	2
tyler 1	2
physical therapy application	2
first tech	2
mail.ru	2
gmail	12
slitherio	6
tyreek hill investigation girlfriend self mutilator	2
agorism vs individualism	2
the 12 common archetypes by carl gustav jung	2
roller brush for photoshop	2
spray paint brushes photoshop	2
kaplan k12	2
que hacer cuando caiste de asentaderas?	2
verizon	4
typescript	2
purdue owl apa	4
youtube icon opens two tabs	2
watch fox sports	2
what was guatemala like prior to the revolution of 1954	2
campus music closed	2
gold prince	2
jko	2
office depot	2
wiiscrubber	2
collegeinvest direct	2
blenderpro	2
agatha christie racist	2
leonard cohen	2
reddit introducing new cats	2
indiana university northwest	2
?????? ???	1
vista eye care	2
style of frames at vista eye care	2
best light moisturizer for face	2
anna karenina	2
youtube	19
wyoming road conditions	2
breakfast restaurants in colorado springs	2
purple ginger ii centennial	2
recipe singapore rice noodle	2
which haflinger slipper offers the best heel control?	2
ps plus	2
twerking butt passcode	2
tenga egg	2
ace attorney 6 gameplay subbed	2
game of thrones stream	2
the book thief	2
the book thief blu ray	3
white house correspondents dinner	2
ricky ortiz	2
router table	2
second monitor shuts off	2
craigslist denver	11
mr skin	2
how to upload a powerpoint into a canvas	2
olive oil for face massage	2
dill mill gayye	2
whamburger	2
rust game wiki	2
compost barrel	2
300 blackout vs 223	2
geforce now	2
houzz	2
lil ricci's ken caryl yelp	2
pikes peak art & music festival	2
beyonce	2
minority report pkd	2
ideazon z engine	2
rei coupons slickdeals	2
how long does it take a skin irritation to manifest as a rash	2
season of mists toast	2
saute tuscan kale?	2
awacs?	2
alan shaffer nato?	2
how to replace shower valve stem?	2
southampton fc wiki	2
ancient	2
x hamster	2
internal auditor salaries denver	3
pokemon showdown	2
the emperors new groove projectfreetv	2
the emperor's new groove projectfreetv	2
cnet	2
venice restaurant denver	2
what is ld max?	2
how to make skyrim look amazing 2015	2
heroes of the storm reddit	4
league of legends reddit	2
icloud	4
philadelphia church of god cult	2
1965 plymouth fury wagon	2
saoirse ronan	2
counter art cutting flexible board	2
do you have to have an account to use fakku now	2
agent lex	2
"dcom got error ""1068"" attempting to start the service netprofm"	1
how to add fonts in photoshop	2
townhome for rent in aurora co	2
theshoresapts	2
pun	2
cheapest gas near me	2
wells fargo login	2
indexnikkei:ni225	2
blue bloods	2
internet speed affecting the cloud	2
american bankers top 100 farm lenders	2
ackrell capital top 100 private cannabis companies	2
nhl playoff bracket	2
quizlet	2
google docs	3
sargent & greenleaf padlock	2
sargent & greenleaf #103 key picture	2
astro 100 unit 4 essay	2
bless me ultima identity quotes	2
transferred leading tones	2
lovewhatmovesyou.com	2
find health and dental care insurance that low cost	2
odrs grand tree twigs	2
osrs combat calc	2
reebok	2
this too shall pass	2
how to run windowsupdatediagnostic diagcab vista	5
rtd train to airport	2
perish song gothitelle	2
poliwag reborn	2
world college rankings	2
crab soup recipe	2
heater hose installation 54 chevy pick up	2
katie maloney nude	2
new telltale releases	2
covergirl	2
ken onion	2
molly has biweekly gross earnings of $839.52. by claiming 1 more withholding allowance, molly would have $16 more in her take home pay. how many withholding allowances does molly currently claim?	2
keeping federal withholding allowances less than 6, in which of the following cases will the amount of federal tax withheld from gross pay increase?	2
pentatonic scale guitar	2
47 brand broncos hat	2
pure mccartney	2
seasoning a cast iron pan	2
working for lyft vs uber	2
lyft requirements colorado	2
chase	2
dsw	2
2064 country rd 4500 coffeyville ks	2
teamspeak 3	2
paul wallace arizona	2
pof	2
recipe for olive garden meat sauce	2
fox run regional park	2
csu fleece blanket -woven	2
colorado state rams fleece blanket	2
avantgarde basshorns review	2
san francisco alemany flea market	2
popcorn time	4
fastest way from 0-40 destiny	2
colorado springs diy garage	2
youtube explaining growing old death children	2
chaffee county commissioner job description	2
how many wins does it take to get to level 30	2
carnival legend	2
dizzuric	2
shudan ishiki	2
societal expectations of males japan	2
make line over o	2
nhl.com	2
colorado population	2
top gear season 1 episode 1	2
denver post	4
jobs in pueblo co	2
book stores in pueblo	2
how to install a stereo in a 99 monte carlo	2
samp	2
best flow freestyle	2
funny freestyle lyrics	2
my monitor is screen tearing bad	2
screen tear test	2
crossfire hacks	2
44386078734	1
woocommerce extra checkout fields	2
vegan vamp makeup	2
when you cut your vein how fast does the blood come out	2
pubfilm	2
tove lo	2
sports football socks	2
firefox why is a new tab opening when i left click	2
dark souls 3 undead settlement	2
google sign in	2
front range airport: 5200 front range parkway, watkins, co 80137	2
if you point a gun at someone, is that assault?	2
rockies schedule	2
rockport prowalker	2
watters gets in fught	2
communications insurnce	2
samsung tablet ii epson iprint	2
hca acid	2
usajobs	2
lazy boy	2
sirius	4
fremont county colorado activities	2
steve mcnair	2
saturn ion difficulty turning off	2
btsi solenoid saturn ion	2
anime fox	2
kissanime	3
california closets	2
amazon	11
kittty5683	2
dark souls 3 wiki	2
jack smith	2
btd5 hacked	2
persol 3154s	2
mother's day 2016	2
when was pcb in paint prohibited	2
361 raspberry lane monument co	2
best plant centers denver	2
best indoor hanging plants	2
best houseplants for partial sun	2
best plain black baseball cap	2
tsubasa princess of the birdcage kingdom	2
caught the flu 5 times in a year	2
rental homes 80917	2
5030 santiago way, colorado springs co, 80917	2
friends synonym	2
lakeway golf course	2
periods at the end of reference apa	2
security apparatus definition	2
consultancy	2
fonte de alimenta??o dc power supply	1
battlenet change name	2
how many wow tokens can you buy	2
èçâåñòíûå åâðåèè ðîññèè	1
bank of the west	2
bank of the west login	4
how to uninstall avg	2
windows 10 virtual drive	2
fake tales of san francisco	2
8.49 euro = ? dollars	2
william rambo little dominguez	2
how to open source control in gamemaker	2
niche college	2
yahoo.com	4
autodesk fusion	2
moosely seconds	2
weld county school district re-1	2
weldre4	2
red enraged cell	2
native american culturally modified trees	2
whimseydale wings	2
evil oliver whimseydale	2
cosmic butterfly wings d3	2
carbohydrate mechanism ochem	2
facebook	23
denver broncos plush throw	2
t mobile	2
drake views	2
best all white sneakers	2
earn to die 2	2
minecraft	2
the pirate bay	2
get new social security card	2
how to breed scyther in fire red	2
dwarf fortress kaolinite	2
persona 5	2
lafayette public library catalog	2
whirlpool gas range troubleshooting	2
facebook login	9
reign video	2
winston 6 weight	2
value of 1953 two dollar bill with red ink	2
bosch dishwasher	2
year round rv park good schools	2
best buy stereo deals	2
cherry creek state park	3
tripel alcohol content	2
common vetch	2
where to buy outdoor buddha statues in denver	2
2014 sun mountain superlight 3.5	2
american standard telecaster	2
province center	2
75 inch tv 4k new	2
350z delrin shift knob	2
sarah thorncraft 1816 canada	2
google classroom	7
createmytattoo	2
back east bar and grill monument	2
vazee summit review	2
grand junction used cars	2
yahoo mail	4
thunder lake	2
cfa level 2	2
6061 microstructure	4
20808 game trail, parker, co,	2
mature nudists	2
steel infill railing tube	2
homes for sale cherry creek country club denver	2
modest swimsuits	2
delivery colorado springs	2
jimmy johns menu	2
pulcinella pizzeria	2
scott weiland	2
cakefart	2
markiplier cakefart	2
fedex local facility denver	2
gtx 980 ti fan noise evga classified	2
vive setup	2
lincoln nebraska newspaper	2
sleek makeup	2
north platte ne	2
first time in spanish	2
dos cientos	2
cases of sexism	2
revise research paper	2
what is bpa	2
quotetrader	2
tim weber	2
trilobyte	2
greencovers seeds	2
housing diertor	2
clobber grotesk free download	2
clobber grotesk download free	2
bushes of love mp3	2
jim nduruchi	2
commerce definition	2
asean	2
edliostatic ap world history	2
interactions between humans and the environment prezzi	2
angle quadrant calculator	2
arc length calculator	2
squared root of 37 to the second power	2
cotangent	2
tangent is equal to	2
reciprocal	2
co tangent	2
college font	2
cheyenne mountain zoo	2
television comparisons	2
denver dermatology consultants	2
ikea centennial	2
how to win lane against lucian	2
game of thrones season 6 torrent	2
synonyms	4
kinard	4
windrem	2
windrem smith	2
born leader	2
email mines	2
eragon	2
freedompop	2
nike free 4.0 flyknit	2
youtube to mp3	2
old black men dressing young	2
sugarfoot rag	2
satori etude cello review	2
reno sparks indian health center locums	2
alarm clock	2
playlist editor	2
new york times film critics	2
fantasy life staves	2
fantasy life samurai	2
student job help	2
how to break down hard kimberlite rock	2
aol	4
banking jobs in springdale	2
ceran st vrain trail	2
how to find the age of a windows computer	2
enver 4	2
9news	4
ccd connect	2
cu denver	2
cable cars new orleans	2
irs forum	2
waco texas florists	2
spy tug	2
beltane nudes	2
pandora	8
csu canvas	4
mlssoccer	2
o.a.r.s. store	2
lenovo za090011us	2
lenovo yoga za090011us	2
dell venue 8 7000 tablet	3
compare nvidia shield k1, lenovo yoga 3 8, asus zenpad s 8.0	2
dell venue 8 7000 v7840	2
lenovo yoga tab 3 8 removable battery	2
dragon touch dt-m8	3
nvidia shield k1	2
tinkers construct tool material	2
eve online gurista lookout	2
allroad cliper did not compress smoothly	2
c5 audi a6 concave wheels	2
2nd gen ram road armor bumper	2
livwel $99 ounce	2
pot city potluck	2
sassmatass	2
scottish flag	2
fcebook	2
smash gg	2
koa ouray	2
paxton lynch	2
american furniture warehouse	4
currency of republic of hawaii	2
wise genealogy colorado	2
cd cataloging apps	2
"comedic prowess:	2
gorgrond beasts	1
jbl synchros s300	1
nbc law and order svu	1
nbc tv shows free	1
drilling rig derrick	2
the spanish inquistion mel brooks	2
lg g3 pattern unlock	2
lesbian mother	2
brandon bowen	2
gentle paper tan tape nexcare	2
colorado rockies game day	2
kaiser spider vein treatment	2
diy headphone amp	2
nikon d2h blinking clock	2
mlb reddit stream	2
how much us oil comes from saudi arabia	2
how much oil does us import from saudi arabia	2
how do we training a therapy dog for hospitals	2
do minifairings work very well on motorcycles	2
lisa marie presley	2
colorado marathon	2
qyt kt8900 programming cable	2
release wiseguy by spot hogg	2
craigslist fort collins	5
factorio 1 rocket per minute	2
sims3 exchange	2
katherine heigl	2
i wanna it real are you afraid of me now	2
lieat first town	2
enzyme therapy for gerd	2
aline manzi obituary	3
climbing knee pads	3
climbing knee protection	2
best vollyball knee pads	2
smith optics clayton	2
kalen reed	2
austin texas map	2
zillow san marcos texas	2
cnn	4
we didnt ask for this room or this music	2
how to make music	2
commerce city flea market	2
socket fm2+	2
gravastar	2
wingcommander	2
craigslist pueblo	2
used scamp trailer	2
what is an average cost to have a bucket seat recovered	2
opal flower belly ring	2
shape of electrical outlets in hungary	2
celebitchy	2
manual de servicio lavadora whirlpool gratis se prende el f2	2
abuelas y nietos	2
eat 247	2
aspire k4	2
how long to beat dragons dogma	3
dragon's dogma	2
steve maden tall boots wihcolored zipper	2
steve madden tall boots with colored zipper	2
why was the vietnam war fought	2
gmial	2
eisenhower domino theory speech	2
sissy gets fucked	3
tim nickles	2
sweet money clips	2
constantcontact	2
the atomic mass unit is defined so that 1 u is exactly equal to the mass of	2
donte whitner	2
dark jokes	2
national ovation plus 94v	2
best price tires 215/55r17	2
swmbo	2
microbreweries benefit from a tax rebate of 50 per cent ireland	2
microbrewery tax rebate ireland	2
kinnegar brewing	2
palo verde, az	2
grommet	2
how to give photos a blank background	2
lord of the rings when the beat drops	2
wdt720padm	2
frontier airlines colorado springs	2
forster's tern vs common tern	3
alice in wonderland xxx torrent	2
what is a displayport connector	2
amd radeon 7000	2
carbonite	2
neat receipts	2
nap vanes	2
my doctor prescribed oxygen therapy what happens if i don't do it	2
loveland co weather	2
ditide	2
bbc	2
think central	2
weatj	2
hummus recipe	2
lego games	2
cotrip	4
6021023	2
wells fargo	2
home depot	7
reviews state farm agents peoria, az	2
columbia river gorge resorts	2
xxx videos	2
bayfield co real estate	2
2781 queen ann ct, green bay, wi	2
marijuana and burkitt	2
who founded becker cpa	2
stumbleupon	2
history of oberlin in italy	2
what is the top from inception	2
solarium hostel fort collins	2
odysseus was alone, lost, and close to despair. there was nothing to be seen on the horizon. odysseus—the great and experienced warrior, hero of battles, and slayer of terrible monsters—could see nothing but small rolling waves. the vast ocean, in every direction, seemed to go on forever before finally meeting the horizon. which of the following is probably true about the culture that produced this text?	1
csu canvas'	2
destructive and nondestructive testing	2
csu advanced writing	2
recommendation letter	2
osrs wyvern	2
denver wilderness first aid	2
pho 38	2
aadvantage miles itunes	2
7 sisters waterfall norway	2
kley zion legal in colorado	2
flashlight retention	2
tlr2 on vp9	2
tlr 2 laser with vp9 issues	2
nitecore mt	2
ps4 battlefront bundle	2
michaels.com	2
popcorn shrimp recipe baked	2
popcorn shrimp recipe ideas	2
itawamba community college	2
center of distribution	2
skewed right	2
what years x generation	2
how hipsters improved coffee	2
hungover as fuck might pull up swerving	2
g eazy songs about drinking	2
alcohol poisoning signs	2
dnd 3.5 flare	2
saw her face now i'm a believer	2
cdot	4
2pac when we ride	2
craig mack flava in ya ear remix lyrics	2
colorado springs to denver limo service	2
kog'maw counter	2
hck gi	2
starting to smoke cigarettes	2
indiana polls	2
most successful treatments for alcoholism	2
emma starr creampie gangbang	2
chemical equation of star energy	2
cr cruisers	2
douglas county library	4
goal of a commercial bank	2
7 day japan itinerary not tokyo	2
gabriel full movie	2
act scores	2
foundation for international training (fit) and the centre for occupational health	2
defence for children international	2
water for people	2
compiling multiple file c++	2
compiling multiple file c++ no such file or directory	2
the culling pc gameplay	2
arma 3 life	2
does the voice fit the face video	2
r9 390	2
cking my mom's milf friend	2
battleborn wallpaper	2
foundation of holy roman empire	2
indeed.com	2
bustamante name and origin	2
toyota corrolla maintence schedule	2
weapons grade waifus sayaka	2
simple coal dark souls 3	2
22 via de luna hoa	2
9,36129E+21	1
cactus grill loveland happy hour	2
math division games	2
danielle justice rn university colorado	2
spivack	2
royal caribbean beverage package	2
sams club picnic tote	2
tacon chargers	2
ice blue fabric	2
close circuit critique premiere	2
denver weather	2
apartment for rent in aurora co	2
alorica colorado springs	2
custom les paul	2
adams bank and trust	2
counter tops	2
audi, bumper skin, 2001, s4	2
saia jobs portland	2
sapnay 1997	2
divya shakti	2
aatank hi aatank 1995	2
ty a j? text	1
how suicide relates to high school health class	2
why did french join american revolution	2
colored pencils on kraft paper	2
brave in the herat big pun geuus	2
papagaios	2
uberti firearms	2
google send text	2
android to pc backup	2
malwarebytes 2.2.1 key	2
malware key torrent	2
acupuncture school denver	2
1441 york st. suite #202 denver, co 80206	2
consumer protection agency wikipedia	2
19xfc1f36ge005486	2
google pedometer	2
gpa calculator 4.0	2
newbalance 1980	2
poison rites, denver	2
free health fair, denver	2
soundcloud	4
gerber gear	2
easy bib	2
how to fix leggy seedlings	2
women as transformational leaders	2
women leaders in third world	2
tsf monogatari	2
why does my camper heater not lite	2
king's university college	2
project grid on brep grasshopper	2
hunter s thompson costume	2
sherwin williams color consultant in store	2
what pka value means	2
molecular weights of acids	2
optometrists grand junction co	2
deviled eggs	2
why do i feel weak and shaky	2
a mailing service places a limit of 54 in. on the combined length and girth	2
orzy kert	2
american express	2
hacking belkin dashboard password	2
mothers day gifts	3
sds permeabiliation	2
sds detergent cell lysis	2
arvada west high school	2
teechip analytics	2
surplus ammo	2
glock magazines	2
grace and frankie season 2	2
red rocks community college	3
scooby doo donde estas latino mega	3
2016 srx navigation system	2
zu neuen ufern	2
which of the following statements is true about clinton’s plan for universal medical coverage?	1
apply for bankruptcy	2
bought overwatch and still havent recieved my code	2
draft grades by position	2
bible concordance online	2
appliance parts denver	2
refined coconut oil oil pulling	2
null hypothesis	2
stanley cup playoffs	2
redtube	2
expelled from paradise	2
russian twist	2
broadcast daytime emmys 2016	2
weather denver january 20, 1973	2
important events usa 1970-1973	2
hyperplasia vs. hypertrophy	2
open reduction internal fixation	2
west indies architecture flooring	2
step 1: configure traffic that will be permitted. on r2, configure one statement for acl 1 to permit any address belonging to 172.16.0.0/16.	2
alpha delta phi, 5747 s university ave, chicago, il 60637	2
uchicago food	2
contacts google	2
walmart bakery cakes	2
slither.io less lag mod	2
western clothing buffalo wy	2
hello	2
how to do eyebrows makeup	2
mozart piano concertos ranked	2
staining concrete	2
outlook login corporate	2
what a wonderful world	2
cheap tux rentals for prom near me	2
new soccer referee uniforms	2
explore the howling sepulchers eso	2
significado de negar en hebreo	2
los demonios de negacion	2
hitler	2
rod smith	2
2840 cochran trace dr spring hill, tn 37174-8258	3
trattoria il mulino nashville	2
dry hands lotion	2
psy 475 attitude survey	2
euthanasia	2
euthanaisa questions	3
w2 2016	2
house paint colors for 1880	2
foods high in b6	2
automate download from website python	2
kiyan anthony instagram	2
sega cd amazon	2
dean geyer	2
mama max	2
kinsey scale test	2
is sexuality fluid	2
who wrote hunt the truth for halo	2
heteroromantic bisexual	2
grandhall.com	2
the 1975 red rocks	2
psalm 127 graham cooke	2
turbo ford ranger	2
"18 1/2"" x 15"" aluminum"	1
organization xiii	2
hostal fitz roy punta arenas	2
skype	2
what happens if i wipe free sapace only on my local hard drive	2
firefox	4
gogle	2
charlotte russe	2
charlotte mckinney	2
ny daily news	2
vlc 2.15 64 bit	2
free live sports streaming	2
www.facebook.com	2
monster hog highbanker	2
game grumps suzy	2
'epizephyrii's pathfinder character sheet	2
rick hunter ringtone	3
sex and the city	2
switch vs hub	2
new mexico 16a elk uso	2
new mexico archery 16a uso	2
yahoo	7
metal devil dogs emblems	4
summit, nj map	2
www.expresstoll.com	2
nao tomori feet	4
nao tomori boobs	2
nao tomori finger	2
roman reigns	2
charlotte yuu and nao fanfiction	2
nao tomori rule 34	2
pwmania	2
origin overwatch	2
clark 6024 ram seal kit	2
ace	2
electro swing	2
power consumption of circuits components	2
sweets nursery grand junction	2
flamenco classes aurora	2
colorado's best beers conifer	2
arw photo viewer	2
we overlook those tiny happy moments bigger	2
2790 moorhead rd boulder, co	2
southland conference	2
vector space systems	2
kentucky derby	2
d link n150 router installation	3
med tek research lobby	2
download netflix?	2
assemble dancewear	2
how to sneak out of the house from a screen window	2
how much thc in a gram	2
shadowrun hong kong gamefaq	2
x from outer space soundtrack	2
dj tiesto - kalinka (trance dance mix)	2
firefly yh can light	2
priceline	4
advrider: msr	2
olympia dakar pants	2
best source for satellite images	2
facebook font	2
rainbow lakes	2
valerio holguin	1
el aleph	2
homemade toner for dry skin	2
samples of resumes	2
dr robert clyman boulder co	2
hl-2170w driver	2
steins gate 0	2
hbo go	4
best cars for dogs	2
hawthorn tree	2
08w18-t2f-100	2
45mm vs 55mm offset	2
08w17-t0a-100b	2
08w18-tr0-100a	2
2016 honda pilot wheels on crv site:www.hondasuv.com	2
python tutorial	2
colourpop	2
glowshot	2
frcc d2l	2
geneological research	2
dinner theater	2
lost boys song	2
where to save cities in motion 2 maps on your computer	2
tau	2
get /admin/login.asp?username	2
login.asp sql injection	2
piratebay	2
best gaurd in nfl draft 3016	2
forsalebyowner	2
target	2
oathbreaker game of thrones	2
d-loop assay fret	2
markiplier	3
prep test 3 busad 265	2
final grade calculator college	2
mdma price	2
erowid bupropion hydrochloride	2
tumblr hairy love nest	2
owl mascot of the wall street journal	2
transfer songs from microsoft surface to iphone	2
kaise piya se kahoon site:youtube.com	2
weather colorado springs	2
ffix walkthrough	2
how to make fire come out of your sleeves	2
free speech tv	2
cheap apartments colorado springs	2
current government spending on solar power	2
89.com	3
walgreens.com/balance	2
max mccaffrey	2
roaming buffalo bbq	2
bci burke 560-0457	2
presidents mistresses	2
on the front lines magazine	2
jimmy 98 alignment	2
medical college of georgia nursing	2
dictated but not read	2
light absorption negative value	2
gimme chocolate	2
polarity based on lewis structure	2
i don't trust a word the government says george carlin	2
jeffco county employee intranet	3
vegetarian enchiladas	2
cute cut pro	2
average mbs of a 2 minute video?	2
sandifer family trees	2
puresound custom pro 14	2
1963 6g7a circuit fender bandmaster	2
ehb benefits	2
hot springs near alamosa co	2
rental agreements colorado	2
hearthis	2
bitcoin mining ipad	2
southwest airlines	4
deviantart	4
anthony's pizza	2
ohio representative 2016	2
miami craigslist	2
6pm	2
nascar live stream now	2
kelvin taylor	2
israeli couscous	2
hydroiodic acid	2
dr christophers comfrey cream	2
tabboli recipe	2
kevin eloise dyer	2
kevin eloise dyer australia	2
berthoud aspin open reviews	2
kodak 135 pony picture quality	2
collective behavior perspectives	2
charismatic perspectives	2
formation of union of south africa in 1910	2
king soopers deli clerk	2
tirion fordring	2
google play	2
german shorthaired pointer breeders	2
calculating ka from kb	2
nvidia	2
plantar wart	2
rocky mountain official railway guide	2
front floor mat for promaster 2500	2
tumblr	2
console	2
the chaperone destiny	2
what are two recent developments of gis that are currently challenging how gis is conducted and how data and maps are shared	2
web map application	2
example of a small scale map	2
hotmail	4
chicago, il california and armitage avenues	2
amtrak map in colorado	2
peacock alley 100% egyptian cotton pique comforter	2
the curse of the black pearl number	2
what's the best paid online movie streaming site	2
no man's sky review	2
best jim zarka	2
kenmore refrigerator 79022	2
infinity challenge 478	2
cum soothe stomach acid	2
how to clean engine grease	2
who is ingrid nilsen dating 2016	2
elektronikz	2
furaffinity min	2
p-qtl604-ak	2
amazon prime video download	2
dave matthews	2
how to open dish tv remote	2
ebay model a fords	2
n butane and isobutane difference	2
when 4 mol of each x and y are placed in a 1 l vessel and allowed to react at a constant mtemperature according to the equation above, 6 mol of z are produced what isthe value of the equilibrium constant	2
answer the follwing questions about the soubility and reactions of the ionic com	2
each of the three beakers contains 25.0 ml	2
mission impossible	2
fe fates items	3
sunrise katana	2
boot barn	2
offensive religious jokes	2
single length iron heads	2
cabins in colorado for sale	2
easy closets	2
noaa weather	2
take congugate value in matlab	2
roxstar gams fromgta	2
aaaaa ooooo twerk song	2
how to run japanese administrator in windows 8	2
lending tree reviews	2
the pioneer woman recipes	2
colorado festivals 2016	2
lon demon hunter 2.4.1	2
ue diablo 3 build 2.4.1	2
cornerstone park littleton	2
garth brooks songs	2
che lagarto suites copacabana anita	2
cooking with marijuana	2
southwest	2
sphinx sdp compact	2
optionsxpress xtend	2
ñäîáíîå òåñòî íà êåôèðå	1
pizza delivery in montrose, co	2
www.wellsfargo.com	2
deep inside of your pussy	2
when calls the heart	2
gompffh.com	2
virginia beach court docket	2
virginia beach jail	2
abbey tools	2
laniya's three grandchildren live with her because their mother is in jail.	2
diablo 3 flail of carnage	2
netflix	4
bridal sash stores	2
taser pulse reviews	2
alpinestars flex fit jacket	2
kingsman the secret service butt ending	2
sanesssss	2
best weather app	2
population growth meaning	2
dark souls 3 silver serpent ring	2
good beer, great food near me	2
best menopause diet book	2
sherwin williams	2
cambridge soundworks 820	2
istarusa d-storm d-400	2
aluminum tape	2
how many cinder blocks to do 400 square feet	2
baseline and cherryvale	2
solomon temple baptist church-denver	2
life in angola prison	2
tjoc	2
flow chart in powerpoint	2
cabinet shop in baja, hungary	2
: find the equation of motion of the uniform rigid bar damper	2
two masses connected by a spring equation of motion	2
two pendulums attached by a spring	2
mechanical vibrations fifth edition solutions manual	2
can i change my voter affiliation to independent in colorado?	2
8000 east belleview avenue, ste g-10, greenwood village, co 80111	2
how many dollars a day in cote divoire	2
docs	2
big bang theory	2
seeing green in dogs eyes	2
text-overflow	2
bansheeee osrs	2
grace potter and the nocturnals i chose you chords	2
legacy gallery small works show	2
sexual selection	2
admissibility of prior civil judgment colorado	2
data structures map	2
light rail c line	2
century link	2
define metal	2
broncos 2016 schedule	2
pudge site:merriam-webster.com	2
ring size chart	2
ciranet resident portal (real manage)	2
3850 wadsworth blvd	2
one dance drake official	3
lion heart herbs	2
libreoffice impress slide background dimensions	2
dragons dogma burning curse	2
logica y el nulo c++	2
agregar targeta red a dispositivo usb a maquina virtual	2
kristen archives	2
galvanized mother's day gifts	2
news	2
finish it commercial smoking	2
breast reduction	2
backpage	2
covert affairs	2
auggie anderson	2
nathan flatland	1
samsung tabet s2	2
webmail uc denver	4
colorado cache spaghetti pie recipe	2
??? ???? ???	1
??? ??	1
tormund giantsbane	2
fountain florida	2
dragon ball xenoverse	2
interesting facts about mary pope osborne	2
colorado custody hearing role of pre	2
windows 10 update and restart not working	2
chain fall hoist	2
camping pagosa springs co	2
my starbucks rewards	2
cucumber png	2
zeno	2
unlocator	2
mlb at bat blackout	2
google translate	2
first interstate bank	2
inglorious bastards	2
steam broccoli microwave	2
jockey y front briefs	2
solutions for global warming	2
explain the archetype of trickster	2
massacre sites texas	2
jj hardy	2
waterproofing a rv	2
benders brat haus	2
la terraza del casino madrid restaurante	2
sheer thermo reviews	2
unitarian	2
cable tie holder screw mount	2
ocr with microsoft word	2
lcms laborers for christ	2
don's hobbies greeley	2
cheap sheer curtains 84 inch drop	2
r statistical software .csv	2
??? ??????	1
red tube	2
ford manufacturing	2
snagajob	2
facebook new account	4
upnp comcast	2
anythink library	2
adobe cleaner tool	2
adobe replacing the host	2
how to update the bios	2
hntb	2
cute chubby girl fucked	4
cum in pussy compilation	2
wild bees in africa	2
breakfast potluck vegan	2
how to record volunteer hours for resume	2
wokano denver	2
aria not syncing with dashboard	2
how to cook milanesa steak in the oven	2
www.zinch.com	2
interlacements	2
olive oil cake	2
vikings	2
beast of darkness from berserk	2
hotel 340 st. paul	2
covenant media foundation	2
survivor spoilers	2
james peak hike	2
catcher in the rye	2
how is gas measured in the atmosphere	2
hexacopter raiju	2
trove forums	2
how to improve super deepthroat fps	2
austin rivers	2
united airlines	4
according to forbes magazine, who was the world's highest-paid athlete in 2015?	2
son of sam	2
1. mai - helden bei der arbeit	2
mom masterbates in front of son	2
natalie portman peta ad real	2
ford radio for sale	2
runescape burger king deal	2
p2p ranged guide	2
greg capullo batman	2
i wanna riot lyrics	2
bluehost nameservers	2
custom vinyl wall clings	2
best game development software for a single dev	2
2 inch aluminum blinds	2
how to get rid of spider mites on gardenia	2
3-d point cloud speed	2
xna skinned model tutorial	2
ruff sex porn	2
fallout 4	2
eric claptons son	2
aurora public schools	2
dark souls 3 quest lines	2
zapman playlist	2
copyright maker	2
movavi audio out of sync	2
colorado lottery	2
anita lingerie site:http://www.bellazon.com/	2
model id anita lingerie	2
hard summer	2
menu for briarwood inn golden, co	2
wacha	2
collin mchugh	2
hbo now	4
hessen area of germany	2
rovi	2
bar k qt	2
lynn wickersham	2
the penis professor review	2
new orleans baton rouge commuter rail	2
studenthousingcu	2
cu boulder america through baseball	2
trump i love the uneducated	2
honoo no haramase doukyuusei	2
church in loveland co	2
tripadvisor	2
belamionline.com	2
"setvgap(0);"	1
rfid money clip	2
uccs email	2
teamviewer download	2
southwest log in	2
honey garlic chicken	2
wheat ridge internal medicine	2
varsity vs venture scouts	2
glutamine	2
tractor supply	2
xxx	2
dropbox	5
avista adventist hospital	3
dr. loralie davis moeller	2
wwe payback kickoff 2016	2
wwe payback live stream	2
wwe payback 2016 results	2
retro party supplies	2
vintage plastic tumblers	2
country cottage acrylic embossed tumbler	2
mls# 1373048	2
islamic slave trade	2
more usaf female pilots	2
overdrive raceway	2
leica r 1 2 3 cams	2
ao3 living underneath skin ginny	2
everybody wants some	2
kevin smith richard roeper	2
ipad app midi	2
meyers manx	2
meyers manx website	2
datel	2
girls in muddy sneakers	2
sadomasochism smoking	2
ninja zx6r	2
boot barn greeley	2
what is a lowline cow	3
rimmel lasting finish nude lipstick us	2
godzilla 2004 atomic breath	2
rug doctor	2
pale rider theme song	2
m702i-b3 dimensions	2
slamacow	2
2010 vw jetta wheels	2
rug stores	2
hardwood floor protector for rolling office chair leave marks	2
personal capital have a website	2
diver sucked into nuclear plant lawsuit	2
hobart 1612 meat slicer	2
cute ych canine pose	2
as a warfarin patient, what can i take for heartburn	2
swtor how to set graphics	2
vibrational rotational spectra of diatomic molecules	2
game of war set equipment stats	2
dealin doug	2
american psycho full movie	2
baldur's gate pc game walkthrough	2
ksp ro	2
plato's closet fort collins	2
banjo billy groupon	2
"people's care ""latricia garcia"""	1
what is brain freeze	2
google map	2
rotary international leadership academy northern colorado	2
calcareous	2
steam ff ix wont start	2
maurices card	2
another word for dandelion	2
spicy panamanian empanadas	2
how to get thick smoke from rig	2
space engineers bulding a drill	2
internet speed test	2
henkenheimer	2
skyrim optimization guide	2
aaron neary	2
ppcc summer classes 2016	2
ryobi 14 metal cut off machine type ii c356	2
patio table small balcony	2
deadspin	2
variety of indian slimy potatoes	2
recipes for taro root	2
elmer luis guillen marroquin	2
commodore 64 games online	2
half dome yosemite	2
south carolina football schedule 2016	3
how much can you sell body parts for	2
petsmart loveland colorado	2
sex dating sites	2
amr	2
tjmaxx.com	2
britney lucky lyrics	2
dennys	2
do get the sticker if you scrape it in csgo	2
types of poetry	2
level 0 withces spells pathfinder	2
kns anti walk pins	2
al amoudi family tree	2
how to calculate expected value	2
how to get level 3 mines garrison	2
how to get lvl 3 mines plans	2
ncaa lacrosse at large	2
low carb crepes	2
there’s this that i like about hockey, my lad	1
music venue las vegas	2
house of blues vegas book	2
fontsinuse goudy	2
best animal to be	2
tracy aviary	2
fathom events	2
michelle malkin	2
satellite	2
cats and tits	2
open disc drive keys	2
craigs	2
tad-ce1 compact evolution one	2
brookdale lakeway assisted	2
sintra portugal	2
respironics concentrator	2
lowes	2
magnetic terms	2
macys	2
vicotria secret	2
mindfulness how skills	2
natural planet rabbit/salmon or duck/white fish.	2
cats eye shivlinga	2
bill and ted's bogus journey	2
electric toothbrush vs manual	2
townhouses for rent dtc	2
fantasy grounds effect macro tutorial	2
php navbar from txt file	2
dark souls 3 can you parry the dancer	2
dark souls 3 titanite scale	2
everythinggirl.com	2
onemorelevel	2
nine west shoes	2
kansas radar	2
blackboard msu	2
darkrp how to set spawn for certain jobs	2
boy lube cum	2
how is primary productivity measured in an aquatic environment	2
the donation system garys mod	2
what are two possible ways that allosteric inhibitors affect the action of the enzyme	2
how to convert .swf to .apk	2
the uncoming of holy knight celsia	2
s1mple soundboard	2
downforjustme	2
kathy mattea where've you been	2
buy g shock frogman watch denver colo	2
ion thrusters	2
problemas coronarios	2
que significa la palabra severa en espanol	2
gamil	2
colorado stream trout flies	2
11 mile canyon fishing report colorado	2
not responding to unemployment audit colorado	2
cupid has too much physical protection	2
cupid bug smite	2
met 150 ppcc	2
mark hirsch	2
vivent	2
two sisters play sex game with brother	2
sola salon	2
does wotlk have azeroth flying?	2
jungle jeanies by the sea	2
youporn	3
iready teacher login	4
hbo go price without cable	2
20 degree down cheap bag	2
boulder sports recyclewr	2
loveland	2
enneagram free test	2
who lives on cranberry loop in canon city< co?	4
amway	2
msn.com	2
recent student loan legislation signed by obama 2016	2
????	1
fish and chips	2
benny emmanuel en corazon salvaje	2
nolan north	2
guitar hero pc	2
weather in chicago june	2
allison cameron	2
google books	2
imdb	4
creating a paper about a famous person	2
bnrg energy bar	2
hazelnut guild permaculture	2
firefly episodes	2
jewel staite higher ground	2
redbelt iwatchseries	2
american assn of suicidology	2
roblox lagswitch	2
acupuncture and kidney stones	2
photograph	2
searching for birth parents in california	2
timeforce time clock	2
asus ad890326	2
hand foot and mouth disease	2
monster girl hentai vore	2
robeert t beckman	2
hockney	2
tomato seedling branches twisting curling	2
akccolors	2
fintech consruction loans	2
pellet stove radiant heat	2
what happened to mhz on directv?	2
colorado rockies dugout store	2
ebay	4
maya social structure	2
parthenon east pediment	2
pantothenic procession	2
erechtheion	2
ms excel copy formula down column	2
excel how do i convert text to numbers	2
kayak flights	2
university of northern colorado office of financial aid	2
shagya arabian for sale	2
shel silverstein	2
colorado spine therapy, denver	2
elemental overload poe	2
whirling blades melee splash	3
iker casillas	2
best wedding gifts	2
hash brown casserole	2
how bright should the sun be up close	2
google calendar	2
redrocks ampitheater	2
popeyes check near me 80015	2
history colorado	2
report cheaters in the division	2
anne kerven	2
hentai	2
ivoryboy	2
living members of boston	2
sipping and painting hampden	2
used cars pueblo co	3
when did i graduate college	2
norm sec storied replay	2
easy living netflix	2
mccarthy the passenger	2
youtube obama correspondents dinner	2
elephant tail tutorial	2
national weather service denver	2
how do you add sd card to htc one m8	2
what is account credits young living	2
smelly fart fetish stories	2
what is that white stuff in my hair	2
gamestop fort collins	2
denver cattle dog	2
etrade	2
harbor freight	2
width vs max-width css	2
libreoffice box quotes	2
meaning yahweh	2
encore acoustic guitars	2
the do - nature will remain	2
music	2
1987 larson citation boat	2
1987 evinrude 150 hp outboard specs	2
nekopara 2 patch	2
re port	2
how to install led light strip under toekick site:youtube.com	2
dappled willow growth rate	2
michael schmitt denver, co	2
espn pac12 blog	2
disk defragmenter	3
essential oil for bicuspid valve	2
diet for bicuspid aortic valve	2
walmart	2
pirate sleeve tattoo	2
9 news weather	2
every dollar	4
morepa platinum	2
solar telescope	2
costco maui	2
bad spark plug symptoms	2
frozen tilapia recipes	2
air new zealand airpoints	2
fashion model	2
how long and often use an ice pack and elevate a swollen ankle	2
elohim adonai means	2
elder scrolls online	2
cassie young justice	2
how does a norm perpetuate social structure	2
9,26129E+25	1
denver window tint	3
lone tree family practice	2
uniform laws commission	2
word press intranet	2
encyclopedia pro wordpress demo	2
wordpress wiki	2
true grit	2
warby parker	2
velux vss dimensiona	2
qualcomm snapdragon 820 (s820...ench-20160428/	2
mg5520 drivers	2
schwab	2
graphic design jobs	2
birkenstock mayari	2
shutterfly	2
1 1/8 x 21 sanding belts	2
makita model 9030/9031 belt sanders	2
sf real estate	2
hearthstone root members	2
u save car and truck rental john wayne airport	2
how to make your mods for minecraft 1.8 work with minecraft 1.9	2
rambler	2
jez uabriain	2
can a sixty year old man have an interesting sex life	2
chelsea noble	2
best buy	4
id	2
salesforce formula field text area field	2
sum and count	2
wacky packages	2
talonro	2
retro kinder egg toys	2
non-owner car insurance	2
she was beautiful quotes	2
sea rover 36	2
can i give my dog pepto bismol tablets	2
csu collegiate challenge	2
unappriate	2
what's the earliest a baby has walked	2
baby rueben walking	2
mango sour beer	2
cave singers style of music	2
getting fat with fatherhood	2
will diacetyl fade over time	2
terron beckham	2
buy vikings tickets	2
underground dojo keyboard cagefighters	2
escape room	2
aurora ii ultralife two flow switch	2
hearthstone best decks	2
wow which mobs to kill for oil	2
time in between	2
iphoneimei	2
fedex delivery manager	2
hipster music	2
putting a manual transmission in an automatic car	2
when to replace the ballast in a fluorescent light	2
grass calculator	2
listenonrepeat	2
jungle book 2016 subtitles	2
family fun pack youtube	2
find span of vectors	2
songs about hope	2
media promotes racism	2
taco bell menu	2
remove mildew in shower caulk	2
trump vs hillary	2
timothy and janessa the knot	2
mass texting software free	2
yeti coolers	2
how do i find naturalization records from the index	2
nicole coco medina	2
litany of peace guitar	2
sing with all the saints in glory guitar chords	2
autumn leaves guitar	2
employment for auraria campus	3
who to address cover letter to	2
ice cream flavors	2
regal cinemas employment	2
adams lumber	2
pinterest	4
jcpemmy	2
sports authority	2
don't starve easy health	2
was yajirobei a cannibal	2
don't starve how many touch stones	2
erotic archives	2
one such balloon is filled with air that is initially at a temperature of 303 k and at atmospheric pressure	2
xsteel	2
akfiles	2
movies 80504	2
315 cheyenne st, calhan, co 80808	2
release pinch nerve effecting neck	2
parallel path progression systems	2
how to inform staff of employee termination	2
rocky mountain council	2
united mileage award chart	2
hp 8412a	2
microsoft web tv wiki	2
bass drop sound effect	2
alexander hamilton was not president	2
nike outlet coupons	2
mamas don't let your babies lyrics	2
hdx screen kindle	3
ruger p97dc field strip	2
pelican products progear elite cooler, 45 quart	3
ikea besta	2
m chad sorenson koosharem ut address	2
surpl s electronics	2
lord of the flies quotes jack	2
television peruana hd	2
rolls royce	2
abyss watcher dark souls 3 wallpaper	2
mediaf?re.com	1
fandango	4
hulu sign in	2
rosario dawson	2
weather	2
ban muon hen ho 163	3
hotwire	2
naughtyamerica	2
shiners car wash	2
albertsons grand junction	2
womens low top boots 8w	2
gluten	2
ez ap season 6	2
madeira capital advisor	2
itunes discover music on computer	3
tc *cc internet pr 877-290-8487	2
saitek pro x-56 rhino reviews	2
guild wars 2 multiple builds	2
morrowind console commands	2
domics	2
used suzuki sx4 for sale	2
meatloaf with hard boiled eggs recipe	2
church staffing	3
job description director of children's ministries parker united methodist church	2
how to make a table in excel	2
reddit	2
pnc	2
summoners war bernard runes	2
summoners war copper runes	2
2016 snow mountain challenge	2
play dr mario onlin	2
regal cinemas	2
best christian pop songs	2
castle rock movie theaters	2
amazon categories tree	2
msds	2
opencart sticky cart	2
.com	2
wisteria	2
denver craigslist jobs	2
etsy	2
ceiling mount curtain track	2
"96"" vinyl curtains cut to length"	1
streamline moderne	5
porn hub	2
ysl l homme parfum intense 60ml	2
opera not working on windows 10	2
grand kawanua manado pemilik	2
dhgate	2
huntington's chorea	2
agents of shield	2
pokemon maker	2
youtube live sub counter	2
diy frosted glass windows	2
how to fix a pull chain on a ceiling fan	2
hitodenashi	2
plex media server	2
meaning nothing compares 2 u	2
cable services in my area	2
navient	2
whip spiders	2
orchard weaver	2
what is asus gpu tweak	2
osrs map	2
cu denver electrical engineering	2
how to end the school year with a group of students	2
honeywell pro 3000 wiring	2
watch safed jhoot	2
amol palekar zarina wahab	2
campground reservations arches	2
how much do youtubers earn	2
importance of cars	2
dual screen hulu fullscreen	2
i would love in japanese	3
how to make a beaded lanyard	2
birthday pattern	2
sonor drums	2
smite rule 34	2
reddit, leasing vs owning a car?	2
quante volte oh quante	2
brad pitt zombie movie	2
farmville namaste india chapter 10	2
domes for relief work	2
breath spray cvs	2
honda fg110 tiller manual	2
recipe for mushroom soup	2
in range c#	2
lets describe the romance	2
www.barclaycardus.com/activate	2
mytex medici plum pillows	2
cream beds	2
full bedroom set on sale	2
furniture warehouse denver	2
dream merchant at 5603 leetsdale dr	2
schwab brokerage roth ira	2
charles schwab joint checking	2
schwab bank investor checking joint	2
hunter homa	3
165 sutherland road allenspark co	2
israel	2
kiss cam slap	2
pictures into movie	2
keanu movie	2
health insurance quote	2
google net pac	2
heart barracuda	2
starstax free download for windows	2
ctme	3
recolorado	2
lions club international	2
astralite table	2
kik sexting	2
knoxville	2
graphene oxide antimicrobial	2
pictures powerpoint apa	2
engineering jobs denver	2
boston market	2
dr forester dog cats	2
www.senioranswers.org	2
berkeley denver co	2
kanye west net worth	2
natural way to sotfen cats stoil	2
leg	3
games	2
matrixtxri745dfw onion	3
bikini	2
clothing	2
imgchili	2
anya oxi	3
vlad models	2
beauty	2
s&w sw22 holster	2
gaia.com	2
kevin garnett honey nut cheerios	2
coco movie	2
nhl stream	2
hoverboard	4
lebronjames	2
kindred adc	2
milf tumblr	2
tj warschefsky	2
imedeen	2
apa book edition	2
cancer chromosome transcription	2
lucid dreaming and christianity	2
east side kosher deli glendale co	2
calculus bc logistic differential equations	2
overdrive.com/libraries	2
jesus navas	2
strawberry caracal	2
aol.com	2
etudes	2
silicone casting	2
perfect biotics scam	2
projectfreetv	2
corbeau seats	2
2006 mustang leather vs cloth site:forums.corral.net	2
electrician denver	2
where to find fuel in star conflict	2
naked on boat	2
stormtrooper	2
jewish last names	2
what is the highest address that can be given to pc-b that allows it to be on the same network as pc-a?	2
coordinate vector calculator	2
pueblo craigslist	2
vip kid teacher portal	2
what geological features occur where diamonds are found	2
search history	2
what happens when a mountain chain is in the path of an air mass moving eastward?	2
purple rain movie	2
pueblo zoo	2
safe security	2
nick gilder saturday	2
relative humidity worksheet middle school	2
dpa-dh120 firmware	2
magic rush best tanks	2
youtuber snapchats	2
2006 625smc site:ktmforum.co.uk	2
small supercharger	2
game of thrones permier time	2
game is not able to run because of comptability	2
galaxy s7 case anime	3
edge 7 anime phone case	2
how many carbs are allowed on a low carb diet per day	2
westwood college transcript request	2
h&m	2
travel trailers denver	2
ricki raxx hardcore boobs dvd	2
burbank	2
come and see me lyrics	2
bubble crab shortcut	2
retirement and buying a home	2
va disability & social security in come to buy a home	4
2003 volvo s60 srs airbag service urgent	3
warrior names wow	2
cool ways to spell cyborg	2
82 camaro t5 crossmember	2
hrp	2
small leather chairs	2
samsung note 6	2
tasker delete variable	2
tasker at home profile	2
tasker home detection	3
tasker task not working	2
tasker global variables	2
tasker execute task	2
tasker multiple tasks one profile	2
tasker execute run a profile	2
ktm 350 exc-f for sale	2
2014 beta 350 for slae	2
yamaha	2
mapquest	2
frank g martin bourbonnais	2
italian beef recipes	2
feel sick and heart rate weird after masterbating	3
nodemcu	2
fuel pump replacement 92 izuzu amigo	2
average rainfall western us	2
how to build a software file encryption	2
what is an .apk extension file	2
negative predictive value	2
gmai	2
xcel energy	4
spirit of the north wow	2
how roe vs wade stopped a crime wave	2
ssfcu login	2
he boot too big for he gotdamn feet	2
how to share you addons with your friends in garry's mod	2
blood smear slide	2
ford 2.3 dohc performance	2
ford 2.3 dohc exhaust header	2
how to buy on gearbubble	2
stratford career institute reviews	2
timbuk2	2
dayspring free ecards mothers day	2
995 grape street denver, co 80220	2
itunes login	2
sofitel brazil	2
fanagno	2
volvo ignition will not turn past 2	2
youp	2
weather denver	2
rick spilman football	2
sears card	2
peerless tires	2
ts4 short hair cc	2
beautiful girls club	2
filing business taxes no revenue	2
monster jobs	2
do i need to vaccume to remove lice?	2
dental technician job grand junction, co	2
bio aesthetic dental lab	2
is tony stewart married	2
limestone in puerto rico	2
bjj after 40 turtle	2
images	2
british raf he shot at the flak that hit him bursting the barrel	2
penfed.org/belvoir	2
miniature painting	2
ciell 2 candidature blaise pascal	2
mastre csii d?veloppement des activit? commerciale	1
utube comedian bill burr	2
chick corea youtube	2
ursa	2
at&t suspend service cost	2
ethos movie	2
facebppk message insert text symbol	2
cbi report park county shooting	2
no, no le presto el su?ter azul. no, no te presto el su?ter azul. voy a comprarles ropa interior. vamos a compra	1
total war warhammer	2
csi izzy	2
moon free clip	2
sweeney todd	2
kitkat vs lollipop	2
california democratic polls	2
enzo amore	2
best mature xxx	2
mens warehouse group	2
mercer knives	2
st thomas more church centennial	2
30 day workout challenge	2
university of colorado tuition	2
t89 calculator online free	2
1000 sq ft hard wood installed	2
12208 laurel chase dr rivertin, drive 84065	2
pokemon mystery dungeon explorers of sky used	2
north carolina hare scramble series	2
addictive hog hunting	2
david ortiz	2
usps coupon code may 2016	2
usps free shipping code	2
runescape magic	2
samson s-equalizer 7-band graphic equalizer	2
romania escorts	2
japan national parks	2
seattle nickname	2
hotmail.com	2
jg hk416	2
mass drop	2
reserve america	2
tiko	2
dpl	2
ebay motors	2
2003 subaru wrx hawk brake pads	2
porterfield brakes	2
hawk rally brake pads	2
snowpack colorado	2
dolores river conservancy district	2
dinar recaps	2
apartments in northglenn colorado	2
weather in arizona	2
foci of demyelination	2
can i buy a walmart gift card at walmart	2
overwatch reddit	2
paul george contract	2
individualism in turkey	3
ninh kieu, c?n th?, vietnam	1
wrestling singlet	2
superman wrestling singlet	2
superman wrestling singlets	2
best pc editing software under 100 dollars	2
ideas for grooms presents	2
ksp 1.1 sciencealert	2
restoration hardware outlet	2
restaurants in colorado springs coupons	2
ncaa softball	2
mike nifong	2
united air lines	2
clutch gaming	2
cultures where women hold all the religious power	2
how to multiply matirix	2
jre 8	2
ssfcu	2
eiffel tower	2
summer salad recipes	2
kimmy schmidt	2
butt solder	2
jon snow	2
kingdom hearts axel	2
pablo neruda best poems	2
spinach artichoke dip	2
detaching from someone with bpd	2
must watch netflix movies	2
games done quick twitch	2
ghbo go	2
1516 8th ave greeley	2
what is a marketing initiative	2
how easy is it to learn scrivener	2
swamp nymph stories	2
aspen times	2
nvidia geforce	2
1800 indian head penny	2
tower of babel game online	2
chest press pulse	2
part #nw246 wilson combat	2
fort collins real estate	2
restoring old coins	2
naked boobies	2
free based freestyles	2
resident evil apocalypse full movie stream	2
driving test	2
chicken and rice recipes easy	2
ikea denver	2
mount watson colorado rv park	2
rainbow research optics	2
sad	2
five nights at freddy's plushies	2
google slides	2
greek armies soldiers and weapon	2
blogger	2
opinion writing 3rd grade	2
on what distinction does stoicism rest? explain how making this distinction is the key, for the stoic, to both happiness and freedom.	2
spicy house	2
statistics hypothesis testing in general and in practice	2
hark system magazine adapter	2
hops white ipa	2
colorado beverage company stapleton	2
harmony management group	2
percy jackson fanfiction	2
resveratrol supplements	2
hamdi ulukaya	2
two rivers csl grand junction co	2
appliance parts castle rock co	2
southern girl names	2
restoring force formula	3
grace jones	2
stronger than you lyrics	2
invacare	2
weather forecast for fort collins 7 day	2
wingate round rock tx	2
what do nasal sprays do	2
05.08.2006	1
windows 8.1 install could not be completed	2
jaden smith announcement	2
kentucky buck cocktail	2
bicycle kite for sale	2
chase blackstone ca	2
crock pot pork chops cream of mushroom soup	2
pammi motors	2
allrecipes	2
everquest 2 nostromo n52te 2016	2
how to get google to show only hits from the current year	2
titanium alloy retail	2
butadiene rubber sheet	2
principal financial login	2
k1 speed	2
take pictures online	2
minecraft free online game no download to play	2
what is a #12 flat head wood screws	2
jeremy camp christ in me video	2
greenchef	2
dave trupp drummer	2
kirsten waldrip	2
heather jackson attorney colorado	2
heather flannery attorney colorado	2
examples of nonviolent resistance	2
float switch	2
jared jewelers	2
for sale used toyota highlander hybrid limited	2
google chrome	2
orileys	2
general elctric insurance	2
cheap tickets	2
california case people v. glazier 2010	2
record deed notice after buying house	2
funko pop reddit	2
white river national forest caves colorado	2
american furniture warehouse locations	2
arapahoe government employment	2
lemon cream cheese dessert	2
citizensbankpagosa	2
the body shop inc	2
oakland raiders news now	2
games designed for oculus on htc vive	2
bell & howell power zoom pz3200 amazon	2
cheap trick	2
rick and morty free rick shirt	2
jorge's pueblo gluten free	2
blue velvet david lynch testicals	2
denver attractions for denverites	2
japanese ??	1
2016 nissan rogue vs 2016 honda pilot	2
instead of list of criteria can we for single query with multiple logical operation in hibernate	2
"where a,b in ((1,2),(3,4)); hql"	1
smbc	2
the onion	2
how long does it take to fly from boston to colorado driving	2
ppcc calendar spring 2016	2
maverick	2
why are isotopes importatn	2
does bromine gain or lose electrons	2
showbox pk	2
how to program my sim card to an unlocked phone	2
frontier airlines	2
the shack movie	3
colorado dmv make abbreviations	2
car trailer gvwr	2
fundamentals of r programming	2
explanatory variable	2
colorado community college system online aas criminal justice	3
lakewood colorado pole dancing	2
wealth inequality by country	2
block diagram generator	2
marriott maui ocean club	2
american defense mro mount	2
guthrie ok calendar of events	2
719-624-2069	2
allow app to see friends list	2
icons in aol are small	2
mountain kinnikuman	2
bomberman 64 hard mode 100% speed run	2
red snapper recipes	2
brother sister porn	2
sansdisk the disk is write protected but it is not	2
berkey water filter affiliate program	2
thamnophis radix	2
kindle paperwhite not recognized by windows 10	2
8656 forest drive	2
church at briargat mel	2
bunn high altitude	2
valyrian language	2
wsappx	2
trump win prediction	2
multi wallpaper windows 10	2
youtube pronounce gif	2
double stroke from our kind sex bomb girlie	2
michael jackson billie jean video	2
google hangouts	2
grubhub	2
univ of colorado health secure	2
antonio's dreams in bless me ultima	2
samsung gs7 restarting by itself	2
lasagna soup	2
how to do a british accent for a play	2
mexican sand sink for bath by peerless	2
what colors were bathtubs in 1998 for bootz	2
custom cover ektorp armchair	2
ikea ektorp jennylund cover custom	2
flexible survival wyvern	2
purgatory adventure camp kids	2
efirstbank	4
petroleum systen middle upper pennsylvanian	2
fly river delta	2
isolated sand bodies	2
halliburton news	2
the wave utah	2
connect school pueblo calendar	2
166 lakeshore cir # 170, bumpus mills	2
354 nature's trail , huntingdon , tn	2
land for sale in tennessee	2
waverly tn news	2
1055 wades branch rd - centerville, tn 37033	2
xfinity movies	2
cephalgia	2
does shutterfly make a board book	2
mini hand hand fingers thumb book	2
eagles undrafted free agents 2016	2
dragon age wiki	2
blood dontation shortage	2
blood donation bersus demand	2
blood supply demand	2
xfactor	2
heart rate 3 times per week cardio	2
king soopers discount movie tickets	2
colorado school of mines	2
face emojis	2
asu business awards	2
cmc powder	2
bulk tylose powder	2
pizza hut	2
what is a mail in rebate	2
johnny carson	2
aa affordable trash pueblo co	2
ztrip boulder	2
douglas mawson	2
twilight sparkle destroys mountain	2
population of equestria	2
markiplier sky williams	2
nasa extraterrestrial habitats	2
plus size women	3
gymnastics wedgies tumblr	2
vcm suite crack	2
datsun 280zx turbo fuel pressure	3
harold and patricia korell football field	2
3rd or 4th gear dyno pull	2
vincente cardona denver	2
average day length scottsdale	2
limoncello cocktail	2
minecraft videos	2
minecraft wiki	2
cleanfoodcrush	2
how do i get over the loss of my husband	2
co 3++2 csu transfer course	2
greenwood development	2
hyatt place denver ai	2
bitcoin casinos 2016	2
eurika 160 power	2
poudre bike trail fort collins	2
denver art museum	2
psychedelic movement	2
adrian cherry artist	2
universal auto door weatherstripping	2
hd dash cam pro	2
how to delete email account in outlook	2
microsoft word lawn mowing business cards	3
lmc truck	2
ako	2
park hill real estate	2
free games ps plus may 2016	2
caar rental miami late night	3
med student loan reimbursement abroad	2
handbrake source dvd not working	2
fallout 4 mods	2
colorado springs olympic games	2
sim card for an iphone 5	2
elbow dysplasia..proof that its genetic	2
m?ki k, groen af, liinamo-e and ojala m (2002) genetic variances, trends and mode of inheritance for hip and elbow dysplasia in finnish dog populations. animal science 75: 197-207	1
cetyl myristoleate mg dosage for dog	2
what is the song in the suicide squad trailer	2
justin bieber	2
no clean singing	2
nothing without love sheet music	2
outdoor fabric	2
ps4 exclusives	2
1987 thunderbird rear lights	2
dark souls 3 reddit	2
xcel enegery	2
dark souls 3 how to know if softbanned	2
dark souls 3 softban	3
gulliver's travels character analysis	2
tolco	2
banana bread recipe	2
how do i get an exponents on a keyboard	2
to kill a mockingbird synopsis	2
democrats boo god at convention	2
backgammon online	2
random sentence generator	2
basher	2
is money demanded same as aggregate demand	2
vault hunters relic	2
hide page break lines	2
open market purchase of treasury bills	2
demand for loanable funds	2
southparkstudios	4
ting	2
new on netflix may 2016	2
2016 usta adult 40 - ws	2
iceland map frommers	2
tripadvisor dog sledding iceland	2
reykjavik to jokulsarlon lagoon	2
java double to string	2
java cast object to string	2
java find array length not null	2
sia face	2
hours of daylight	2
citing an anthology	2
ratchet and clank movie	2
bmw 325ci door lock removal	2
my house is a very very fine house	2
100% free porn movies and sex content	2
arc thrift store sky sox	2
fireturck	2
halo weapons list	2
hdmi switch	2
treasured seasons verse	2
gcor rule 71.14.1	2
fun things to do when you are bored list	2
macy's foothills mall	2
dr. sudha srinivas professor	2
making yogurt	2
importance of learning programming	2
what is a charlton	2
square root of 1000	2
uc denver	2
lifeline	2
2016 rock and roll hall of fame chicago	2
m2 new chase cars	2
xkcd	2
how to replace button on jeans pocket	2
playmonopoly login	2
vinegar and baking soda clean oven	2
hairstyles for women over 50	2
xiomy abigail la prinxezitaa valencia	2
hentai.ms	2
electric guitar build	2
night lesson plans	1
"thinking questions for ""night"""	1
colorado state jobs?trackid=sp-006	2
voice recording microphone	2
seasonic 1050w	2
can you put thermal paste over old	2
amazon.com	2
www.unm theatre	2
muscle spasm after rib fracture	2
bunny wailer tour	2
rc crawler	2
slither.io	2
mfpallytime	2
free ambient sample pack	2
the art of mastering french cooking by julia child	2
area code colorado map	2
saxon ath with cds	2
amazon marco polo journey to the east	3
cnngo	2
proper tasty	2
bbc good food welsh rarebit	2
instructables	2
getting better speeds in apartment	2
duschenne smile	2
razor electric go kart	2
define erratum	2
alliant credit union	1
b&b dei bravi milano	1
what do you use the discriminant for	1
å‰æ©å·žç«‹å¤§å­¸ å­¸ç”Ÿæœƒ	1
dcom got error "1068" attempting to start the service netprofm	1
044386078734	1
fonte de alimentaÃ§Ã£o dc power supply	1
Ð¸Ð·Ð²ÐµÑÑ‚Ð½Ñ‹Ðµ ÐµÐ²Ñ€ÐµÐ¸Ð¸ Ñ€Ð¾ÑÑÐ¸Ð¸	1
mÃ¤ki k, groen af, liinamo-e and ojala m (2002) genetic variances, trends and mode of inheritance for hip and elbow dysplasia in finnish dog populations. animal science 75: 197-207	1
"night" lesson plans	1
thinking questions for "night"	2
odysseus was alone, lost, and close to despair. there was nothing to be seen on the horizon. odysseusâ€”the great and experienced warrior, hero of battles, and slayer of terrible monstersâ€”could see nothing but small rolling waves. the vast ocean, in every direction, seemed to go on forever before finally meeting the horizon. which of the following is probably true about the culture that produced this text?	1
9361289672090047606151	1
ty a jÃ¡ text	1
which of the following statements is true about clintonâ€™s plan for universal medical coverage?	1
18 1/2" x 15" aluminum	1
"valerio holguin"	1
ÑÐ´Ð¾Ð±Ð½Ð¾Ðµ Ñ‚ÐµÑÑ‚Ð¾ Ð½Ð° ÐºÐµÑ„Ð¸Ñ€Ðµ	1
"nathan flatland"	1
ì—°ì„¸ëŒ€ ì„¸ë¯¸ë‚ì‹¤ ë™ììƒ	1
ì´ìƒêµ­ ì¤‘êµ­	1
Ø´Ø¹Ø± Ø¨ÛŒØªØ§Ø¨ÛŒ	1
setvgap(0);	1
people's care "latricia garcia"	1
thereâ€™s this that i like about hockey, my lad	1
ã‚·ãƒ§ãƒ ãƒ‹	1
92612901790362011320000024	1
mediafÄ±re.com	1
96" vinyl curtains cut to length	1
mastre csii dÃ©veloppement des activitÃ© commerciale	1
no, no le presto el suÃ©ter azul. no, no te presto el suÃ©ter azul. voy a comprarles ropa interior. vamos a compra	1
ninh kieu, cáº§n thÆ¡, vietnam	1
5.8.6	1
japanese ä¸€ç·–	1
where a,b in ((1,2),(3,4)); hql	1
