duffy mlb giants	1
yahoo	5
photo of may day friends in a circle with ribbons	1
1800contacts	1
waitress the musical	1
jamie brown facebook	1
rainbow runway candy crush	1
mapquest	1
love of christ	1
jason duko corona del mar	1
pimco	1
target coupons	1
www.mexican gorditas.com	1
⁄©ŸàŸÜ ÿßÿ®ÿ±ÿßŸÜ€å	1
www.clip sex gf.com	1
hbo go	1
tc electronic	1
univision live stream online free	1
tradition pink	1
simple painted greek letters	1
natascha encinosa	2
multi monitors how can i move the desktop icons to the one that i want?	2
hk p30	2
soulsilver safari zone	2
verizon.net	2
what person in pokemon emerald tells you what hidden power you will have	2
audrey lords	2
xiuli he	2
roughing end mill	2
laplace equation	2
prandtl equation	2
john medeiros	2
danielle woods	2
cub cadet model 60	2
early successional wildlife species.	2
threats to the monteverde rainforest climate	2
in large part because of the work of ernest. f. coe, everglades national park was officially established by congress in 1934.	2
algebra 2 writing equations of parabolas worksheet -6/8	2
tv en vivo	2
1 gbps wifi extender	2
linux kvm no bootable device	2
dumb ways to die	2
galaxy s5	2
madison brengle	2
graphing calculator	2
geekbuying	2
westown movies	2
well fargo routing number	2
icy veins	2
doctor who	2
dbm unit	2
kabali teaser	2
point break	2
spring steel v hooks	2
crab dip	2
fa e	2
game of thrones season 6 episode 1	2
xxxvedio	2
youtube wgi percussion	2
wgi zone	2
broad street run winner	2
indeed	2
what is a probation officer specialties	2
typography fragmentation	2
willy wonka remix pure imagination	2
where to farm cosmetics d3	2
java constant string switch	2
android view aspect ratio	2
android set button size	2
hipchat	2
chinese to english	2
witcher 2 builds	2
solidworks linear pattern between two objects	2
windows 10 administrator	2
bbw tumblr	2
half life	2
canystand	2
canl? radyo	1
alpha delta pi gin	2
craigslist	2
wwe account sharing	2
how to reset restore point in windows 10	2
new game of thrones	2
last week tonight shedule	2
how to engage in continuous learning as a professional educator teacher workshops	2
types of teacher workshops	2
how to motivate students to read	2
how to make histogram in excel	2
rabbi	2
golden corral locations	3
michael kors handbags	2
chanel bags	2
4923 ogletown stanton rd newark, de 19713	2
beer vs liquor for stomach	2
lankfordgunshop.com	2
direct sports	2
closeout bats	2
pergola	2
eklong	2
kohls	2
"rich burgundy curtain pana;"	1
national museum of natural history	2
used 38fk work and play	2
powered trailer mover	2
work and play 38fk for sale	3
fuzion toy hauler	2
she made me cum buckets	2
how to store feta in brine	2
valbreso feta where to buy	2
standard deviation for random variable	2
why did hitler have the moustache he did	2
don't you know rico and the ravens	2
algebra 1	2
good value bourbon	2
cycling news	2
roanoke times	2
what is the most frequent cause of death in middle adulthood	2
propay	2
slack for chrome browser	2
clear voicemail notification nexus 6p	2
ruger 10/22 magazines lipseys	2
catholic cemetary in oakland nj	2
casita freedom deluxe 17	2
mazdacapitalservices	2
find washing machine with 26 inches deep	2
wgu portal	2
in the mood	2
in the mood show schedule	2
contact google fraud	2
how to cite an editorial in text	2
eventhubs	2
karate techniken	2
best artsy flash games of all time	2
map	2
brothel delaware	2
advance auto parts	2
x5 4.8 obd2 interfaces	2
elderly technology use volunteering delaware	2
singtao	2
chinese food on new road wimington delaware	2
pts	2
repeated measures anova and gain scores anova f	2
who plays desmond on lost	2
maas subnets	2
maas dhcp not running	2
young living virtual office	2
facebook	3
dragon spindle	2
healthy living and human movement or dance lesson plans	2
son of beast loop accident	2
nhra 2016	2
when does a fetus look like a baby	2
youtube meghan trainor no	2
nova launcher themes	2
bank of america credit card login	2
best buy credit card payment	2
puppygate	2
tijolinho a vista de canto redondo campo grande ms	2
shoppingchina	2
ebay,	2
verizon	2
pcc op co meeting 2016	2
box office	2
update to windows 10	2
ufc schedule	2
delco lawn service reviews	2
pier one	2
at&t	2
printstream object java	2
java	2
bright eyes bass tabs	2
prototype 3	2
worldbearer ring	2
quidditch world cup	2
bomberman ps2	2
hry	2
irregular triglycerides kidney disease	2
uremia	2
paypal	2
the server {7006698d-2974-4091-a424-85dd0b909e23} did not register with dcom within the required timeout	2
gp new york	2
conan	2
saigado	2
trig functions reference angles	2
pe surse	2
if we are dead how will our body be punished in hell	2
shivaji rajinikanth	2
epl all team match	2
back alley arms	2
mapquest classic	2
googlecrome	2
power series representation calculator	2
2017 nfl free agents	2
getting rid of belly fat	2
george takei oh my	2
led datasheet	2
jesse flash cw	2
garcinia cambogia	2
escort the lore seeker to the underground lake	2
stacy the kat carter nude	2
how to celebrate a 6 month dating anniversary	2
volkskrant	2
spencer lab udel	2
spencer lab udel address	2
amortization calculator	2
pokemon legendary may	2
$5 fill up	2
dollar vs euro	2
cloud advent children fanart	2
american pie	2
one lyrics	2
xxx bettie paige	2
album art messed up on android	2
phl to ewr shuttle	2
binding of isaac taurus	2
buy a sword jesus meaning?	2
you	2
people can reduce the inflation tax by	2
liquidity refers to	2
you put money into an account that earns a 5 percent nominal interest rate. the inflation rate is 2 percent, and your marginal tax rate is 20 percent. what is your after-tax real rate of interest?	2
cize	2
bmw e60 camshaft position sensor	2
orlando vacation packages	2
gaytube	2
weather radar	2
netgear forums	2
nvidia audio driver conflict with realtek	2
how to slide down ladders fast dark souls 1	2
dark souls progression	2
tinea nigra	2
ford fiesta 2015 insurance	2
deep scratches on my rental car	2
papajohns	2
doubletree milwaukee downtown nearby restaurants	2
must you take rmd from each ira?	2
miller park temperature roof closed	2
youtube	2
mens silk shirts long sleeve black xl	2
marvin's mountaintop	2
wilmington weather de	2
joaqin sama siquiatra	2
elpais	2
game of thrones season 6 episode 3 trailer	2
prince that was promised	2
pred fan fic	2
making a dnd villain	2
graduation invitations powerpoint	2
"16"" wide bucket seats"	1
dci	2
add location google maps	2
people with panic disorder have larger quantities of orexins than people without the disorder, which may lead to panic attacks. orexins play an important role in ____.	2
missing money	2
diablo 3 demon hunter starting guide	2
the difference between clementines and mandarins	2
cover city	2
piratebay downton abbey season 5	2
downton abbey - season 5 [bdrip x264] - coot	2
downton abbey season 5 s05 complete (1080p bluray x265 hevc aac 2ch joy	2
aggron	2
tile market of delaware	2
free porn site	2
sussex academy charter school delaware	2
married women's property act law india	2
ts3 music soundboard	2
yandere simulatgor	2
yandere dev face	2
sis anger lyrics	2
which of the following internet business models does amazon use?	2
the council of nicea	2
melee pronunciation	2
dvi-d	2
raleigh nc public schools	2
calimacil lightsaber	2
dbpower waterproof action camera	2
lichtman celebrity limo	2
harrington casino	2
mtgtop8	2
wod challenge mode achievement	2
e6b	3
where to upgrade baleful gear with valor	2
what hacks in minecraft let you walk through walls	2
kitchen cabinets delaware	2
how to make an old fashioned whiskey drink with simple sugar syrup	2
porn	2
wake up wake up wake up it's the first of the month	2
huge tit german porn	4
laughingmari	2
carrot soup moro	2
pyrithione zinc cream	2
site:corghi.com corghi.com/infoauto	2
ovi suite	2
melinda ledbetter 1980s	2
xhamster	4
shemale licks pussy	2
white house correspondents dinner	2
mozbackup	2
college board	2
ravens news	2
what is imp inc on paycheck	2
lacie 5 big pro incremental backups	2
better to keep two nas machines synced - or have one back up the other	2
jeffree star	2
teva	3
july 14, 1822 was selected by denmark vesey as the date that he would lead a slave uprising to capture charleston, and conquer the south carolina countryside. this date was selected for all of the following reasons except:	2
by 1850, more than 50,000 free black people lived in the south	2
which of the following is not one of the reasons why some free blacks used ìafricanî to self-identity while others did not?	1
xfinity prepaid internet	2
lenth's method	2
best beyblade	2
doxycycline hyclate	2
herman holloway campus jobs	2
university of wisconsin milwaukee	2
redners	2
roundabout tabs	2
nunn bush sandals	2
kesha	2
instagram	2
clavary chapel in lancaster	2
remote starter for 2005 tahoe	3
ebates	2
facebook login	2
colorado marijuana	2
intractable nausea causes	2
dark souls 3 s dexterity weapon	2
citibank	2
vsco	2
hydrocodone with tizanidine	2
gm	2
quicksilver	2
dodge ram 1500 accessories	2
wells fargo login	2
why was the overwatch pre-open beta moved?	2
big reactor	2
when is the kentucky derby 2016	2
addicted sports gambler	2
lots of balls in the air	2
backing tracks major	2
adding machine 10 key	2
canlƒ± radyo	1
rich burgundy curtain pana;	1
16" wide bucket seats	1
which of the following is not one of the reasons why some free blacks used ‚Äúafrican‚Äù to self-identity while others did not?	1
