cat6e cable length limit	1
cisco managed switch	1
ip subnet table	1
cat5e cable length	1
sg300-10sfp	1
cisco 12 port managed switch rack mount	1
network diagram drawing tool	1
cisco router	1
patch panel	1
stockton ca real estate	1
cafe berlin dc	1
airbnb	3
kmszal@gmail.com	1
best online pharmacy without prescription	1
how to make a coy pond	1
fashiontap	1
google imagenes	1
wikipedia	1
sling tv	1
average car detail pricing in washington dc	1
ymca camp binghamton	1
internships binghamton ny	1
download jumpstart 3rd grade	1
gregg survivor oz	1
crank brothers pedals	1
kendall jenner	1
worst singers in metal	1
birthmark disappeared	1
utc 12hr format	1
pride and prejudice run	1
champions league 2012/13	1
obama, religion, and student loans for seminarians	3
reddit game of thrones season 6 episode 2	2
frank cilczek	2
karen lapina pittsburg pa	2
divorce law in md for social security	2
american airlines merger	2
the midtown group	2
tysons corner movies	2
game of thrones	4
best practice savings for retirement	2
horace mann	4
thomas gallaudet	2
geoffrey canada	2
the mars family	2
"que crees que es lo que ""brillaba en la mano derecha"" del cirujano?"	1
benicio del toro	2
usa funds loan solutions reviews	2
pantyhose anal videos	4
crossdress porn	2
fist in the air drake stream	2
dan rohn	1
williams cap toe ii oxford	4
cole haan men's 'williams cpt ii' oxfords	3
giraldo luxe cap toe oxford ii	2
fedex tracking	2
new harmony singers + california	1
difference between diskeeper and v-locity endpoint	2
hardware cloth	2
today's google doodle	2
watch saw 3 online	2
oracle vm virtualbox	2
the record exchange md	2
white bluff resort	2
21c museum hotel	2
petfriendly bed and breakfasts around lousiville ky	2
liam oneil durham nc the piano has been drinking	2
what folder to save my custom css bootstrap	2
obama pivot to asia	2
russia georgia 20089	2
may 1, 2016, latest news about trump	2
motophoto bethesda md	2
identifying civil war remains	2
scandinavian food dc	2
reddit nsfw	2
amazon	2
depeche mode heaven freemasons mix	2
bieber nose	2
lolcounter	2
birkenstock	2
general elektriks	2
dc train	2
.io gmaes	2
.io games	2
vita tax	2
jessye norman voice type	2
gypsy sea view resort	2
youtube	2
what did goldman sachs next year mean?	2
"pepfar dashboard ""citation"""	1
south africa country operation plan fy 2015	2
medicins cabinets recessed opening 15 x 19	2
агнешка супа	1
2011 nfl draft	2
calculate the amount of time that elapses from when the source begins to send the first packet until the destination has received all ten packets	2
b tree example code java with answer	2
paradise biryani point va	2
at the audiology now! convention here in mid-april, visitors stood next to blowing electric fans to experience how a new hearing aid could screen out wind noise.	1
francis bacon new organon	2
game of thrones recap	2
michael hermiz, re/max new trend	2
table lets	2
ogalaga souix	2
tracfone minutes web access	2
ryanair	2
craigslist dc	2
hot chocolate recipe cocoa powder	2
bradley and harper nursery bedding	2
chaturbate	2
interior design business plan	2
80 inch led 1080p tv costco	2
werewolf tos	2
arena stage disgraced	2
what does dpa mean in the military	2
sleeve band crossword	2
book of legends crossword	2
radio shack	2
wwe en vivo y espanol	3
pvp enhancement shaman	2
wow arena mount	2
espn mlb scores	2
gms	2
vintage bondage	2
sodium hydroxide	2
warby parker	2
guest services, inc	2
why are my pc backups getting bigger	2
gmail	6
capital one	3
exam schedule gwu	2
new orleans weather	2
pbs video	2
gwent playing innkeeper witcher 3 kingfisher missing	2
dc map	2
cpt	2
find rate expression from mechanism	2
is verizon cdma	2
is it good to take preworkout and protein before a workout	2
radiolab podcast	2
jgr racing	2
xlc wide mouth bag	2
michael strahan	2
syracuse lacrosse twitter	2
5432 connecticut ave nw, washington, dc 20015	2
roir	2
en que paises se han implementado las estufas solares	2
en que paises se utilizan las estufas solares	2
en que lugares son utilizadas las estufas solares	2
cumulative density function of a normal curve given a z-score	2
babel.com	2
al gore dancing gif	2
renee falbo	2
how to do well in group itnterviews	2
reset password fidelity	2
club quarters chicago loop	2
thomas v mike miller jr	2
tj maxx	2
best standard format deck hearthstone	2
tiny dick hd	6
sports authority	2
larry wilmore	2
asus p5ld2-vm/s drivers for windows 7	2
how to set up nyko zoom	2
wwe payback 2016 full show	2
slipstream dc	2
efusion mini dna200 stabilized wood	2
ramzi rihani	2
verizon	2
verizon email	2
georgetown school of medicine international elective	2
teacup pig	2
gwu	2
solitaire	2
kayak	4
roblox login	2
street clothes for sims 4	2
how to make aerated concrete	2
dividing by zero	2
google earth	2
reddit axwell dream bigger	2
the ghost and mrs muir full movie	2
used police vehicles for sale	2
used ford explorer police interceptor for sale	2
sandra o'connor day cause	2
sandra day oconnor cause	2
gif to video	2
powerball	2
flower	2
cua library	2
israel iz kamakawiwo'ole how did he die	2
georgetown blackboard	2
clay shaw	2
daredevil torture	2
telly leung	2
dressy black button down vests for women	2
clerical errors and loss of employment	2
zillow	2
fandango	2
wcl summer 2016 classes	2
citing law review articles	2
the chinese singular or plural	2
stock split	2
surah baqarah	2
ns3	2
infj	2
change picture spotify	2
spartoo	2
easy syynonyms	2
alex rodriguez	2
google news	2
how to contact emsa for replacement part	2
emsa eleganza creamer parts	2
enfield no4 mk2 for sale	2
d.c. star	2
d.c. star 1984	2
persia monir	2
loteria nacional	2
bears defense ranking 2015	2
rung mtmte	2
don lemon	2
gophone	2
bethesda wild bird	2
duran leonard	2
verizon email sign in	2
pics of lil kim	2
female witches looking for male witches	2
how pornography affects men	2
silver sports brand	2
super 8 denver	2
google contacts	2
mrs fields	2
king bed no center legs	2
united airlines	2
kombu	2
a knock at midnight sermon	2
queensryche	2
sprint cup live stream	2
miami heat news	2
boston weather	2
2016 nba finals	2
selah rain porn videos	2
beacon ny section 8 apartments	2
carry on travel packing list	2
what is white bread?	2
northern ocean hime	2
luxury elite - yeah	2
harbour princess claws	2
english horn cozy	2
demi lovato celebrity fake	2
fire emblem flora	2
j boog	2
joggers spencers	2
vampire ghouled animals	2
vampire ghouled animals site:forum.theonyxpath.com	2
handy mandy	2
stanford campus	2
d+ gpa	2
northeastern when are grades posted	2
barry farm map	2
us navy colored troops	2
grady sizeimore	2
metro select pass	2
scott foley	2
sherilyn fenn	2
xfinity	2
black lagoon	2
giei	2
child poverty and its lasting consequence,	1
google scholar	2
poverty and education us	2
adyn	2
how to charge my car when i have obly street parking	2
international students doing paid internships	2
the ariel saga	2
existence series	2
books about teen goddess	2
daughters of the moon series	2
trulia	2
peter gabriel eve game	2
yayoi kusama artwork sale	2
u haul trailer for motorcycle	2
mercedes morno instagram	2
dr sebi sea moss	2
williams, d'haquille	2
culture sur brulis	2
cbs indiana poll	2
alicia keys empire state of mind part 2 lyrics	2
spa fort smith ar	2
drexel sdn 2016	4
raymond bratton wiki	2
trip advisor bike tours new orleans	2
union market restaurant	2
eggs pregnancy	2
midwives maine	2
twiter meekwire	2
someone marry barry	2
when to evolve pikachu	2
volt switch	2
baby carseat firebird	2
pontiac firebird restore	2
asian gay xxx	2
cns child neurology symposium	2
best days to purchase airline tickets 2016	2
verification of training on the protection of human participants	2
parallel compression ableton	2
ascension st agnes dc	2
"common prayer and ""1928"" and ""holy bible"""	1
9,78189E+12	1
"common prayer and ""bible"" and ""preservation press"""	1
1107032717	1
heinz carolina ketchup	2
heinz company history	2
secret area 3 in bush whacker 2	2
soundcloud magi	2
espn hd live stream	2
attendee list 2016 white house correspondents dinner	2
car registration olathe ks	2
case western reserve university school of medicine requirements	2
california northstate university college of medicine average gpa	2
elk grove, california crime rate	2
riverside, ca crime rate	2
weather.com san diego, ca	2
weather.com los angeles, california	2
keck school of medicine of university of southern california neurology	2
amcas deadlines	2
light tuna noodle casserole	2
idl isnumber	2
morgan nichols zachary broyles the knot	2
nissan sentra edmunds	2
mazda dealership silver spring	2
best cars for tall people	2
can teachers vacation time roll over to government jobs dc	2
mary's center jobs	2
children's national medical center glassdoor	2
american institutes for research	2
creditkarma	2
expedia	2
hostels in seattle	2
avast safezone browser	2
beatles and i love her	2
bwi transportation	2
quill bar	2
pasta tomato sauce	2
chinese sorceress	2
burlingon	2
cooking shrimp	2
novel updates my life as an undead	2
etrian odyssey what do tornadoes	2
yeezy ultraboost	2
velicity von	2
savana styles snapchat	2
google play	2
audrey bitoni	2
worldstar candy	2
august ames pawg	2
dana dearmond snapchat	2
chantal tetreault department of anthropology	2
cal mag plants	2
atlantic ave subway station brooklyn ny	1
que crees que es lo que "brillaba en la mano derecha" del cirujano?	1
"dan rohn"	1
"new harmony singers" + california	1
pepfar dashboard "citation"	1
Р°РіРЅРµС€РєР° СЃСѓРїР°	1
"at the audiology now! convention here in mid-april, visitors stood next to blowing electric fans to experience how a new hearing aid could screen out wind noise."	1
"child poverty and its lasting consequence,"	1
"common prayer" and "1928" and "holy bible"	1
"9781886412026"	1
"common prayer" and "bible" and "preservation press"	1
"1107032717"	1
