boise city utility billing	1
assembly instructions for mr. coily enforcer antenna	1
80 meter hf radio	1
infant developmentas outcomes: a familiy systems perspective	1
brother thread tension problems	1
enneagram test free	1
jason simpson	1
when does samsclub have its next mark downs in stores	1
is ok to occasionally use naphazoline eye drops with restasis	1
art fallout 4	1
houses for sale kootenai county idaho	1
springtime oyster mushroom identification idaho	1
paint stores in boise, id	1
amazon prime	1
http://41.media.tumblr.com/071c2c82cc742af6f5cae762e07437c5/tumblr_o6cxscw3sh1sulnzno1_500.png	1
kenworthy	1
legendarylea slip	1
raihnbowkidz	1
civil rights movement activities for elementary students	1
god with us lyrics	1
mcfarlane dragons	1
amateurs gone wild	1
women forced to strip nude videos	1
saia	1
storage in post falls	1
imdb	1
abcya	1
maps and directions	1
what will precipitate first? galena and sphalerite	1
earache and cold	1
how long do points stay on record idhao	2
2121 westcliff drive idaho falls	2
words cheat board	2
progexion bbb	2
progrexion reviews	2
broncomail	2
shotgun shells by the pallet	2
genealogynow.org	2
mesa falls, idaho	2
idaho statesman	2
sergio gutierrez idaho	2
dungeons and dragons species	2
j?nk?ping sweden	1
wwe.com	2
skyrim tamriel how to install server	2
analogous definition	2
picture kid rock wiki	2
spiderman n64 rom	2
robert frost ghost house	2
theme of robert frost ghost house	2
how to install vmware player 12 for windows 10	2
diy duck|chicken waterer float	2
bella thorne nip slip	2
youtube	9
665 8th street, idaho falls, id	2
charbroil gas grill parts	2
didn't do nuffin	2
google search	2
el coyote y su banda torrent	2
motos honda boise idaho	2
almond milk	2
cable one boise idaho	2
clarkston wa car dealerships	2
date ariane	2
lpc1758 sjsu cmpe board	2
idaho statesman obituary	2
cwi compass test	2
craigslist boise	4
southwest airlines flights	4
blender 3d reconstruction from stills	2
visualsfm fixing reference points	2
tadd jenkins chevrolet	2
larry miller chevrolet	2
symptoms of pneumonia in a pig	2
bowater bales indiana	1
lds.org	4
507 n johns ave emmett id	2
peterson and associates	2
4711 north jaguar avenue, boise, id 83713	2
1705 west blaine ave, nampa, id 83651	2
what is the best way to clean morel mushrooms	2
cda press	2
netflix	7
amazon	3
thredup	2
brawling go baka updates	2
brawling go chapter 5	2
autotrader	2
citations site:http://owl.english.purdue.edu	2
which of the following is not a problem associated with international agreements?	3
brownfields are quizlet	2
which of the following actions would probably not encourage efficiency and recycling programs?	2
in terms of generating electricity, fuel cells are _________ than thermal-conversion machines because the chemical energy of a fuel is _______	2
amazingplays.com	2
the vampire diaries	2
recycler bong	2
how to be an effective witness for christ	2
motor trend car of the year list	2
webadvisor.collegeofidaho.edu	2
pokemon showdown type reflector	2
infinitelava souce 1.9	2
animal jam	2
youtube channel art	2
graduate school geography	2
porn	2
zilianop	2
magnate eve	2
custom lapel pins no minimum	2
great falls university average gpa	2
baghdad green zone	2
how to cut a watermelon	2
southcreek subdivision boise	2
heromachine 2.5	2
maher finance 303 test 3	2
hotmail	2
garage gift ideas	2
vandalmail	2
mlg can can	2
uidaho twin larch	2
kotak mahindra	4
is it necessary to peel beets	2
rasam padhus	2
milagu jeeraga rasam	2
egg casserole without bread	2
kissanime	2
calcamil	2
chili recipe	2
zillow	2
hobbit pezi	2
bilbo baggins quotes	2
last probable date for frost in idaho falls id 2016	2
wow how do i kill ironaya	2
define: narcissist	2
what to do when your brake pads are low and you can't replace them right away	2
is capric triglyceride safe	2
dogs to adopy ada county	2
dog adoption boise	2
slitherio	4
brpass	2
taylor swift porn look a like	2
what are cyber skins for battleborn	2
unique list python	2
error 010462: geodesic visibility exception	2
what is the millenial generation	2
post register madison baseball team	2
start up moon and star skyrim mod	2
robertson family's names	2
differences between america and spain health	2
will new york legalize	2
target turret for nikon monarch	2
nikon monarch ucc scope	2
grass seed germination	2
hilltop station pizza idaho	2
house on marley and me	2
toro groundsmaster 117 ignition switch	2
aleks	4
american beauty synopsis	2
arteriosclerotic plaque in left external iliac	2
thinx discountsd	2
amcas ec paragraphs	2
kobe beef	2
google	2
hotels lincoln city oregon	2
g	2
all trap music vol 3	2
tchaikovsky piano concerto 1 sample theme	2
iphone 6s plus otterbox defender case	2
jenny lake wyoming hours	2
pedifile search	2
bloomsday shirts 2016	3
ascending order array	2
the bots won	2
whois	2
subornation of perjury cases 9th circuit	2
pro bono attorneys idaho	2
coerced guilty plea ninth circuit	2
united states v. jimenez-dominguez	2
johnson v. zerbst	2
plum island news	2
scottish shortbread	2
airplane rib form blocks	2
evike airsoft	2
gamestop buy gift cards	2
chocolate shop	2
google docs	2
15911 n yale rd, colbert, wa	2
land for sale massachusetts	2
moonfire lantern ffxiv	2
madden mobile.com	2
ada county assessor	2
gas price fairfield id	2
awp asiimov battle scarred looks factory new	2
animl jam	2
weapon buffs dark souls	2
jake long nfl	2
voc scrubber for lacquer	2
hot springs hot tubs	2
the nature company boise	2
where is my refund	2
reviews for carson skyseeker jc-1000	2
jean kennedy smith	2
news	2
wow emote	2
classroom	2
erotic fantasy larvaturs	2
how much lead is there in cast iron skillet?	2
lipodrine 660 mg	2
chat rooms online	2
can a sponsor get financial backing in australia during a partner visa application	2
home depot boise	2
eddie the eagle	2
last week tonight with john oliver episodes	2
yify	2
plaid shirt with tie wedding	2
things to do in columbia falls mt	2
patio awnings free standing	2
epsom salt dilution	2
goldfinger	2
idaho falls city bowling tournament	2
dreams about hotels meaning	2
horizon database system	2
full tilt	2
full tilt poker download	2
martha islas boise	2
pathophysiology of osteoarthritis	2
cyber crime	2
new restaurants in cda	2
torrent	2
does windows 10 spy on you	2
wise leadership of kim	2
wetting pants in prison	2
very liberal attitudes about sex	2
spokane, missouri	2
can i deposit late to a college	2
pom pomegranate juice	2
blink health	3
bushwacher 50907-02	2
1994 buick regal coupe	2
woman card hillary	2
indiana democratic polls	2
walla walla comunity college	2
old navy	2
ruger american	2
6.5 creedmoor for hunting	2
tony stewart	2
daytime emmys 2016	4
bryan craig	2
cochlear implant	2
listeria	2
how much house can i afford? cnn	2
marshall university	2
ceo at sulis & thermae london limited linkedin	2
video of ogden wind	2
axis and allies triple a download	2
diy home improvement hacks	2
colored massachusetts quarter	2
hotels near yosemite national park	2
eagle mountain church	2
mountain west bank	2
gotta move competition utah	2
list of all lds missions	2
3 angiosperms have ________ structures such as leaves, stems, and roots and ________ structures such as flowers, fruits and seeds.	2
"the haploid nuclei in a mature pollen grain include a ______ nucleus and a ________ nucleus; the latter will replicate to produce two ________ nuclei"	1
in corn and other grain embryos, the sheath that encloses the embryonic shoot is the ________ and the sheath that encloses the embryonic root is the _	2
byuidaho employment	2
itunes	3
logical fallacies	2
ferguson to-30 9n700-38	2
pbs app in boise	2
caring for a chenille plant in the west	2
where to get fang prime handle warframe	2
massage parlor boise area	2
massage parlors boise area	2
minecraft obsidian generator	2
restore windows 10 icons	2
aquarius	2
yumi fight lyoko	2
fox news	2
real mature bbw porn	2
real bbw wife porn	2
old bbw porn	3
real amatuer mature bbw's	4
mature bbw wife sucks young guys cock for cum	2
mature bbw fuck movies	2
fat mat bbw wife sucks off one man after another	2
fat mature bbw wife sucks off one man after another	2
wife suck off boy	2
older granny wife sucks off many cocks	3
prius 2016	2
hiking boots	2
ruth b two poor kids lyrics	2
smash forward tilt	2
craigslist east idaho	2
supported beenverified	2
country clipper mower parts	2
harbor freight	2
finn collins the 100	2
best fitbit	2
matthew kadey bodybuilding.com	2
elizabeth banks nude	2
bouldre mountain tour	3
idaho quit claim deed	3
free printable quit claim deed form	2
minipresso reviews	2
puppy barn provo	2
watch cool hand luke	2
craigslist	5
chris coghlan espn	2
chicken coop base material	2
hd teen pussy tube	2
hd shemale tube	2
what does hostfile-update do?	2
feather wings baby	2
stretchy car seat cover free pattern	2
infant toms shoe pattern free	2
luscious hentai swimsuit stockings	2
rayban	2
what happens when you drink alcohol every day	2
craigslist twin falls	2
mmf bi	2
domestic violence laws by state	2
music for writing papers	2
forsaken ragnarok pet food	2
scavenger birds in new guinea	2
scavenger hawks in new guinea	2
ktvb	5
knin	2
eviden based parctice for training unliscinced personal in an assisted livin facility for the state of idaho	2
pornhub.com	2
grills and fireplaces boise	2
gourmet grills & heritage safe outlet boise id	2
bardenay restaurant & distillery boise id	2
home depot	2
hindi thriller movies list	2
meridian symphony boise	2
linguaphone italian all talk	2
listverse	2
chicken on sale this week near me	2
cnn	4
throwing knivers	2
throwing kniver reviews	2
uncensored music video	3
tarzan movie	2
owhyee state park	2
grill steak teriyki mearninade	2
bowery boy blues buster cast	2
anne tudor 1482 -	2
division of human resources susan e. buxton, administrator	2
tsbootstrap r	2
chief joseph dam jobs	2
sunroof toyota tacoma 1st gen	2
navy rotc	2
red velvet pancakes	4
chocolate pancakes	2
plugin sony vegas 11	3
eso boss instant kills	2
bo derek pussy	2
citizens bank	2
the lion the witch and the wardrobe cast	2
gigabyte lga1151 intel z170 atx motherboard atx ddr4 na motherboards (ga-z170x-gaming 5)	2
facebook	10
oil based sauces	2
bus tours of england	2
lego games from early 200s	2
lego rc supersonic racer game	2
bridgespan health	2
find a grave	2
where is xur	2
ircp 60	2
what does egr do on a gasoline	2
ap calculus ab multiple choice	3
braxton miller draft	2
adult tricycle with electric assist	2
rockauto	2
us pro rugby	2
fred grandy	2
patricia stokely therapy dogs serve children with autism	2
mendelssohn	2
basket weaving supplies	2
www.historyphotos.com	2
trapsmith prc	2
pathfinder imprisonment	2
necromancer names	2
sesame street printables	2
backpage	2
tawnie from naked and afraid	2
"pennsylvania land ""warrant without patent"""	1
is it christmas	2
types of weathering and erosion	2
192.168.0.1	2
gretsch committee electric guitar	2
michael kelly es 335	2
docs	2
idaho botanical gardens	2
wireless display	2
google maps	2
shiba inu puppies in pocatello	2
idaho falls news	2
johnny kane nude	1
joel gartland nude	2
max sean cody	2
hillary geneva speech unappreciated planting seeds	2
hillary gay rights geneva sanders	2
objectifying men story complete person	2
tpp liberal hypocrisy	2
democrats bernie majority minority	2
free college trump's kids	2
my hot wife on the dance floor	2
willie nelson singing the last cowboy song	2
the bank of idaho	2
m2 apartments	2
they adding another character slot with legion?	2
wordpress templates	2
rustic wood background clipart	2
rustic mason jar clipart outline with daisies	2
plum tree scientific name	2
yoga beginner sequence	2
donna evans, des moines, washington	2
zabasearch	2
donna lynn evans	2
google earth	2
pokemon trainer club	2
black rhino houlsters	2
ti 89 linear algebra	2
ti 89 linear algebra programming	2
m3 body system	2
ncstar 4x30 compact rifle scope	2
curry thai boise	2
online choir illustrations	2
look at me now	2
reddit graduating college sad	2
stardew valley	2
women outlive men census	2
unlock note 5 from frp lock	2
2014 - 2015 njcaa track and field championships results	2
century 21	2
google classroom	2
allegiance 223 70gr powerstrike	2
cdkeys	2
seattle, hiking at the jungle	2
fishing calculator tip it	2
sports authority	2
military jets	2
fma ova 1 english dub	2
2016 tacoma rear disc conversion	2
moritz boehringer	2
audi cars for fis alpine skiers	2
napa	2
baseball credit card	2
what should i specialize in medicine	2
google fonts	2
power supply paper clip test	2
what element must be present in order for fat to be used as energy?	2
which organ produces creatine phosphate (cp) and releases it into the bloodstream?	3
phosphoric glycolysis	2
ministerio de hacienda devolucion de renta	2
mensajes cristianos del antiguo testamento	3
sermones cristianos evangelisticos	2
sermones cristianos sobre las llaves de poder	2
predicaciones cristianas evangelicas sobre la mujer encorvada	3
20 degrees 33 minutes north	2
1997 honda civic si	2
hex color picker	2
oculus rift cv1 release date	2
dark souls 3 firekeeper soul	2
gmail	6
yahoo	2
wells fargo	4
bowling bags	2
xnxx	4
zillow boise idaho	2
difference between android and windows smartphone	2
how to put multiple pages into one pdf	2
xvideo	2
idaho state journal	2
dansmovies	2
.125 gauge chainsaw chain	2
kieran culkin	2
how to qualify for subsidized health care	2
boise craigslist	2
allegiant	2
factory reset toshiba satellite c855d-s5900	2
how to tell difference between iphone 6 and 6s	2
greyson chance fire	2
canna companion	2
critical health.com	2
byu idaho rent equipment	2
coeur d'alene property management	2
free antivirus download	2
weaver no drill no tap	2
pocatello	2
wastehistime2016	2
word counter	2
which of the following is an example of global interconnectedness presented in the text?	2
a conceptualization in which time is viewed as a finite, scarce resource which must be rationed and controlled is referred to as:	2
share option lillian heard	2
fsx pilot logbook	2
visa premera blue cross hsa account	2
diet that works	2
vitamin d colon cancer	2
simcity 5	2
how to draw a unicorn	2
idla	2
slopestyle mountain bikes idaho courses	2
idaho slopestyle courses, biking	2
yahoo mail	2
wilson combat 308 accuracy guarantee	2
old dried herbs to fresh dried herbs	2
770 gtx cooler gigabyte	2
gigabyte 770 4gb apply paste void warranty?	2
love live dub	2
intergalactic	2
ft bragg glass beach map	4
dutch oven potatoes at 250	2
what was the champagne yeast producing in apple juice	2
error: 3219	2
opendns	2
retro or modern games	2
cheap tickets	2
falling brook condos boise id	2
teen se	2
small house plans	2
verizon	2
pornhub	2
hells canyon	2
watch jane got a gun 2016 putlocker	2
get togethers with other people in their department	2
fucking teen crossdresser	2
o j omstead architect in arizona	2
iphone messaging on pc	2
what if two people file the same dependant	2
florida	2
iq test	2
alaska airlines online banking	2
keybank	2
wellsfargo	2
hampton bay kampar patio furniture cushions	2
dark souls 3 any reason to upgrade shields	2
pickett auction	2
home depot comments complaints	2
elevation of big butte, wa	2
tweencleanjoke apps	2
mla format	2
hammer perpetuem solids	2
all animals brought to adam to name	2
making reinassance business flags or table clothes	3
download youtube	2
google photos	2
nyaa	2
congenital melanocytic nevus	2
dysplastic or atypical naevi organic treatment	2
eirmc billing	2
songs by father rapper	2
cambia de direccion en ups	2
thematic relationship between paintings	2
themes in art history	2
growing huckleberries in idaho	2
best berries to grow in idaho	2
good tips on making a movie	2
playlees shoe in pocatello	2
cob horse	2
u tube	2
westport wa florist	2
top games for mages	2
good voice synonym	2
etsy	2
tokyo marui m320a1	2
sample 30 day notice to vacate	2
mesa verde national park camping	2
tools you need to change a crankset	2
dandelion recipes	2
what's my windows 7 product key	2
runescape wiki	2
no rest for the wicked lyrics	2
samanthasez files	2
circulatory system	2
honda eu2000	2
recipes with ground beef	2
function of phenothiazines	2
tens stimulator reviews	2
optifine	2
mycwi.ccblackboard	2
pre sentence investigation academic journals	3
idaho fish and game fishing egulations	2
aristotle's greatest contribution to discrete mathematics	2
adwords	2
wholesale wine bottles	2
ksl classifieds	2
bowel constipation after stroke	2
acacia and jairus	2
vandal mail	2
2016 aero star award winners	2
google drive	2
hd cloning software	2
free meal planner printables	2
face	2
what is the versailles treaty ww2	2
jessie dead rising	2
m4a to avchd	2
is there a practical use for imaginary numbers?	2
how much does tutor doctor charge	2
sciatica treatment	2
aluminum garage door with	2
boise coop membership length of term	2
contempo tile backsplash	2
to kill a mockingbird audiobook	2
little peggy march	2
atlantic ocean map	2
woman to man transexual porn	2
carbondale safe	2
ebay	2
kikkoman products	2
twitter	2
boise vbc	2
i might not make it karaoke	2
nfo ip range	2
208-360-1629	2
dice room	2
the average speed of the coronal solar wind is 450 km/s. how long does it take a particle in such a wind to reach earth?	2
what are the 7 common strong acids	2
craigslist spokane	2
christos anesti	2
betsy ross	2
steven woolfe	2
the yellow wallpaper	2
black and white porno	2
2016 lincoln mkc white platinum price	2
town of salem roles for town	2
hungry shark evolution	2
pulsar challenger gs review	2
6' high quality braided usb charging cord	2
sion counters	2
bloons tower defense 5	2
eternal sunshine of the spotless mind full movie	2
tesla coil	3
reddit	2
bayview idaho	2
trulia	2
bowman lake montana	2
https://goo.gl/eenz9g	2
homedale fishing access	2
main gauche	2
jönköping sweden	1
"bowater bales" indiana	1
the haploid nuclei in a mature pollen grain include a ______ nucleus and a ________ nucleus; the latter will replicate to produce two ________ nuclei	1
pennsylvania land "warrant without patent"	1
"johnny kane" nude	2
