recent pictures of princes charlotte	1
gang rape gifs	1
papyrus pronounce	1
chinese takeout bloomington in	1
2016 nfl draft grades	1
find gtaiv.exe	1
homes for sale	1
fossil fuel consumption bls	1
2016 economic outlook	1
short run does aggregate demand shift or move?	1
text based java game code	1
dustin brooks	1
watch rupaul's drag race	1
group project reflection journal	1
aqha	1
hall monitor helen	1
god loves the bastaed child	1
www.idealconceal.com	1
analog license plate recognition camera hikvision	1
prime pantry	1
cheap gas indiana	1
williams horseshoe contacts	1
cuisinart silverware	1
don't starve client mods	1
true value car	1
bureau of labor statistics	1
depression don't even know what i want anymore	1
etsy	1
msn	3
bl260 final	1
youtube to mp3	1
southernproper	1
dictionary	1
pan's labyrinth	1
graco 4ever all in one carseat	1
top gaming mouse	1
chase login	1
kongregate free kreds	1
tdp4	1
rhydon	1
paper towns lacey	1
fishers high school announcements	1
graphic card displayport not working	1
how to know if you have a broken displayport	1
indiana university southeast jobs	1
ways to ace an interview	1
us department of veterans affairs	1
9,40011E+21	1
stream game of thrones season 6 episode 2	1
lucky coint	1
r for loop do nothing	1
jhipster	1
paramedic resume cover letter samples	1
"what does ""sell by"" mean on canned salmon"	1
youtube	18
krueger, cramer, and cho (2014)	1
powerpoint animation word in textbox	1
indiana lure coursing club	1
fedex jobs	1
2016 mcdonalds commercial	1
orange is the new black season 4	1
luxated lens rat	1
outlook	6
ebay	3
arnie england and nancy aters	1
failing as a pastor	1
anamorphic streak	1
irfanview	1
machado bjj belt system	1
plastic fencing	1
wwe payback results	2
black dynamite tumblr	1
sacrifice wiki heroes	1
invincible 127	1
far cry 4 amita	1
diagram of horse body language chart	1
indiana candidate mike campbell	1
google	4
bastards of golarion pdf	1
payless shoes	1
rue21	1
hoosier lottery	4
hancock homes	1
f	1
find parametric equations for the tangent line to the curve	1
moccasins for men	1
good moccasins mens redditt	1
mens moccasins	1
artifacts that draw cards	1
must have cards for edh	1
pokemon cards worth money	1
zigzagoon 7/10	1
zedruu edh	1
at the beginning of your upkeep you lose the game	1
dcuo top dps 2016	1
xbox dcuo	1
dcuo power cash costs	1
keith blackburn misty wallace	1
delano at cypress creek apartments reviews	1
bts fire	1
metal flip flop decor	1
oriellys	1
redbox	1
boogie2988	1
dragon age inquisition ps3	1
samsung galaxy s6 usb connection not working	1
wfie	1
nolan ryan bollinger forearm exerciser	1
xfinity	1
pof	4
guilded age theater	1
poverty gilded age	1
poor people in the gilded age	1
modern woman digest	1
volkswagen beetle 1300	1
of mind and music	1
new empire game	1
image format for picmonkey	1
sharing capabilities for pixlr	1
7hillschurch.tv	1
opengear	1
nwi criaiglist	1
amazon promotional codes	1
thermal limiter jumper extension #36203	1
delphi 2962508	1
car trader	1
classic car trader	1
xhamster	3
terminal 5 gas stations ohare	1
handfuls on purpose vol. 5	1
michelin tire defender 2055516	1
chemical peels for acne scars	2
plaid women shorts	2
kohls admin house undertale	2
purple rain video	3
what is an html conversion utility	2
network device that extends a wired network by adding additional ports	2
woodlawn hospital patient portal	2
goddess bras	2
toonami	2
cob board usb light	2
what is led type cob	2
brothers bar broad ripple	2
honda lawn mower	2
honda vs toro lawn mowers 2016	2
kenneth branagh movies and tv shows	2
best tasting mre	2
headaches and sudden drowsiness	2
has sargeras ceased to be	2
how to make bleach dye for hair	2
opportuityy lyrics	2
2016 nfl draft ratings	2
tv on wall supplies	2
yellow women tops	2
how old is shawn bolz	2
linkedin @shawnbolz	2
lastpass tutorial	2
madison county indiana ema	2
bubs burgers zionsvill e	2
?????	1
cadillac	2
schwinn rival manual	2
brave frontier selena	2
ultrasabers	2
how to find your steam folder on windows 10	2
skyrim proving honor farkas glitch	2
facebook	31
chives	2
babylonian exile	2
plantain	2
watch dr phil online	2
gun-free federal properties	2
www.pnc.com	2
sprintprepaid	2
yourcommunity	2
searchtempest	2
concur solutions	2
ronald reagan becoming president	2
graduation party planner free	2
i want to fucking tear you apart	2
esplar in extra white	2
florist band	2
appalachian trail	2
naruko	2
naruto reddit	2
rod stewart mandolin	2
jacking off with panties	3
dead state ryan	2
fafsa	2
white pages	2
girl on the beach has hot body	2
amiture girl first time sex	2
mom loves big cock	2
bmw x3 change brake light	2
smith optics prescription polarized sunglasses	2
defiant elf	2
sonho trem	2
crockpot meals	2
marantz pm700	2
powerball	2
jenah yamamoto	2
granblue fantasy tier list	2
granblue fantasy reddit	2
aids skrillex	2
how to permanently remove windows 10 update notification	2
abyssalcraft wiki	2
games like game dev tycoon	2
convert to acsii	2
how to get sword and sheild wolf twilight princess	2
pokemon x and y	2
tracker video analysis	2
adidas originals samoa textile casual shoes mens black for sale	2
what to do if you lost your birth certificate and social security card	2
mango mimosa	2
semistrelnaya	2
male fitness inspiration tumblr	2
cal ripken baseball	2
weather radar	4
dexanetasona ampolla	2
purple rain cocktail	2
average cost of cabinets per linear foot	2
speakers not working	2
walmart	7
bluetooth speakers	2
one piece rebecca hentai	2
jaish al-islam	2
face3	2
key	2
mia callista	2
#payback	2
social security name change	2
social security office indianapolis	2
how to tow a trailer without a hitch	2
whatevs emoji	2
stardew valley	2
magfed paintball	2
trine university decline offer	2
decline offer rose hulman	2
best learning community purdue	2
transfer credit purdue	2
kiki jenkins art	2
inbox dollars	2
plush toys for dogs	2
facebook login	7
pinterest	4
att type and speak demo	3
dirt on dirt	2
1999 polaris slh 650 fuse box diagram	2
ipod music alphabet wrong	2
mid top skate shoes	2
twc rod	2
catfish outline	2
stores that sell raw honey, terre haute, in	2
indy comic con	2
50 mckinley hobart in	2
pirate puzzle game theory	2
frogman	2
jack russell terrier	2
watch tnt	2
toilets	2
sage act for windows 7	2
purdue housing	2
when did france become a country	2
the lesser and greater jihad	2
rabbits as pets	2
quizlet a&p 101 question of the week whole semester	2
rich piana jason genova order 66	2
how to make a can of tuna taste good	2
water me fka twigs	2
temperature song	2
houdini	2
do the kidneys or lungs help in respiratory alkalosis	2
brand new modest mouse	2
sanders events	2
murat theatre	2
baked chicken honey garlic	2
egg creat foam matress	2
theta final words	2
nausea and shakes when hungry	2
hyperacidity and anxiety	2
how fit do i have to be to join the army	2
bethel college mishawaka graduation	2
real estate laporte, in	2
castor plant	2
kickass torrents nekopara vol 2	2
symptoms and signs of brain tumors include quizlet	2
cumulative trauma disorders include quizlet	2
treatment of snakebite includes?	2
diagnostic evaluation for prostatic cancer includes?	2
complications of survivors of lightning strikes include?	2
the anxiety disorder that results from an external event of an overwhelming painful nature is called?	2
college of the canyons course descriptions	2
tortured souls figures	2
paragon level 20 reward	2
roaring 20s apush	2
paul lynde	2
black salve	2
andrew weil	2
turpentine nih	2
makers mark tours	2
wild turkey distillery tours	2
ocarina of time fire temple chant translation	3
lily rose creampie	2
jessi bangbus	2
kara finley swallow	2
raspberry pi internet gateway	2
prince loved billy crystal's impersonation of him on snl.	2
craftsman lawn mower oil	2
7054 west us hwy 50 apt a , holton in 47023 ,	2
mcgraw hill	2
myfitnesspal	2
fidelity login	2
cabinets to go	2
wwe	6
plants that grow in shade	2
housing in edinburgh college	2
bella boos	2
final fantasy vi goner	2
garnia wow spawn time	2
chainmail suit jacket	2
chainmail blazer	2
ebay deal of the day	2
conventions in indiana 2016	2
conventions in illinois 2016	2
best interior matte paint cheap	2
crow on the cradle pete seeger banjo tabs	2
reasons to live frog	2
how to keep ricardo's finger out of the ice tray	2
erotic stories	2
what is chainstay length	2
square	2
crdf	2
kathryn budig reciprs	2
other achievments tim berners lee as done	2
joan miro	2
stick rpg 3	2
the coven american horror story	2
murderhouse american horror	2
tornado warning ball state	2
trucking safety manager jobs in texas	2
elkhart community schools	2
cho'gall viable hearthstone	2
champion select olaf	2
how to get better csgo	2
best place for tattoos bedford in	2
surahs in the koran that are anti christian or anti jewish	2
if i don't have marjoram what should i use	2
cloud based photo editor specs	2
aviary vs pixlr	2
aviary features	2
yum center	2
neverwinter legendary rings	2
piketon ohio	2
sealine bags	2
power brake booster 66 riviera	2
usa cycling	2
csgobig	2
you	4
sims freeplay	2
hotmail	2
dayton	2
nascar race	2
corruption of champions	2
hyundai sonata 2006	2
harbor freight	2
do island plants grow back on animal crossing new leaf	2
lucas oil raceway	2
undercoat rake	2
furminator do not use	2
banigan ti amo	2
craigslist	7
beautiful babes hairy pussies dildo close hd inthecrack pornhub	2
velocity aircraft dimensions	2
honduras gun ownership rate	2
study island	2
ddo crucible swim	3
ddo thunder forged alloy great crossbow	2
game of thrones time	2
capital one	2
craigslist nwi	2
craigslist south bend	2
weather	2
what games use unreal engine 4	2
radiolysis	2
what's the difference between a radical and an ion	2
ryanair baggage	2
porcelain sign collection	2
bell telephone sign	2
oldgas.com porcelain telephone sign site:www.oldgas.com	3
vmk disney online game	2
research life hacks	2
jesus is whoever you make him	2
jason weeks	2
$1 off wonderful pistachios printable coupon for walgreens	3
orbit gum fruit punch	2
extra narrow mens sunglasses	2
hunting camo purses for sale	2
big pillow tits	2
tonight tonight it's coming tonight hot damn tonight	2
position generator questionnaire	1
kc9brx	2
dolphin gamecube controller setup	2
can i give money for confirmation gift	2
castle season 8 synopsis	2
briggs and stratton 18 hp starter replacement video	2
ipiccy	4
indiana food stamp office	2
don williams greatest hits volume 2 at amazon	3
castilla en el agua sarasota fl	2
paypal unable to add card	2
rds parent	2
dominos	2
papa john promo codes	2
subway	3
outdoor furniture	2
tarmogoyf shrapnel blast	2
empower retirement login	2
plateau award redemption lilly inspire	2
ship simulator 2008	2
minecrfat missile mod	2
voltzengine 1.7.10	2
. june grows herbs. last year she grew 3000 lbs of herbs in a year while using 350 square feet of land and 1 worker. this year she doubled her land to 700 square feet, doubled her workers to 2 and grew 5500 lbs of herbs. she sells her rare organic herbs for $75 a lb. she pays her workers $20,000 a year and rents her land for $150 per square foot for a year. what was her average total cost last year and this year?	2
forever21	2
madison county indiana real estate	2
chart for spraying lawn	2
using turkish towel to dry shirt	2
towel to dry clothes faster after handwashing	2
customer support jobs from home	2
military coin hlder	2
youtube\pair	2
what 2 way do security use	2
id verifier	3
tools for bouncers	2
boles	2
son frutas amarillas, con ellas	2
celia (a tito) rosal?a me recomend? este restaurante. due?o buenas noches, se?ores. les traigo unos entremeses, cortes?a del restaurante.	1
facebook.com	2
linux find size of files modified after date	2
youtbe	2
how old was o.j. simpson when the trial in 1995 took place	2
watch db super	2
sims 4 torrent	2
how do i download a video clip from nest	2
5760x1080 wallpaper	2
elnora	2
bd8dxrhg	2
menards south bend	2
gmail	10
national weather service	2
tinder	2
google news	2
how much does youtube pay	2
unreal shift at freddy's	2
rolex daytona paul newman	2
19 news	2
solitaire	3
weida leases purdue	2
forms of climate change	2
rural king guns	2
nick tmnt imdb	2
kokomo regal indiana purple rain	2
indiana live weather radar	2
hbogo	2
more magnets and coils stronger magnwtic field	2
peter cooper hewitt	2
explanation of lenzs law	2
pornoxo	2
cr7 men nike	2
blank may calendar 2016	2
chaparral bass - cp4 bridge	2
pacers raptors game 7 prediction	2
google scholar	2
android photo backup google drive	2
sports authority locations	2
line integral rule	2
r9 270 vs r7 370	2
fx-4350 vs i3-6100	2
gx 650w	2
all over 40	2
openstax physics	2
top 10 best security cameras	2
steve mcqueen didnt talk much in movies	2
download minecraft	2
amazon	5
an item on a form or report object that can be manipulated to modify an object’s appearance is a(n) ____.	1
the ____ data type allows external files to be attached to a table record and stored as part of the database	2
enthusiasm hindi movie	2
qilib hair regrowth	2
best collagen peptide supplements	2
fedex	2
akismet	2
pandora	2
ipfw	2
minecraft server download	2
warframe grandmaster	2
yogg saron sound files	2
adobe premeir disk error	2
brotato chip reply	2
questions to ask a couple	2
dragon vette	2
okcupid	2
tentacle tumblr	2
leather boots with cuban heel	2
ground mold	2
traders point creamery	2
never argue with an idiot, they will drag wikipedia	2
pure capitalism	2
couple personal finance excel	2
shindanmaker undertale	2
espn	5
at&t cell phone plans	2
how do you tell if someone is kin to you	2
john deuel, il	2
cost of vibe trailers	2
joe tedder tax collector phone number	2
weather muncie	2
expressway liquors louisville ky hours	2
malwarebytes	2
anna speckhart	3
camille rowe	4
drivers for brother printers	2
brother printer drivers	2
issues in diversity 2016	2
diversity issues in healthcare	2
ids 400 topics snhu	2
wikia ghost in the shell stand alone complex	2
tvtropes game of thrones	3
newgrounds	2
ew	2
soraka counter	2
mens hats louisville	2
wimpy in popeye movie	2
dark souls 3 onion knight	2
beyonce drunk in love wiki	2
has anyone gotten any mote to work with samsung 6000 series tv	3
the dillon	2
2.4.1 inna gen mo nk	2
circuit court records whitley county	2
morel mushrooms indiana	2
avast wont let me open programs	2
private chat sc2	2
how to tie a windsor knot	2
dragon ball super episode 41	2
original parts group	2
kennys	2
stone coasters	2
swagbucks.com	2
2000 f250 center console swap	2
complete space	2
quotient set component	2
hyperplane wikipedia	2
example of a linear form	2
prove that the kernel is a maximal proper subspace	2
asmr comfort m4f	2
malena morgan	2
runescape 3 best ring for archers	2
runescape 3 speed leveling guide	2
can i delete microsoft edge?	2
how to remove sticker adhesive from cups	2
vgod	2
super mystery dungeon sky3ds	2
ninjhax 2.5	2
3ds roms	2
3ds flashcart	2
this ain't no texaco	2
pansexual and questioning	2
runner warehouse	2
kuali time	2
watch fear the walking dead	2
elkhart community schools employment	2
del webb britton falls	2
everything wrong with star wars the force awakens	2
why did go pro stock fall	2
why did nick woodman offer stock in the first place	2
shows not showing on sling tv	2
mad catz	2
a curse to get rid of my bad neighbors	2
columbus republic	2
columbus republic arrests	2
yahoo	8
red tube	2
deutsche bank indiana foreclosure cases	2
apa	2
velocity distribution of molecules in a liquid	3
my george forman grill won't heat up	2
continuum sanction	2
prevention programs for juveniles	2
13.4-3 cormen	2
telepath power	2
begonia	2
opensuse 11.4 end of life	2
wwe network	2
wow teleportation tree	2
why do people want nose piercings	2
custom labels	2
culver's menu	2
how to write the sound of a bell	2
youtube repeat	2
"clown camp ""pie in the face"""	1
maw of lorkhaj	2
birney ave vancouver	2
comcast.net email	2
raymor roseville 155	2
vygotsky stages of development	2
www.usbank,com	2
united airlines	2
google maps	2
mackinac island	2
motion legal definition	2
procedural law examples	2
promissory estoppel example	2
quasi contract example	2
writ of certiorari legal example	2
legal realism legal example	2
emerald birthstone meaning	2
adult chat	2
gnula	2
bowdoin college questions and answer	2
dulce maria	2
fitclad	2
what aisle is super glue at supermarket	2
skype online	2
bong da tuc tuyen	2
how does waterstep turn shoes into money	2
fox 59	2
yahoo mail	6
novel writing software	2
hairy mens asses	3
foursome	2
journal gazette	2
selenite	2
funny cat videos	2
hearthpwn	2
reba watch free online	2
sam horan birthday	2
instant face lift	2
hank green	2
heartland season 7	3
make a joyful noise verse niv	2
find new music	2
zayn malik	2
realiability of carseat canopy	2
should a dishwasher be on a gfci	2
realclearpolitics	2
distance and displacement	2
brick coloring ark	2
mind fuck movies	2
random girl gets fucked in bathroom porn	2
copemish michigan hotels	2
learn.shayhowe	2
adams auto kokomo	2
parental advisory photoshop	2
fox news jane sanders fbi clinton	2
how to make a contact form html	2
barbie as rapunzel	2
american shepherd puppies valparaiso indiana	2
comcast email	4
modifiable armor swtor 4.0	2
play gta 5 offline pc	2
playboy petite models	2
christina cavazos porn	2
firm up ground	2
reynolds wrap wiki	2
silver hanna road angel	2
grease live songs	2
long live asap deluxe	2
whirlpool wpw10308477 bake element	2
hbo go	2
chip spreading codes are ____ bits in length	2
holman christian standard bible	2
rj168592	2
indiana lottery	2
townhomes rent colorado springs	2
where does probability data come from for determining failure potential?	2
olive garden fort wayne	2
dark souls 3 old sages blind fold passive	2
rha	2
windows 7 task scheduler task image corrupt has been tampered	2
???? ???? ????? ??	1
korean karaoke songs	2
if you sell biodiesel bulk does it have to be dyed indinaa	2
mothers day poem	2
iu health plan payment	2
dear abby archives	2
kendall jenner snapchat	2
current lullaby songs	2
how to install don't starve together mods	2
how to install don't starve together server mods	2
phosphates	2
tritton kunai wireless volume switch not working	3
tritton kunai headset wireless volume adjust	2
tritton kunai no sound	2
tritton kunai wireless headset audio switch not working	2
promocion de ecuador y terremoto iglesia de dios	2
swine trailers	2
dragon ball z capitulo 59	2
dragon ball z capitulo 65	2
nd cse	2
a land where orphan immigrants hamilton	2
why are people albino	2
iu library jobs	2
how many speakers does jbl connect work with	2
what time does game of thrones air	2
bmi calculator	2
the fifth wave	2
what does cuck mean 4chan	2
gw2 key farming	2
nitro video	2
netflix	4
skyrim mini stutters	2
range in python	2
famous couples	2
lauren bacall	2
subliminal orgasm	2
subliminal orgasm -female	2
epson 4800 paper thickness	2
diniel tiger logo	2
fi2 amber run time error crash	2
menards rebates	2
rose bush for sale cheap	2
michael's	4
baby oil to clean vinyl record albums?	2
en_rse_skillsassessment-student_exam.pdf	2
citation machine mla	2
nfl	2
people search engines	2
holiday rambler navigator most common problems	2
macrium	2
number of animal testing statistics	2
elite dangerous	2
weed in yogurt	2
file x\alive addons\sup.combatsupport	2
emotional expression is the only way to develop close relationships.	2
one type of communication that helps maintain relationships is evaluation.	2
a study of 78 internet dating profiles showed that about ____ percent strayed from the truth on some level.	2
of the following, what is not a category of relational transgressions?	2
according to research findings about defensiveness, when one person in a dyad acts in a defensive manner	2
the communication climate in a relationship is determined by the	2
what is the process of learning new norms values attitudes and behaviors called	2
how to play open broadcaster recordings	2
nancy irsay	2
edwards truck sales in seymour indiana	2
house for sale close to wilkerson indiana by talk to tucker on state road 109	2
house for sale close to wilkerson indiana by tucker on state road 109 hancock county	2
elly jackson	2
biodiesel boiling point	2
irsay and luck's contract	2
civilization 4 windowed mode	2
review packers draft 2016	2
papa johns	4
imdb	2
kodi 16.1	2
walmart one	2
the fuck you thought	2
i'm a long time travelling	2
originals season 2 episode 1 opening song	2
nathaniel buzolic the originals	2
dark souls 3 chance of winged knight halberd drop	2
infinity ward	2
united lost baggage	2
sakura games list	2
tanunda silves quest	2
period of time after columbian urban protests	2
bravely second codes	2
acra automotive group greensburg indiana	2
gtx 670 3 monitors	2
download itunes	2
clicker heroes cheats	2
clicker heroes kongregate	2
evangelion	2
pool installation company	2
doppler radar	2
how do you unsubscribe from a mod in steam	2
fl studio .nmsv	2
brazzers	2
foot locker	2
finish line	2
legendarylea flash	2
equation of a circle	2
degree symbol in latex	2
young indian woman	2
girl sucks horse	2
sailor neptune violin	4
how to fry canned corned beef hash crispy	2
veep	2
translate	2
where do i send a donation to red cross	2
dreaming of my prince dress	2
gun vs gun	2
how many strings of length 13, composed of the letters m, n, p, q and no others, have exactly 3 p’s and 4 q’s?	1
chumley's lafayette	2
luther's bar b q pappas	2
3d printed pocket pussy	2
jay c columbus in	2
eggplant parmigiana	2
recipes with togarashi	2
ark loosing fps over time	2
leaving and rejoining ark server increases fps	2
gigabyte gaming 5 motherboard changing ram clock speed	2
princess leia incest	2
in ark is there a way to turn off structure snapping	2
catalysts for copper oxide	2
henry co ky storm damage	2
journeys coupon	2
xvideos	2
chaturbate blancnoir	2
et the extra terrestrial album	2
see black ops 3 game stats	2
wlfi	2
mary beth drughes	3
soul of might terraria	2
download swg for free	2
swglegends	2
imvu coupon codes	2
usability test plan	2
shutter visual effects	2
tribune jobs	2
top 50 women on internet	2
brooke weisbrod	3
fox news	2
katharine morling	2
1976 indiana primary	2
hot air	2
batgirl deviant naked	3
batgirl blindfolded naked	2
nature's presence in urban life	2
inclusion of nature on urban lives	2
good bow for a strength build dark souls 3	2
composite boards fence	2
may 1 satanic holiday	2
george lucas talks about john williams	2
find growth rate	2
woodenpotatoes	2
sprintf c	2
indeed jobs south bend	2
bloody mary miror	2
american goernment news	2
jager bomb	2
the case for student support services at a university	2
flying with liquids	2
nitrofurantoin	2
oversized baggage to brazil	2
krogerfeedback	2
jessica? jenkins, a? 30-year-old history? teacher, planned to invest? $10,000 in an equity mutual fund. she wanted a fund with maximum geographical diversification. jessica was seeking high capital gains from her investment and was comfortable with a fair amount of risk. which one of the following types of mutual fund would jessica most likely? choose?a.asian? large-cap growth fundb.foreign? medium-cap growth fundc.?large-cap technology fundd.global? large-cap value funde.global? small-cap growt	1
tetra hedon crystal	2
dceaglecam	2
amazon books	2
wife interracial creampie tube	2
how to install android on the hp touchpad easy way	2
ebox.redis main process ended, respawning	2
unable to find an ini file. please reinstall skyrim	2
how do i run skyrim utorrent	2
how to use utorrent	2
fake oakleys	4
fake oakley sunglasses	2
timeline synonym	2
font for biography paper	2
your elderly grandfather is deteriorating. at first he seemed only mildly forgetful, but lately he has had trouble recalling the names of close relatives and cannot remember where he is. he used to be very loving and patient, but now he is very unpleasant at odd moments. this condition is getting worse. he is probably experiencing:	2
my rabbit is suddenly scared of me	2
do rabbits get grouchy	2
jerry sullivan	2
dead air space	2
radiohead	2
symptoms of a rotator cuff problem	3
university of indianapolis	2
30-sai no hoken taiiku	2
how to change my pin number on vertical debit card evansville teachers federal credit union	2
verizon	4
simple wood steamer	2
indiana primary date	2
how much is dedicata a venezia	2
goofy grape	2
leblanc	2
kids bowl free classic lanes bloomington, in	2
wild sex	2
2015 indiana basketvall	2
hanner mosquera-perea	2
harvard divinity school homeless shelter	2
hydraulic cylinder seals near indianapolis	2
adobe reader	3
kripparrian	2
suture of a tendon	2
shaun t new insanity?	2
dealsofamerica	2
site:3dxforum.com can't see people	2
2016 louisville fireworks	2
youtubw	2
how long is meth detectable in urine	2
pomodoro timer	2
why bpa free water bottles	2
chippers in golf	2
sixten ivarsson book	2
indiana state museum	2
how to help a friend who just broke up with her boyfriend yahoo answers	2
how to help a friend who just broke up with her boyfriend do and don't	2
can you provie it cabrone	2
evolve forums	2
cancer versus benign growths	2
for rent in schoolcraft, mi.	2
income based housing in constantine, mi 49042	2
google directions	2
blue ridge ga	2
panther creek falls recreation area	2
catholic wedding mass readings	2
1 corinthians sexual immorality	2
dirt devil pet vacuum jaguar manual	2
national parks in other countries	2
m-unit lock in sohc	2
cb550 with agm	2
porn	2
recipes with similar ingredients	2
shakespeare in love	2
demon's souls uchigatana	2
monster hunter 4 zamtrios	2
frostweave cloth farming	2
alvin craftmaster ii deluxe art & drawing glass top table	2
credit karma	2
pacers game	2
hook echo	2
teamviewer	2
411	2
fmk 9mm	2
mangahere	2
prince new orleans	2
im colder than the shoulder of a gold digger when a broke nigga approach her	2
jdownloader 2 extraction separate folders	2
classroom management tips	2
tan inverse calculator	2
hamilton college	2
artificial blueberry flavor compounds	3
martha white food processing	2
how are artificial blueberries made	2
pregelatinized corn flour	2
spray drying	2
crosstabernacle	2
rev. smith house of god terre haute	2
donnie swaggart	2
agar agar jello	2
china's investment in aiib	2
china spending on infrastructure	2
stacked porcelain veneers	2
how to fabricate stacked porcelain dental	2
jim irsay	2
dweezil zappa plays frank zappa	2
2014 chrysler 300 c	2
tokyo anime district	2
rocket lawyer incorparted	2
hummus recipe no tahini	2
brett masters	2
nolan masters	2
travel agent	2
first commonwealth financial corporation common capital stock	2
rockauto	2
ranger clinometer	2
mitt romney	2
salt water hot tubs	2
connections academy	2
fear the walking dead	2
budget gaming pc 2016	2
imdb preacher	2
red dead redemption pc	2
dubois county sheriff	4
cpt joke	2
julia debruiker valliant	2
cody snedenger connersville indiana	2
yellow pages indiana	2
nick jr	2
dugongue twitter	2
trader joe's	2
how to find property survey stakes	2
samsung galaxy tablet 4	2
myths fish men	2
guild wars minion heal spells	2
gta adder	2
town of salem	2
tornado warning indiana	2
menards.com	2
how to catch a mouse	2
porn gif	2
small appliance repair near me	2
ïîçäðàâëåíèå îòêðûòêà ñ äíåì ðîæäåíèÿ	1
steelers draft grade	2
ankhbot commands	2
mychart	2
troye sivan wild	2
disc assessment	2
dopamine-related food supplements.	2
unity game engine free download full	2
acetyl l carnitine and appetite	2
net10	2
2005 toyota avalon key fob	2
orisinal	2
endur-acin 500mg is used to help?	2
tales of vesperia best skills for yuri	2
guild wars 2 weapon skins	2
ray ban by luxotica	2
cartoon network	2
skyrim folgunthur	2
bullmastiff	2
the bradford exchange	2
chris hardwick bernie sanders donald trump	2
nouage reinhardt	2
water pistol mgsv	2
what time is the nascar race today	2
nascar race today	2
what is the easiest way to lose 10 pounds in 2 weeks	2
monkey cases guitar	2
secure boot violation	2
how to make a video gif in photoshop cs6	2
8940 latitudes drive indianapolis in 46237	2
beauty supply	2
freddie fitzsimmons baseball	2
used cars fort wayne	2
happest country in the world	2
wrtv	2
fake snakes that move	2
electronic fake snake	2
nissan versa 2012 radio static	2
myreque quests	2
varrock armor rs3	2
persona 4 date tumblr	2
persona 4 endurance run	2
unirest spring boot starter	2
twitter java api	2
spring social twitter place	2
spring social twitter extradata	2
geooperations spring social twitter	2
twitter search historical api	2
cannot delete files/folders outside the current working directory. can be overriden with the `force` option.	1
how to use grecian pillars on a cake	2
galverston's staekhouse	2
custom super sentai motifs	2
garden treasures patio funiture	2
pharmaceutical supply chain quality management supplier evaluation	2
rocket league model cars based off of	2
best weapons to upgrade ff13	2
estimated percent of failure in battery can be around	2
beta blockers	2
salvia may night	2
network cable connector	2
pixel gun new update 10.4	2
sas 4	2
??? ?? ???	1
salt and vinegar weed killer	2
anime close to dbz	2
how does barrel length relate to penetration	2
audiotool	2
forever pandering	2
ultimate chicken horse markiplier	2
kline properties inc	2
chase bank	2
southwest airlines	4
split screend 3d glasses	2
programmable block get coords	2
where to find an old chevy pick up truck 1950 to rent	2
flip n furniture edwardsburg mi	2
consignment antiques near warsaw	2
pick up truck cookies to buy	2
midwest modifed body for slash	2
heart beads wholesale	2
bedroom storage ideas	2
drake u with me	2
messi	2
west ham	2
lonely island jack sparrow	2
levi's men's 501	2
wwe.com	2
tineye	2
cyber stalking remedies	2
usi tuition calculator	2
the man who discovered quality gabor sparknotes	2
digimon hoodie	2
nfl draft grades	3
rotten tomatoes	2
anna vinokur nudes	2
what was name of book at end of book of mormon	2
excel vba color index	2
final exam schedule purdue spring 2016	2
elkhart county districts	2
my martin	2
massdrop	2
the legend of queen opala	2
in season 5 of ninjago is zane ever brought back to life	2
state flag for north dakota	2
who will i marry	2
how do you remove gwx	2
iloverynmar fanfiction	2
jasam facebook	2
skyrim nexus	2
casey neistat	2
windows 95 on apple watch	2
intellicast	2
urltv	2
things a bachelor needs	3
game of life board game online free	2
no stranger to the rain	2
bad company	2
cid episode sony tv entertainment may 1st 2016	2
urns for ashes on ebay	2
ovos rustic redemption resource pack 1.9	2
the six sigma approach works best for a project where a quality problem is identified between the current and desired performance.	2
assignment, budget, promotion, money, and penalty influence bases are automatically available to project managers as part of their position.	2
an organization usually commits more money as a project continues, therefore a management review should occur after each phase to evaluate progress, potential success, and continued compatibility with organizational goals.	2
mozilla firefox download	2
windows 10 paint	2
gloves of worship	2
cam's rebuttal	2
how to use beet juice to dye hair	2
does grey hair gets colored with beetroot	2
natchez mississippi	2
how to import songs from computer to iphone	2
pgeveryday	2
sister wives	2
gary us bonds	2
hardy cyclamen for sale -uk	2
judy nick kiss	2
what is nat type strict	2
free porn	2
one dance drake	2
trump decks	2
is saturated or unsaturated fat better	2
the beetlejuice the dead man's party	2
80s music videos	2
mk arcade kollection windows 10	2
ms error code 8015403a	2
to to remove gfwl from games	2
mortal kombat 4.exe	2
how to set a kids watch	2
owingsville ky	2
paintsville spring fling	4
1977 minnie winnie dodge 360 towing capacity	3
saltworks appalachian homecoming	3
ky festivals events 2016	2
salt works appalachian homecoming – manchester	1
harlan, ky	2
air show kentucky 2016	2
music kentucky 2016	2
mountain homeplace paintsville ky	2
oncourse	2
earache and loss of smell	2
profed	2
blank maps	2
google chrome	2
mypurdue	2
computer moves	1
disney princess dinner	2
qvc	2
female fetal pig dissection lab answers quizlet	2
finding radians	2
tv stands	2
sage green tv stand	2
courtyard new orleans downtown	2
elementary the invisible hand	2
best casting couch	2
edens garden	2
bath tub wall panels with fake tiles attached how to cut	2
skechers	2
strawberry whipped cream topping on angel food cake'	2
sorority boys download	2
parrot foot toys	2
hsy band	2
turmeric and black pepper	2
analytics	2
travelocity	2
game of thrones season 6 episode 2 online free	3
erisa	2
bulk plastic storage tubs	2
vistaprint	2
kaathe dark souls	2
brenzes	2
picture perfect culture shock bhangra remix	2
select case vba	2
factorial vba	2
la guerre des boutons	2
file hosting free	2
adblock	2
suomi englanti suomi	2
bed skirt queen	2
bok choy recipe stir fry	2
wwwf	2
prophylaxis antibiotic for dog bite	2
hawaii five o	2
andrea tantaros	2
doppler radar channel 13	2
john rake indianapolis, in	2
microsoft support	2
motorola sb6121 cable modem manual filetype:pdf	2
sword art online underworld story	2
posilac	2
lindsay on dancing with the stars	2
acceptance letter for teaching position	2
downtown nashville rentals	2
government rate hotels nashville tn	2
https://www.hoosierlottery.com	2
best rates to transfer money to india	2
citibank card	2
purduefed	2
how to run a c++ code on cygwin	2
moose crack propagation code	2
matlab phase field	2
langevin simulations for crack propagation	2
image j quantitative analysis of intermetallics	2
ana cheri naked	2
sasha banks	2
goddess of song	2
learning connection	2
google classroom	2
dave buck + public works director + city of west lafayette, in	2
kristen edmundson + purdue credit union	2
havel shoes dark souls	2
bob se evollution	2
costco pizza cooker	2
pci	2
buca di beppo	2
rainbow unicorn wallpaper	2
from a six sigma (statistical) perspective, what are two ways to improve a process? quizlet	2
applebee carreers	2
psp themes	2
how to calculate stress in a composite beam	2
washington post crossword	2
colts draft grade 2016	2
essentialsx spigotmc.org	2
freedns.afraid.org	2
why is my print using system dialog broken	2
political correctness gone mad	2
videobull	2
consumer equilibrium equation	2
cars destroyed by hail san antonio april 26	2
>> part01 : https://drive.google.com/file/d/0byxvkjgo5n-csedhr2hqtl9fanm/view?usp=sharing	2
logic pro x free for windows	2
logic x pro on mediafire	2
logic x pro free windows download	2
chain rule	2
determine lyrics	2
song lyrics about coping	2
joint attention autism	3
dark souls 3 wiki	2
fur collar overcoat mens	2
pachuco suits	2
the mask funny scenes	2
pendergast starbucks	2
starbucks wikipedia	2
randall darby	2
powerball numbers	2
mama g's catering	2
the metro indianapolis	2
iron monkey	2
bill bennett what i see happening in a trump presidency	2
downtown brunch indianapolis	2
best things to buy at victoria's secret	2
official sports promo codes	2
what to buy at victoria's secret	2
flipkart	2
alki david net worth	2
will shamans be good in legion	2
dark souls 3 dunk head in wax	2
redtube	2
authentic leadership refers to individuals who know and understand themselves, act consistently with high ethical values, and empower others.	2
magazines about down syndrome	2
target porter's 5 forces analysis	2
nike strategic analysis	2
nike quartly fixed assets	2
i said leave me alone	2
durj clone wars	2
environmental protection agency	2
boiling point formula	2
port angeles lodging	2
cortana	2
red hair darker than black	2
estridge harmony	2
metronet	2
best 1t external drop hard drives	2
z rated tire for wet roads	2
thai wild ginger	2
what's the qualifications for food stamps	2
shadbase	2
home depot	6
5 planet alignment 2016	2
postal service	2
josh hartnett	2
how do i download mp3 files from my computer to my iphone	2
oupon	2
where is the report stored from the windows compatibility appraiser	2
oztosterone	2
como convertir los juegos de xbox 360 en formato iso para emulador	2
emulador de ps3 requisitos minimos	2
emulador de [ps3 descargar	2
cual es el serial para call of duty 4 modern warfare	2
yahoo history	2
adw	2
mr greeks	2
creation house	2
coincidentally	2
stellas tomb raider	2
roblox	2
how did victorians drink their coffee	2
kiehl's	2
nucleus accumbens	2
utorrent	2
haztek	2
gm parts	2
ala ela	2
instantchess.com	2
www.frontier.com	2
star	2
who is charlie? forrest gump	2
mesh indianapolis	2
rs wiki shadow nihil	2
indiana career connect	2
oceans formed when rainwater filled _________ 3.8 billion years ago. ________ run into the ocean dissolving minerals like salt as they go. __________ leaves salt in the ocean, which is why the ocean is _________. salinity has _______________, so the ocean is _______getting any more or less salty. salinity makes water ____________ and contributes to currents.	2
american apparel 50/50 t-shirt athletic cut	2
whirlpool gas range parts manual	2
repair haro freehub	2
test caracal pvp	2
17x11 truck wheels	2
tire barn	2
mexican rice recipe	2
captain boomerang	2
which of the following statements is not true about communication in the workplace?	2
story hypatia blood	2
6s corporate training	2
tulip wallpaper	2
ipfw kimberly burns	2
nutrition requirements for 60 year old woman	2
no sugar jerky marinade	2
beau jardin apartments	2
paogordo paypal	2
camp amigo	2
simon bolivar	2
how long oes it take a venus flytrap to get bigger	2
glitter force review	2
nappanee conservation club	2
kirkman	2
the columbia club	2
brain game children's tv show	2
linux add self to sudo group	2
youtube.com	2
bloodborne board game	2
nj unemployment	2
www.wthitv.com	2
convert mmhg to kpa	2
how to annoy your sister	2
wd richards elementary columbus indiana	2
lily potter middle name	2
wave 3 weather	2
vibram treksport mens 39	2
caitlyn skins	2
pull up in that tonka	2
money makiong rune 2007	2
evansville credit union	2
gmail login	2
yallwest	2
convert eagle library to kicad	2
stormraider's surge darius	2
how to remove radio from 2002 prius	2
citation machine	2
electra townie bottom bracket size	2
best electric bike battery	2
kingii	2
my ebay	2
crown point swim club	2
myebay selling	2
lsvt online certification	2
local nerf events	2
super nintendo emulator games	2
smoothing a ruger gp100 trigger	2
gmac?trackid=sp-006	2
gmac	2
vectren	2
gear vr	2
x3tc best destroyer	2
iosha	2
news15	2
nfl draft 2016	2
world of warcraft mount	2
dreadhawk armor loading screen	2
chimera's rage loading screen	2
incandescent liturgy loading screen	2
eldwurm's touch loading screen	2
primeval prophet loading screen	2
lego batman 3 pursuers in the sewers	2
reptiles available at petco	2
civil war marvel hamilton 16	2
xbox one port forwarding black ops 3	2
p value	2
small of back	2
lep pad ultra balck screen fix	2
perfect girls	2
epicnamebro dark souls 2	2
draft pick vs blind pick lol	2
p value from f statistic	2
cia world factbook	2
snaplock app	2
there's an internal problem with your device contact your manufacturer for details	2
when a creature enters the battlefield draw a card	2
watch miami vs charlotte online free play by play listen	2
distinxion overnight camps	2
what is the risk in loss of credit card information	2
rock bottom brewery	2
homewyse	2
shirtwascash discount	2
our principles pac	2
short hawaii cruise	2
harvey stardew valley	2
ilina stojanovska	2
amy j. shafer	2
mother day in spain	2
tirando en el bano	2
pushing daisies	2
grass cutting service avon in	2
gfuel coupon codes	2
chinese bra sizes	2
korean names meaning	2
what if what i bought at lowes goes on sale	2
in apa format	2
apa citation format	2
weather channel	2
communist art	2
prince death	2
webtrends	2
atlanta black mens dress shoes	2
delta monitor bath faucet parts list	2
meetme	2
h2o delirious sister	2
3 cylinder kolm engine	2
indiana dnr	2
biggercity	2
tia_bella	2
mezriamae	2
roblox music codes 2016	2
fasci/o-	2
which cells are specialized lymphocytes that produce antibodies?	2
nephrolysis	2
which term refers to the examination of urine to determine the presence of abnormal elements?	2
which term reflects the amount of wastes, minerals, and solids that are present in urine?	2
which disorder is a group of hereditary bleeding disorders characterized by spontaneous hemorrhages or severe bleeding following an injury?	2
which diagnostic procedure is a radiographic study of the blood vessels in the retina of the eye?	2
which two terms describe a condition in which there is widespread scaling of the skin?	2
a trustee, in a legal trust arrangement, quizlet	2
to research used car prices, you can check one of the popular price guides including	2
the principle of indemnity would prevent:	2
most people do not need protection against	2
500 words is approximately how many pages	2
default	2
putlockers	2
dstm transactions algorithm	2
algorithm 1 code for transaction tk executed by some process	1
lamport bounding bakery explained	2
watch over durans sons	2
studying wat gif	2
show faucet stem fails constantly	2
???	2
ngng builds	2
minecraft mo creatures 1.7 10 how to tame turtle wiki	2
ap calculus bc	2
agario private server broil 4o	2
five nights at freddy's	2
59v-17223-00-00 buy it now	2
59v-17223-00-00	2
59v-17223-00-00 gear obsolete	2
59v-17223-00-00 hard to find parts	2
carmax	2
soakerpro	2
l131u	2
blu cell phones	2
what happened to brandi and jarrod married to the job	2
powerpoint templates free	2
indianapolis weather radar	3
g shock dw6900	2
increase soundcloud plays free	2
the division first season pass update	2
robins attacking my windows	2
drury inn nashville tn	2
sociology of international workers day	2
international workers day	2
houses for sale	2
647 mp3 partynextdoor download	2
647 og company	2
when you walk by every night	2
roscoe's coffee bar richmond indiana	2
indianapolismotorspeedway	2
need for speed undercover	2
how to uninstall jomsocial	2
ark survival evolved start server with total conversion mod	2
halo reactor review	2
rocket league championship series - na top 128: weightgamers vs ibuypower cosmic	3
arris dg1670a	2
new modem phone not working	2
candy crush 1537	2
ryugu one piece	2
indy mini confirmation	2
how do you decide if a question is permutations or combinations	2
wthr weather	2
good comebacks for girls	2
fix car radio constantly trying to eject cd	2
five guys order online	2
peoria jail records	2
michelle dorr	2
weather.com	2
viewing your phone's screen on a computer via usb cable	2
att enable tethering	2
recipe for cookie dough chocolate chip	2
how to get a mega lucario in insurgence	2
calculus ab practice exam answers	2
wrestling inc	2
cheek cells description	2
describe what l. acidopholis and s. epidermidis looks like	2
the bell witch	2
thabo companies	2
can you travel with your maiden name on your passport	2
90 hp e tec durbility	2
menards ad	2
marine battery menards	2
digimon jian	2
vision quest	2
fit in a mold	2
momiji mo problesm	2
ever butter	2
american girl doll 22	2
labs detecting synthetic urine	2
rodney mccray baseball	2
.swf to mp4	2
bun bun bun bun bun do dun do do do ddnn	2
how to keep a top speed on a scooter	2
samsung yp-u2j	3
samsung yp-u2j driver	3
my scooters electric start wont work 2 stroke	2
tgb laser r5 starter prob	2
fusion tag	2
maps of vietnam during the war	2
fletching	2
hdtv antenna reviews	2
an artery carries _____ blood _____ the heart	2
definition of rodding	2
dillon	2
sapilots	2
asu library	2
snatch without dropping barbell	2
negotiation key to business	2
1994 polaris indy 600 carburator vaccum lines	2
a system’s ____ feasibility is the extent to which the system can be created, given the company’s current finances.	1
____ is the combination of encryption techniques, software, and services that involves all the necessary pieces to support digital certificates, certificate authorities, and public key generation, storage, and management.	2
____ is a trademarked version of dsl with speeds that are a little slower than typical adsl speeds.	2
radial pull tire	2
513-244-5018	2
which parks and rec character are you	2
im not going to check my privelidge you check yours	2
trump protestors say they wil have guns	2
reselling printing in indiana sales tax	2
metallic ink t shirt printing on demand	2
patio homes fishers indiana	2
assassin of the moonlit night	2
naruto shippuden episodes	2
fnaf sister location trailer	2
akinator	2
levis denizen review	2
facebooklogin	2
wassabi productions	2
rome total war windows 10	2
gmai]	2
vine	2
icd 9 code 001.0	2
what causes b and t cell diversity	2
previous year tax act	2
how to save bookmarks in chrome	2
apc	2
other stories	2
when should you use black agate	2
indianapolis 500 tickets 2016	2
black specks left after bruises	2
mit algorithms book	2
fallout 4 help	2
fuse file poller binary file	2
ashley furniture	2
don heine	2
what time is wwe payback 2016 full show	2
louisville basketball	2
warhammer paint ghoul	2
constellation names	2
grubhub	2
cpu stress test	3
bowser jr	2
coral reef malphite	2
portal 3	2
aidra fox	2
air ce matin la mp3	2
pavarotti vanessa williams non ti scordar di me mp3	2
christoph clark porn	2
caity lotz	2
volcano rice benefits	2
taqueria san jose goshen in menu	2
chinese is more fun than russian	2
xl mat for under dog crate	2
victoria secret	4
hud homes for sale	2
rt-ac56u firmware	2
google earth	4
mother's day gifts for toddlers to make	5
pressure tank pressure when full	2
drudge	2
puzzle quest 1 ds	2
aaron neville grand tour	2
top country songs	2
fsj dana 44	2
macys	2
2016 undrafted free agents	2
can't get pilot to light on water heater	2
maps	2
plug in gpu	2
ksp propeller	2
nasa cea	2
marvel movies	4
kentucky derby	2
steelers beer stein with players and yardage	2
gesetzlich gesch?tzt stein with mozart, bach and handel	1
monroeegis39dn	2
valiantgoku	2
kanai's cube	2
dark souls 3 magic build	2
noaa	2
ellettsville church of christ	2
which of the following is the best device to deploy to protect your private	2
format for date data type	2
office chair posture	2
time data type enter format	2
how to avoid duplicate records in mysql query	2
mysql final sum at bottom	2
buy lime	2
kalitas traitor of ghet	2
how to play shadow demon	2
plan b coupon	2
33 mpg in l 100km	2
tarping a concrete pump	2
hobdy dye and read	2
pc photoshop programs comparisons	2
british flag posters	2
photo collage posters	2
aff	2
chuck roast recipe	2
how early to start dreads	2
is fapping every day normal	2
haken drowning in the flood cover	2
free 1 inch bottle cap template	2
flashlight with long battery life	2
how to how my own tekkit server	2
deflector generator tekkit	2
gattaca plot	2
the hottest naked gay men	2
actor miles o'keeffe	2
best buy	2
live extra	2
bill hicks co	2
bigrocksports	2
acusport	2
donovan distributors	2
orleans, indiana	2
nudist erect	2
wikihow graffiti	2
snapchat usedfood	2
beet juice	2
passrider	2
best buy apple watch price	2
apple watch jcpenney	2
highest bacon number	2
ancient harbringer	2
brian gerding	2
showbox apk	2
cricket configuration message	2
john cheek 1784 – 24 february 1848	1
hints for candy crush 614	2
bernie sanders south bemd	2
best motor oil	2
purolator oil filter	2
rukind	3
best ps4 games	2
days inn sedona	2
mitosis game no download	2
office depot	2
rachaelrayshow	2
cleaning one ossian in	2
indiana courts	2
first financial bank usa	2
sims 2 double deluxe cheats	2
dark souls 3 reddit	2
shatotto ffxiv	2
indiana ballet conservatory	2
80s costume for woman	2
southwest	2
water vest type	2
heineken mini keg tap	2
unemployment rate by college major	2
regions of italy food	2
risi e bisi	2
if i die trying to retrieve blood shards, are my old ones still there	2
gta v stunt jumps map	2
any apps that use amd hardware acceleration crash	2
6098 georgetown rd, indianapolis, in 46254	2
cum in mouth deepthroat	2
china king menu	2
when 53 debet cards expire at end of month?	2
aragorn speech	2
jigzone daily puzzle	4
planting herbs together	2
outdoor herbs year round	2
invisible flame lighter	2
tmobile login	2
hatoful boyfriend plush	2
thetford toilet repair instructions	2
kazuaki-kun's book pdf download	2
genki 2 workbook listening comprehension answers	2
the jungle book	2
akvavit	2
pressure center lower back	2
stiff lower b ack	2
houdini hard suface modeling	2
json formatter	4
dish	2
stripped while camping videos	2
maamoul recipe	2
doordash	3
clawdeen wolf fanfiction	2
old versions of google chrome for windows	2
how to change a forgotten password on mac os x mavericks	2
peggy capy	2
houses for rent laporte indiana	2
steven universe episodes	2
can a country have debt and currency reserves	2
used cars indianapolis	2
netflix.bundle downoad	2
aetna	2
d3 season 6 fast leveling imgur	2
zyxel router pk5001z repeater mode	2
can't keep chlorine levels up in pool	2
cake best songs	2
grayskul	2
how high is the internet ranked in usefulness	2
hibachi propane grill	2
checks	2
muscles shake when stretching	2
grissom elementary	2
the selecter	2
you tube	2
harry potter and the deathly hallows part 1 soundtrack	2
boston transit map	2
glass rx how to read lenscrafters	2
comedysportz birthday indianapolis	2
2005 can am outlander 400 speed sensor location	2
currency swap exchange rate risk	2
why can't i get over him	2
xbox one video stutter	2
1d4chan	2
one punch man episode 1	3
tv tropes magi the labyrinth of magic	2
shadowrun 4th edition character sheets technomancer	2
hemorrhagic stroke	2
underground sect civ 5	2
best western	2
honda nsx	2
donald trump in high school	2
i want it real run away with me nwo	2
sat practice	2
piratebay	2
how to make torches in minecraft furnace	2
bus fondle	3
sheer lilac lipstick	2
"hsin-chang yang and chung-hong lee, ""automatic metadata generation forweb pages using a text mining approach,"".pdf"	1
define ontology computer science	2
metadata generation scholarly papers	2
delaware county property search	2
texture packs for minecraft pc 1.9.2 folder	2
big lots	2
karos returns redfox	2
merome fanfic	2
skylox fanfiction	2
presente de indicativo spanish	2
lord of the rings return of the king for ps2 excellent, good, faie	2
sly cooper 2 breaking and entering	2
aol mail	2
is it hard to get a gun in california	3
how to make knife ankle sheath	2
rising thunder	2
golden dragon scourge point dragon	2
cardfight underground	2
trash panda	2
chameleon rescue	2
weather alerts	2
brandywine community church	3
baseball standings 2016	2
nashville indiana houses for rent	2
just kidding	2
wish tv	2
phone number lookup	2
home storage server	2
best family guy jokes	2
hunting season for indiana 2016	2
goose the market blog	2
hamilton beach slow cooker	2
show me prices for funerals	2
teamviewer 11	2
hold fast e juice	2
cuttwood e juice flavors	2
tedeschi winery	2
grant school loan repayment	2
closest grocery stores to fort desoto park, st petersburg, fl	2
morel mushroom spore kit	2
legal topless	2
sunrise on old meridian	2
byu relative race	2
bronfenbrenner’s ecological systems theory	1
draenor fishing	2
indeed	2
p1246 vw tdi	2
royalton riviera cancun	2
glass tv stands	2
impossible quiz	2
my cricut won't connect to my computer	2
guy peeing hands free	2
hands free cum compilation	2
woodland pals moose fabric	2
fabric.com	4
flannel baby print fabric	2
baby print flannel fabric	2
moose print fabric	2
how to wire a circuit	2
lil wayne	2
easiest way to commit suicide	2
cynder and spyro sex game	2
twilight forest 1.8	2
minibikepartsnow	2
home depot tuff shed	2
roxbury garden perimeter fence	2
blackhawk heavy duty 4 ton floor jack	2
cunningham funeral home bridgeport illinois	2
3-methyl-3 pentanol	2
caroline munro nude	2
businesses in moores hill indiana	2
tim osman wiki	2
super hereos fight boobs	2
moving a program from 7 to 10	2
skyrim alternate start	2
greyfriars bobby	2
discounttire	2
hhgregg	2
indeed.com	2
university of chicago employee access	2
tdameritrade	2
stoic thrive spark tight women's	2
deadpool reviews	2
cityofanderson	2
how to figure out passcode on ipod	2
lafayette indiana weather	2
what is contribution margin ratio	2
kravet fabric	2
wholesale fabric	2
want to find angel trumpets	2
easy beef stew crock pot	2
lunar new year dragon spirit	2
is personal privacy a thing of the past	2
dsm 5 major depressive disorder criteria	2
what is a product family in lean enterprise	2
managers in oligopoly firms must quizlet	2
1. what are the six sources of equipment waste?	2
which of the following statements is true of team composition?	2
which of the following statements is true of the roles of effective team leaders?	2
how to homeschool a child who doesn t want to learn	2
alpha omega	2
garmin nuvi 40lm update	2
social security disablility	2
hacking psn	2
prince guitar gently weeps	2
too much oxygen air hunger	2
mcjuggernuggets	2
medicaid fast track payment	2
anthem fast track payment	2
initial fast track payment vs power act payment	2
tomb raider actress	2
ivideon	2
halo ice cream	2
odd things to do and see in indiana	2
projected sea level rise by 2100 map	2
map of projected sea level rise by 2100 map	2
bond ? stock????	1
do i need a p trap on my shower drain	2
scary movies	2
things to do in dublin	2
the blaze	2
indiana tax	2
polaroid 600 land camera	2
polaroid 600 spirit	2
7 most haunted places in indianapolis	2
advance america voter guide 2016	2
2008 ford expedition roof rack cross bars	2
wolfram alpha	2
algorithm for finding eigenvalues	2
how to store data into matrix minitab	2
40th birthday party decorations	2
smithville.net email	2
replacements for retractable headlights in c4 corvettes	2
c4 corvette fixed headlight conversion	2
treatment goals for adhd and odd	2
cherry tree cottage ludgvan	2
1032 grindstone cir, everett, pa 15537	2
copywriter jobs yellow pages indianapolis indiana	2
armourfast	2
a study in charlotte	2
illinois unemployment	2
annual credit report	2
1966 ford f100 windshield wiper switch	2
ford granada	2
northstaffing.com	2
clickfunnels	2
6325 salge drive, fort wayne, in	2
muscle strain thigh	2
trisha krishnan	2
wrongful executions	2
steve quayle	2
2005 grand prix losing antifreeze	2
carmine spice	2
open port xfinity router	2
price watch	2
teton gravity research	2
ti 84 plus programs	2
big red liquors	2
rushville indiana	2
the.producers.choice.lost.tapes.vol.2.	2
rock island 191	2
nbc news	2
twin lens reflex camera digital	2
would i not rather they repent	2
budget	2
buy cardinal tickets in evansville	2
shrug emoji	2
new balance shoes	2
game of thrones start time	2
when will george soros die?	2
can you microwave tupperware containers	2
runescape claj	2
rockstar cloud servers	2
bam margera's best live trick	2
joe frantz	2
pso actions	2
martin university	2
osrs ball of wool	2
cincinnati map	2
drury inn	2
adam mcgill store	2
opening a store essentials	2
black desert reddit	2
saiyan pride xenoverse	2
umsl	2
authentic indian naan recipe	3
2016 indianaplis concert schedule	2
www.ng-perfumes.nl	2
comcast	2
apartments grand forks nd	2
1982 suzuki gs300l bobber kits for sale	2
monza oval gpl	2
loot crate march 2016 pin	2
cathedral of st john the divine	2
aj foyt with ray haroun	2
michael brown ferguson	2
thorens turntables	2
fallout 4 interactive map	2
xs performance kokomo in	3
pcos	2
colts 2016 schedule	2
wanko to kurasou	2
azo compounds review	2
prashanth actor facebook	2
rohan mehra	2
milana rana	2
beyonce hold up	2
apollonia	2
xnxx.com	2
tales of xillia 2 exoplasma	2
xillia 2 save julius	2
average salary of a medical assistant	2
calculate my grade in a course	2
btd battles	2
team ninja warrior	2
audacity	2
citizen's energy group	2
indianapolis public library	2
microsoft vbscript runtime error '800a0e7d' unknown runtime error /include/getsql.asp, line 499	2
how to make a to be continued meme	2
astrological signs of led zeppelin members	2
2005 saturn vue	2
todays weather embed	2
microscopic polyangiitis	2
natural wife tits	2
real pussy	2
jrj rentals	2
indy gis	2
is there a sexual meaning to purple rain	2
kettlebell swings	2
porn hub	2
"according to christopher morris, citizens who violate the social contract or rules of society lose some degree of ""moral standing"" in that society. a person who deliberately murders another member of society has forfeited his or her moral rights and the execution of that person is therefore justified when properly carried out by social authorities."	1
hot potato voice	2
caspervend redelivery	2
modelo de salon inclusivo	2
detailed example of implementing the seven rights of medication administration	2
st james ame church sunday school	2
the cleansing stream lyrics	2
does weapon damage matter for witch doctor diablo 3	2
amc theater	2
hub bootery crown point indiana	2
spongebob games	2
know your meme	2
tosselwrench mega-accurate simulation viewfinder	2
wowhead	2
r/wow	2
r/teslore	2
r/neckbeardstories	2
oni	2
turbotax email support	2
mp4 plaer	2
download cloverfield lane mp4	2
proj a on b	2
spider web randomly falls in room	2
time of arrival synonym	2
how much have i spent on league	2
what conclusion does olivia draw from malvolio’s strange behavior in yellow stockings and cross garters?	1
how would you summarize the impact of societal changes that took place in britain during the eighteenth century?	2
curling	2
ovarian cancer	2
chase online	2
bra sizes 1x - 6x	2
experts on sports psychology	3
accounting adjusting journal entries	2
dulce de leche	2
shutterfly	2
activation energy of combustion of magnesium	2
endothermic requires energy to keep going	2
potato catechol lab sand	2
kinsey scale test buzzfeed	2
spicedogsss	2
vidlocker maggie	2
how to address an ambassador in a letter	2
dormant interpretation	2
portia speech of mercy	2
plane games	2
multiplayer online euchre	2
the four main potential external sources of ldc developmental capital	2
elsevier	2
wfyi	2
mandalin bay	2
best vegas strip hotel to stay in for teens	2
rapid rewards	2
southwest rapid rewards	2
reddit nsfw	2
not my job award meme	2
the simpsons tall man	2
magic snort snort	2
homer simpsons spins	2
real clear politics	2
elite fitness carrollton ky	2
abc	2
a persistent vegetative state(pvs) exists as a result of severe mental impairment, characterized by irreversible cessation of the higher functions of the brain, most often caused by damage to which of the following organs?	2
sarah is starting a new job as a medical assistant at a local clinic. under osha regulations, what must your employer offer her as part of her employment?	2
seedot	2
3 famous people in brazil	2
bucshon or moss	2
world reserve monetary exchange brilliant uncirculated nickels	2
ruger 45 caliber revolver double action how much is it worth	2
best mask to wear while mowing	2
72 chevy truck	2
low income students access to education video	2
brown, doreen, myers, carrie b., pavel d. michael	2
guegan marion	2
broomsticks and fire	2
h3h3 full song	2
death cab for cutie, bottlerock napa valley music festival, may 28	2
births outside of marriage statistics trinidad and tobago	2
holostyak 2016	2
alicia vikander	2
adjusted gross income	2
cobalt moss siege of dragonspear	2
myspace wiki	2
floris expanded mod how to edit	2
sprint	2
house lock repair	2
brush mower rental	2
lucian counter	2
driver scanner uniblu	2
academic prestige ea ncaa football 14	1
brian ochs north texas	2
bcd325p2	2
requirements to be president	2
scarlett johansson skyrim	2
????? ????? ?????????? 100	1
is suvival good for thug cleave	2
xnxx	2
dead trees minecraft	2
spawn villages minecraft	2
225/45r17 91h continental	2
cheapest way to buy formula	2
guide to registry at target	2
does baby brezza work with playtex nursers	2
toro personal pace commercial	2
muncie central school	2
warsaw community church counseling center	2
lego incentive chart	2
lego incentive sticker chart	2
gaiaonline profile layouts	2
zeus virus	2
car fax or equivelant	2
gaming recorder webcame software	2
netfrix	2
jeffrey lynn gerardot, fishers, in	2
mrs firlds cookies	2
lg dryer takes too long to dry	2
free chrome themes download	2
womens oxford heels	2
trampoline	2
pandora jewelry	2
shopkin seaon 4	2
feria hair dye walmart	2
walmart window air conditioner	2
bean blossom animal clinic	2
https://www.peoplefirstcu.org locations	2
self adhesive vinyl sheets for countertops -ezfaux	2
fairy lights multi colored solar copper wire	2
blogger	2
paintable tile wallpaper backsplash	2
desk organizer usb hub	2
wood textured paintable wallpaper	2
viridian green room design	2
2. compare the results of the different trials. how does the amount of grams of caco3 compare? the amount of the grams of caco3 3. were the results of the trials as you expected? why or why not?	2
collapsible storage tote	2
what on netflix may 2016	2
advance indiana	2
nettalk	2
www.libertyonline.edu	2
eye of ender	2
mp3 cd burner for free	2
how to find minor and cofactor of matrix	2
how to tell if matrix is singular	2
12.4-2 cormen	2
4chan	2
watch postcard marathi movie online	2
trees for sale	2
ratification of the constitution	2
moleskine	2
ÙÙŠØ±ÙˆØ²	1
"position generator questionnaire"	1
celia (a tito) rosalÃ­a me recomendÃ³ este restaurante. dueÃ±o buenas noches, seÃ±ores. les traigo unos entremeses, cortesÃ­a del restaurante.	1
"academic prestige" ea ncaa football 14	1
Ù‚ÙˆØ§Ø¹Ø¯ Ø§Ù„Ù„ØºØ© Ø§Ù„Ø§Ù†Ø¬Ù„ÙŠØ²ÙŠØ© 100	1
an item on a form or report object that can be manipulated to modify an objectâ€™s appearance is a(n) ____.	1
"clown camp" "pie in the face"	1
ìš°ë¦¬ë™ë„¤ ìŒì•…ëŒ€ìž¥ ê±±ì •ë§ì•„ìš” ê·¸ëŒ€	1
how many strings of length 13, composed of the letters m, n, p, q and no others, have exactly 3 pâ€™s and 4 qâ€™s?	1
jessicaâ€‹ jenkins, aâ€‹ 30-year-old historyâ€‹ teacher, planned to investâ€‹ $10,000 in an equity mutual fund. she wanted a fund with maximum geographical diversification. jessica was seeking high capital gains from her investment and was comfortable with a fair amount of risk. which one of the following types of mutual fund would jessica most likelyâ€‹ choose?a.asianâ€‹ large-cap growth fundb.foreignâ€‹ medium-cap growth fundc.â€‹large-cap technology fundd.globalâ€‹ large-cap value funde.globalâ€‹ small-cap growt	1
Ð¿Ð¾Ð·Ð´Ñ€Ð°Ð²Ð»ÐµÐ½Ð¸Ðµ Ð¾Ñ‚ÐºÑ€Ñ‹Ñ‚ÐºÐ° Ñ Ð´Ð½ÐµÐ¼ Ñ€Ð¾Ð¶Ð´ÐµÐ½Ð¸Ñ	1
"cannot delete files/folders outside the current working directory. can be overriden with the `force` option."	1
è²å¤šèŠ¬ å½±éŸ¿ èˆ’ä¼¯ç‰¹	1
salt works appalachian homecoming â€“ manchester	1
"computer moves"	1
"algorithm 1 code for transaction" tk executed by some process	1
ì›ìžë ¥	1
a systemâ€™s ____ feasibility is the extent to which the system can be created, given the companyâ€™s current finances.	1
gesetzlich geschÃ¼tzt stein with mozart, bach and handel	1
john cheek 1784 â€“ 24 february 1848	1
hsin-chang yang and chung-hong lee, "automatic metadata generation forweb pages using a text mining approach,".pdf	1
bronfenbrennerâ€™s ecological systems theory	1
bond è·Ÿ stockçš„ä¼ç¼ºç‚¹	1
æ¬¢ä¹é¢‚	1
according to christopher morris, citizens who violate the social contract or rules of society lose some degree of "moral standing" in that society. a person who deliberately murders another member of society has forfeited his or her moral rights and the execution of that person is therefore justified when properly carried out by social authorities.	1
what conclusion does olivia draw from malvolioâ€™s strange behavior in yellow stockings and cross garters?	1
