nicc xpress	1
how to use camstudio to record games	1
70 inch tv	1
samsung un75ju7100	1
price william	1
cinderella ate my daughter	1
how to set up twitter cards images	1
www.cox.net	1
bears draft grade	1
self propelled mower front vs rear	1
airlines	1
david and mephibosheth children's activities	1
aics magazine 308	1
battlefront outer rim	1
what is a good prank for an office	1
master sergeant	1
borderline personality + no remorse	1
nfl network interview with german wr moritz boehringer	1
victoryford	1
which martial art do they kick trees until their nerves are dead	1
when should you - a word	1
smith funeral home, grinnell iowa	1
top healers wow 6.2	1
mini rex bunnies for sale in iowa	1
1980 vw rabbit pickup parts	1
facebook login	5
tmz	1
facebook	24
theyfit	1
taco bell	1
bad dragon	1
advertisement makeup	1
yotube	1
pbs kids games	1
free 808 samples	1
burena vista baseball twitter	1
change color of element in photoshop elements	1
2005 kia optima review	1
amazon	7
double murder suicide des moines county names	1
grace you don't own me	1
printful	1
could malware rename or change itself in order to get through a firewall? is this possible? justify your answer.	1
the riddler youtube	1
healthcare logistics	1
fat old granny sex video xhamster	1
volume 2 (sku 616352)	1
how much should i expect to spend on muffler	1
two stupid dogs	1
visual basic global end global	1
tactics ogre let us cling together characters	1
pathfinder whip	1
what is talkback 4.4.1	1
bears wire	1
cubs baseball stream	1
madworld ost lyrics	1
smash bros mentality	1
the inner game of tennis	1
10 things i wish i knew	1
best coverage for grey eyebrows	1
billsbrothers	1
solving for m in remainder estimation theorem	1
speed test	1
petfinder iowa	1
liu kang mortal kombat x	1
how to roll your r	1
kickass	1
would you rather	1
giants coal	1
open new tab using shortcut	1
dewey dodge ankeny iowa	1
federal tax	2
oskaloosa herald 5/2/2016	2
meme origins	2
origin fuck derek	2
tan(2(x-pi/4))=-1 x[-pi,pi]	2
optoma x600	2
walmart plus size maternity pants	2
how do you paint trespassers	2
chivalry of a failed knight dakimakura	2
xtr m9000 race brakes review	2
which surly chip is the shortest chainstay	2
mt7 raceline	2
the wavelength associated with the cutoff frequency for silver is 325 nm. find the maximum kinetic energy of electrons ejected from a silver surface by ultraviolet light of wavelength 245 nm.	2
the uncertainty in the position of an electron along an x axis is given as 63 pm. what is the least uncertainty in any simultaneous measurement of the momentum component px of this electron?	3
4,5-dimethyl-2-pentyne	2
predict the carboxylic acid product of the following reaction: ch3cooch2ch3ethyl ethanoate+h2oh+?carboxylic acid+ch3ch2ohethanol express your answer using the iupac name.	1
determine whether each term describes the primary, secondary, or tertiary structure of proteins (or forces relating to the primary, secondary, or tertiary structure of proteins).	2
zeasorb excess moisture	2
carter's sport back pack diaper bag	2
stefon diggs twitter	2
fantasy tv	2
ff7 serpent battle square hp	2
hosmer honda	2
old threshers	2
scarf gagged	2
gmod ragdoll fighting mod map	2
mature big boobs	2
arctic cat rear idler wheel kit install	2
belanger racing products	2
6639-277	2
microg vaporizer length	2
history of vaping	2
google login	2
billboard top 100 torrent april 2016	2
taurus 709 slim 9 round magazine	2
indian lesbian sex	2
crest whitestrips supreme professional strength product insert	2
noridian	2
2010 chrysler town and country front rotors	2
1708 lapis circle waco, tx 76708	2
i have rocket league on pc can i get it on ps4	2
best spellcaster deck 2016	2
pornhub	6
north liberty auto sales	2
natweatherservice	2
pankerestate germany	2
youtube	10
can i give my wife a permission to sell your house without my	2
permission letter to sell house	2
xvideos	2
in the movie, the social network, the actor portraying mark zuckerberg is featured wearing products by gap and the north face. this form of promotion is known as _________.	2
suppose that papers for a newspaper stand cost $0.40 and sell for $0.80. they currently have no salvage value. if the stand owner is able to find an outlet that would provide a salvage value of $0.10, what would be the increase in service level?	2
which one of the following is a characteristic of a jit partnership?	2
cedar rapids community school district	2
panera bread menu	2
arbys menu	3
labarchives	2
fanita rodrigues	2
sioux county sheriff arrests	2
shriver rental properties ames	2
the outskirts full movie	2
osrs farming patches	2
2x columbia womens fleece jackets	2
pyromancer build grim dawn fire damage	2
grim dawn the aetherial witch	2
bella thorne asshole slip	2
how many attribute points are there in grim dawn	2
black sepulcher grim dawn	2
can you save harvey the drifter	2
ominous lair grim dawn	2
where can i print eob from wellmark blue cross blue shield	2
c# hashset	2
aol.com	2
trump rally	2
which skoal has the most nicotine	2
microsoft solitaire collection	2
pottermore sorting quiz	2
tree of savior necromancer gameplay	2
tree of savior warlock costume	2
perfect hard boiled eggs	2
amazonseller	2
the melancholy of haruhi suzumiya wiki	2
hateful eight symbolism	2
skyvsgaming	2
gassy mexican	2
iowa rivals	2
www.verizonwireless.com	2
history of crow wing county minnesota	2
interpreting the parables	2
cableone	6
boston red sox	2
can i sell morel mushrooms in iowa	2
brewers tickets stubhub	2
anna chlumsky	2
grima	2
how to get out of jury duty	2
jury right to veto	2
albia newspapers inc albia ia	2
where ia albany ky	2
how to go to higher difficulty hero siege	2
docx to pdf	2
dont go home without me lyrics	2
leffen deported	2
cheap flights	4
skyrim uesp treasure map	2
chicago bears owner	2
scott snyder	2
how to use a french press	2
hulu	2
verizon strike	2
reddit	4
reddit sex subforums	2
most popular mmorpg 2016	2
us corn production by year	2
isu crops utilization farm	2
loading bbs into gamo mp9	2
estonia	2
basic rpg classes	2
reaction time test	2
apliques on fabric wheat branches	2
keurig running slow	2
employment oppourtunities at benton concrete in cedarfalls	2
children's bulletins	2
choosing skateboard bearings	2
amber wolfe	2
why do cats have 2 sets of eyelids	2
long lh surge?	2
ups careers login	2
loteria workshop plus 3	2
cowboys draft	2
ileap sample student report	2
unwind	2
what solutions does bryan stevenson have for the judicial system	2
hbo game of thrones	2
swap sheet	2
latin american pga	2
steven ihm pga	2
bbc anal pain	2
western dubuque high school lynne	2
????	1
sterling auto	2
etsy	2
beacon johnson county iowa	2
iowa county assessor	2
iowa dot myh mvd	2
southern states employed several tactics to deny	2
1000 games	3
serebii	2
backpageomaha	2
hearthstone old gods the ancient one priest	2
pots for orchid plants	2
jcpenney saratoga shades	2
facebook ads sales conversions	2
literotica	2
corsair - strafe	2
pella windows	2
alcoholism definition	2
stratford at lowry apartments denver, co 80231	2
invested property management	2
snapchat	2
porn	2
cataract eye drop	4
mega millions	2
kevin eikenberry	2
shrm	2
issues in nonprofits	2
www.mybkexperience.com	2
make business cards free	2
google classroom	2
best ragtime guitar piece	2
duarte: english suite op. 31 -2 folk song tabs	2
seymour indiana	2
abcya	2
dream dance	2
removing an anker case from an iphone 6	2
buddyman kick	2
swisher fun days 2016	2
sour milk bacteria	3
microbiology breast cancer	2
arroz con pollo	2
the quiz kids: joel kupperman	2
2017 subaru impreza	2
rentacenter	2
trump in indiana	2
two under par mens wear	2
what can i get for my car?	2
dr oz 28 day challenge	2
sutherland manufactures and sells 50,000 laser printers each month. a principal component part in each printer is its paper feed drive. sutherland’s plant currently has the monthly capacity to produce 80,000 drives. the unit costs of manufacturing these drives (up to 80,000 per month) are as follows:	1
calculating the combination of products to maximise profits managerial accounting	2
stephen katz	2
raven nomenclature	2
2014 bmw x3 wiki	2
bengals draft 2016	2
microsoft stores	2
soy protein powder	2
desmoineslibrary	2
zoho sort email inbox by date	2
usbank	2
safety liability to employers	2
interview questions	2
kitsch'n on roscoe	2
friz	2
mustkrat woodchuck	2
youtube panda	2
cabins for rent	2
evangelion lyrics	2
cthulhu fhtagn	2
cant hear text to speech discord	2
avatar opening speech	2
funny things to say text to speech	2
has anyone ever been so far as	2
point break	2
why is my refrigerator leaking	2
cnet safe download suggestions	2
gangplank skins	2
never give up stories for children	2
nascar	2
petes pegs	2
what is a lanai	2
best wood finish for coffee table	2
park falls wi atv trails	2
jockey ca 23638	2
imgur	2
google news	2
? ?????	1
at&t prepaid	2
zurerchers ag	2
ucc sales definition	2
who are the members of a country's diaspora?	2
foreign-born persons living in the united states who become citizens have undergo what process?	2
__________ is a commonly used measure of global economic integration.	2
what evidence supports the conclusion that economic integration clusters around small regions?	2
website for osceola foods	2
kid friendly campgrounds iowa	2
vintage cooperatives coralville	2
get from o'hare to downtown chicago	2
bikini bridge hair	2
mackinac island	2
firstcrcrv	2
crucifixion of jesus compared to a sacrificial lamb	2
wevideo	2
tw tv show	2
msn tw	2
ajin sato video game	2
manga panda	2
sidonia no kishi manga online	2
kino lorber	2
samsung galaxy tab s2 case	2
reload without cookies chrome	2
schritte international 4 sz?szedet	1
google maps	2
picture carrie underwood at american country countdown awards	2
playing an instrument enhances learning and memory	2
medical treatments that have improved from the 1980's to the 2000	2
nada	2
lodging in west yellowstone	2
sonic 2 par codes	2
sonic 2 pro action replay codes	2
2004 rav4 aux input	2
osrs addy scimitar	2
osrs anvil	2
game-of-thrones season-6 episode-1	2
basics of getting better at league	2
how to fix my windows 10 taskbar	2
ops merchant	2
kongou wallpaper	2
pandora software for old itouch	2
itouch 1g applications	2
paris vacation rentals	2
cath?drale notre-dame de paris hours	1
iberia airlines	2
cheap flights to barcelona spain	2
alpina 860scr4s6	2
how to get rusted manifold bolts out	2
fishing planet hacks	2
giving big dick to my neighbor makes her scream	2
oakland raiders news	2
primewire.ag	2
aprs 2m freq	2
aprs	2
how to transfer photos from phone to computer	2
how to test an overdrive switch on a 1999 f450	2
lifejacket speaker	2
abbreviation for accessories	2
what can i download from youtube and what can't be?	2
top gear police car shootout	2
corvette chases motorcycle	2
crisfer fernandez-reyes	2
grassroots music festival	2
vanguard total stock market index fund	2
vtiax	2
midsize suv towing capacity	2
alliance of chicago conference	2
trailer hitch sizes	2
lord of the rings fengel	2
father of the eorlingas	2
game of hearts	2
iowa renew weapons permit	2
10-8 firearms instruction coupon	2
rotten tomatoes	2
www alliancecountryclub alliance ne	2
ddj we go skin	2
prime n wine	2
d&d hexagon maps	2
business owners constitutional rights for fire safety	2
ultimate guitar	2
personalized candy wrappers	2
dramatical murders	2
cartoon network	2
how to identify green thick glass dish	2
density of earth's lithosphere	2
diamond jo worth	2
alba spray sunscreen	2
american needle	2
when will i get food stamp	2
hearthstone entomb cost to much	2
default netgear d6400 password	2
poulan pro 625	3
best solution to israeli palestinian conflict	2
cheap rv for sale near me	2
cannot connect to factorio server	2
ebay	2
craigslist dubuque	2
best clean tone tube amp	2
team yp	2
kmaq	2
reiff funeeral home cascaade iowa	2
how many stars are visible from earth	2
iowa state teaching standards	2
krav maga	2
how to use seafoam spray	2
west delaware schools	2
hair coloring while pregnant	2
an employee earned $62,500 during the year working for an employer. the fica tax rate for social security is 6.2% and the fica tax rate for medicare is 1.45%. the current futa tax rate is 0.6%, and the suta tax rate is 5.4%. both unemployment taxes are applied to the first $7,000 of an employee's pay. what is the amount of total unemployment taxes the employee must pay?	2
fareway evansdale ia	2
hampton inn fort myers summerlin road	2
feit electric led dimmable br30 10.5 watts	2
nonbinary	2
neds auto shop riverside	2
apple pomace extract	2
training for a marathon beginner	2
tantric masturbation.	2
chinese herb for men	2
how does changes in temp affect delta h	2
sweet potato fries recipe	2
350 mg alcohol blood	2
fuzzy hedgehog press	2
derek blass	2
ted cruz the guy from the office	2
project life wedding	2
canal cafe theatre	2
form of its meaning ownership	2
frank dillane	2
wont stop deekompressors	2
youtube to mp3	2
abstract backgrounds	2
dateline	2
iron virgin jun manga	2
204 westbourne ave waterloo iowa	2
online old testament calendar	2
history modern charismatic movement	2
precariously definition	2
william branham	2
best .22 ammo for accuracy	2
camel	2
matthew santoro twitter	2
how to tell how many layers of subfloor	2
exfoliate exterminate	2
office 365	6
examples of poor decision making related to games	2
argumentative essay	2
adjusting threshold on a therma tru door	2
mario and luigi fanfiction	2
improv how to	2
iowa city press citizen	2
tan lines mature beach babes	2
big pussy mature	2
myfreecams	2
styrofoam cup may day baskets	2
watchfreeflciks	2
bellevue state bank	2
obs multiplatform	2
samsung gear 2	2
houses for rent in sioux city iowa	3
hf2314	2
robert marcellus clarinet	2
david weber clarinet	2
a portrait of david weber a grandmaster	2
science projects for 2nd graders	2
land for sale marion county iowa	2
jimmy johns waterloo iowa	2
lol academy	2
celtic flower goddesses	3
decorah eagle cam	2
allegiant	2
dupaco community garage sale	2
oded fehr	2
concept map: renin-angiotensin-aldosterone mechanism	2
"treatment response and remission in a double-blind, randomized, head-to-head study of lisdexamfetamine dimesylate and atomoxetine in children and adolescents with attention-deficit hyperactivity disorder. cns drugs. 2014 nov; 28(11):1059-69."	1
teaes	2
icici net banking	2
how to make baked french fries	2
starz play	2
add hikaricp to eclipse project	2
roll20 dynamic lighting dim light	2
voyeur villa	2
entertainment weekly issue	2
mudeki trail hogs	2
kcrg weather	2
progressive news	2
alliant energy	2
allian energy	2
hp recovery media creator error using usb	2
wheres my manifest file in eclipse	2
pinterest	2
tom schmoldt, tiden, nebraska	2
talladega race time	2
dtvideo	2
centurylink	2
skype	2
pc astuces	2
roof repair cedar rapids iowa	2
charming storefronts	2
rip her a new ass	2
increase facebook engagement tips for brands	2
how to find y intercept on a graph	2
desmos	2
hines auction service	2
richard sher	2
scifeyes	2
pippin	2
frozen pork roast in pressure cooker	2
stress and gifted students byrd	2
563-676-4515	2
mk3 supra halo headlights	2
cliphunter	2
audience reaction to captain america death civil war	2
scrabble word gifts	2
can you shoot problem raccoons in iowa	2
houston population	2
rock auto	2
camping world	2
poor mans isolator	2
kcci radar	2
polk county assessor	2
el bait shop	2
el diablo verde	2
westbrook brewing	2
ghost scorpion	2
amazon prime	2
lg 21:9 34uc98	2
sniper ghost warrior 2 application was unable to start correctly	2
slither	4
john deere mowers	2
illuminati song download	2
http://credit.kohls.com	2
shiny vulpix oras	2
paslode gas cartridge ebay	2
smile	2
how do you spell lose	2
airbnb	2
house of fun slots	2
nerf nuke bomb	2
city of 1000 buddhas california	2
whirlpool model wcvh6800j1ww	2
yahoo mail	6
cathy caitlin lamotte	2
tie blankets fabric with pot leaves	2
ssundee sky factory 2 ep 3	2
is sudowoodo good	2
dewalt nail gun rifle	2
6.6 lesson answers	2
how to become an osteologist	2
.io	2
sciatic nerve	2
des moines recycling drop off	2
rae sremmurd	2
shaking hands	2
hatred cheat codes	2
rei outlet	2
samuel george iowa state stats	2
how to get into a frat	2
gimp	2
how close is the kastellorizo airport and the heraklion airport	2
how to change calculator to radian mode	2
16ft extra wide extra deep flatbottom boat	2
reishi mushroom where to buy	2
jason winters tea	2
someone frank pole remix mp3	2
runescape	2
reverse bob hairstyles for over 40, round face	2
youtue	2
fallout 4 mods	2
where does most of the world's food supply come from	2
travis miles mods fallout	2
far harbor release date bethesda	2
multi family for sale cedar rapids	2
how to apply u.s green card dv lottery	2
hello adele	2
tripadvisor	3
vudu can't download to sd card on my device	2
ccleaner	2
firefly plugin freenas	2
zuzana karups peachy	2
deon bush	2
360 amenone osage beach mo	2
shourtcut to size	2
popular vote 2012	2
city park iowa city	2
photosmart c3180 installation problems	2
spca volunteer story	2
tertiary consumer aphg	2
kayak	2
minecraft forge 1.7.10	2
led vu meter	2
netfilx	2
famous playmates	2
playmate shanna	2
dicks sporting goods	4
multi tech xj3000c	2
eggs recipes	2
hampton inn st louis at the arch	2
swtor koth romance	2
c# read and write xml	2
check if xml file exists c#	2
c# parse xml document	2
speed triple gauge cluster 2012 guide	2
make a picture	2
selling through redbubble	2
how to kill dog urine smell	2
24 x 36 frame	2
english phrasal verbs	2
french verb conjugations	2
phrasal verbs in english list	2
se french	2
noble knight games	2
great lakes naval base	2
navy a schools	2
u s navy seal training	2
south dakota	2
trigglypuff	2
usaa	2
cheap hotels	2
new markets tax credit and start-up businesses	2
new markets tax credit extension act of 2015	2
facebook crashing firefox 2016	2
mitchell and webb you're still wearing the blackface	2
rick rude	2
kyrie mr mister	2
community choice credit union	2
reviews of wisconsin dells haunted mansion	2
celeste anderson	2
http:www.bargainside.com	2
http:www.bargainside.com skin lightener	2
netflix	2
cornbelt auctions in evensdale	2
johnny bravo company began operations in 2015 and has provided the following information.	2
twin princes dark souls 3	2
dark souls 3 final boss	2
the jungle book	2
ibu calculator	2
gmail	2
lool up rausch and wall stone history	2
gmaw welding	2
quill	2
arrowverse watching order	2
eigenvalues	2
vive vr	2
cedar falls theatre	2
google+	2
how will obama spend his retirement nyt	2
forgot apple id password	2
is there a way to reset ipad to factory settings	2
upeasy lift cushion	2
best free brass plugins	2
mineral fusion make up	2
babypips	2
fili the hobbit	2
vikings	2
how to lose, methods of rationality	2
peter gilmore	2
nxt client normal mode vs compatibility mode	2
cookie clicker	2
cabelas	3
drive	2
http://www.searchengine.com/	2
hodaa math	2
erika shahan winterset	2
stream torrents free	2
it doesn't get eddie vedder than this	2
walmart near me	2
towneplace suites joliet il	2
mopar power to manual steering coupler	2
diplomat inn	2
the maid of the mist	2
what benefits does a war mill give	2
nicc bookstore	2
rudolf of habsburg	2
nascar.com	2
www.powerschool iccsd	2
eric clapton richmond, va. coliseum 1985	2
eric clapton baltimore april 1985 superstars in concert	2
funny books about farming iowa wisconsin	2
soul knife	2
the string problem often generates ______ when participants do not think to use the screwdriver as a pendulum.	2
soundation	2
utah middle layton schools	2
most talked about artist	2
triton pass	2
what is the best way to remove steel sheets that are nailed on	2
vet-vipps accredited pharmacy	2
german name meaning fertile	2
daytripper	2
goodfeathers	2
game of thrones season 6 episode 2 watch online	2
craigslistamesiowa	2
ankeny schools	2
roman calender	2
gpa roms pc	2
antioxidants	2
how to find eigenvalues	2
cedar falls iowa painters	2
funny porn pics	4
bbq brisket	2
girls jeans with holes	3
the jungle book 2016 full movie	2
hotmail sign in	2
joe penny today	2
how big does a mandarin tree grow	2
sauk valley classifieds	2
red raspberry recipes	2
musicians friend	2
xbox one digital download history	2
sacrifice rum cacao delicious	2
custom marlin 39a	2
1 inch rifle scope rings	2
hint - look into the eye	2
uplink ip turned orange?	2
dubuque bank and trust hours	2
slitherio	2
wifes hairy pussy	2
young the giant apartment lyrics	2
human centipede	2
robert palmer cd clues	2
table saw miter saw combo	2
iowa concealed carry laws 2016	2
iowa permit to purchase	2
casey's pizza	2
8muses	2
330 camrose way myrtle beach sc	2
flagship myrtle beach	2
shrimp salad recipes	2
the united methodist church of the resurrection	2
prince parents	2
gazette online	2
arai sai max vision w/brow vents pinlock inserts	2
keeping a healthy aquarium	2
ralph spomer auction	2
playstation network bust a groove	2
sioux city journal	2
independence iowa funeral homes	4
john crawford independence	2
chetnik	2
sugar cane growers v veneman brief	2
twen	2
it's my party and i'll cry	2
chocolate chip cookie recipe	2
all of the following are characteristics of acquired immunity except quizlet	2
???? ?????? ??? ?????? ???	1
information technology energy	2
inch pounds to foot pounds	2
cumshot gif	2
hot milfy mom cum over me	2
iowa log homes	3
ms. third ward	2
audra mcdonald grammy	2
audra mcdonald needs oscar for egot	2
drunk in love surfbort	2
magpul 10/22	3
fillable forms	2
form builder	2
country inn & suites by carlson, clinton, ia	2
forest city education foundation	2
horse drawing images	2
lion king images drawing	2
how to draw horses	3
brother embroidery machine	2
what is presenile dementia?	2
engine oil to use 2015 vw jetta	2
instituted ministries in the catholic church	2
can bodyguard protect themself town of salem	2
deviantart	2
convert	2
deep fried donuts recipe	2
hallmark channel	2
pinterest food	2
lucky brand	2
bianchi mondiale aluminum or steel	2
cowboy boots for boys	2
how to introduce authors with credentials	2
what is an ma	2
riley dunalp	2
net	2
uscellular	2
three bedroom apartments billy sunday	3
sports authority	2
1 inch steel bar	2
make your own dumbbell handle	2
discover	2
watch purchased videos offline youtube	2
factorio discharge	2
oaktown crusher, marijuana	2
kingston apartments, east 4th street, kingsley, ia	2
scallywag	2
travelocity flights	2
engineering dynamics vibration	2
jimmy johns	3
menards	2
eica microstegium	2
sam's club	2
youth hockey player equipment	2
internet speed test	2
metal depot	2
matrix derivative	2
gary clark	2
vals survey	2
waterloo blackhawks game	2
ross for less dresses	2
princess charlotte	2
delsin rowe fan art	2
employee time tracking app	2
maria sanders san francisco ca	2
dark souls 3 sage ring	2
dark souls 3 casting speed cap	2
melanoma facts	2
what generation am i if i was born in 1968	2
iowa state fair 2016 free stage	2
deus ex word	2
boiar	2
midamerican	3
pubmed	2
best root vegetable recipes	2
can i use a recovery flash drive from another win10 computer on my win 10 laptop	2
dani daniels gif	2
improve water pressure in home	2
hottubworks	2
weightwatchers	2
one bitcoin now	2
nude british brunettes vintage 1950	2
i have friends but im so lonely	2
age to get into clubs chicago	2
game of thrones	2
eskimo transexual bondage porn	2
hardcore porn	2
coffee bar game	2
silicone baby	2
list of disney patents	2
wendy oldbag	2
2017 honda odyssey rumors	2
riemann sum	2
paypal	2
lcms directory	2
poshmark	2
30 30 rifle for sale under $300	2
printable shooting targets	2
good study food	2
synonym for taciturn	2
in vs un	2
colorado national parks	2
how to make document available for download on the game crafter	2
percentage of immigrants in the us living in poerty	2
radiohead	2
chiappa field strip	3
moline airport	2
meizu	2
marshall county assessor	2
shenandoah campaign timeline	2
hwo to works cite	2
big tits	2
coilover conversion kit from leafs superduty	2
most important folders to copy to new harddrive	2
types of cloth	2
lucidchard	2
panamax m5300-pm power conditioner	2
abu garcia revo sx review	2
how to do homework in sims 4	2
skyrim marriage mods	2
cinemark	2
dark souls 1 bosses	2
ps4 wrong zip code	2
vegas shows october 2016	2
genesis movement torrent	2
best deodorant	2
craigslist	2
best grass seed	2
car is hesitating	2
guy who paddled across english channel in bath	2
free malwarebytes	2
denison iowa deaths	2
surplus rv parts iowa	2
kidney bean salad	2
mediacom speed check	2
ds3 black knight sword v greatsword	2
ds3 dragon item	2
fire keeper eyes	2
coke kills keratin	2
softsurroundingsoutlet	2
pat on minecraft	2
dupaco	2
pandora	2
black steel in the hour of chaos lyrics	2
sabaton resist and bite lyrics	2
shane and shane oceans lyrics	2
chat roulette	2
free address people search	2
css elca	2
formula for a triangular prism	2
gravitational lensing occurs when quizlet	2
catholic churches in cedar rapids	2
sonic youth wallpaper	2
live with no regrets quotes	2
live like tomorrow isn’t coming and yesterday never happened	1
avanti destinations travel agent website	2
motorcycle game	2
xt 225 carburetor	2
pidgin server closed the connection	2
xmpp proxy server	2
patio furniture in northwest iowa	2
what goes on at the republican state convention	2
dress code for republican state convention	2
riverside township adams gengenbacher ballot	2
the host charaterspictures	2
equipex pss600-1	2
conversion factor conductivity to tds	2
1973 suzuki tm 250	2
flh with sidecar for sale	2
driving directions	4
kim dickens nude	2
macgyver jeep	2
it's been a long long time	2
bsn amino x	2
bbw squirt	2
purple toy squirting	2
apple tv	2
home remedy for thrush in adults	2
how to attract cardinals	2
baby bonnet handkerchief instructions	4
carol duvall hanky bonnet instructions	2
manage bookmarks chrome	2
revalver hp peavey serial number	2
peavey revalver3 free download	2
hermann lumber yard	2
on a computer running non-core edition run slui.exe	2
new kindle	2
rocket league freezes on rematch	2
allure bridesmaid	2
what is newton's 2nd law of motion	2
lower back pain and abdominal pain	2
windows 10 tablet mode disable	2
chinese business meetings	2
business culture in mississippi	3
android/gsf id	2
sleepy hollow season 4	2
apollo justice	2
midi maker shareware places+ free full versions	2
www.citicards.com	2
smallest national park	2
logitech harmony usb cable	2
nfl draft	2
how to change player name ghostin a shell	2
reverse image search	2
fool me once shame on you	2
use case narrative source tutorial	2
software verification and validation	2
embryonic stem cell research	2
youtube account parental controls	2
full serenity prayer wall decal	2
custom wall decal	2
lacybella	2
hearts	2
science bob	2
tiwa savage husband	2
church capital c	2
hitbox	2
watch game of thrones online season 6	2
game of thrones season 6 episode 1 full episode free	2
game of thrones what time	2
is it possible to use a ruler foot on a 12000 janome	2
iowa cadillac dealers	2
two biblical principles about music ministry	2
1 corinthians 14:40	2
kenmore refrigerator parts 106.59422801	2
pickleball usa	2
dark souls strength scaling weapons	2
chairs4gaming	2
keyboard	2
freetv	2
white pages	2
the karate kid	2
ebay motors	2
icings	2
jericho xbox 360	2
csgo betting coin flip	2
keokuk county dnr	2
why is my avocado tough	2
saints row gat outta hell	2
crock pot pork chops	2
storage cubes	3
gun free zone	2
dark souls 3 wiki	2
unix setting for max processors	2
coupon for kindle books	2
windstream login	2
alexandre desplat	2
house of cards theme	2
talk dirty to me chords	2
google	2
wells fargo login	2
st michael and all angels feast	2
bravely default carry over to bravely second	2
www.workstation.scentsy.	2
cho'gall deck	2
tania budi	2
record player distortion	2
shattered halls key horde	2
calories in vegan mashed potatoes	2
radeon hd 6870	2
marion historical society judy hull	2
what the difference between retarded and autistic	2
marquis waterfall valve problem	2
paper, party goods, des moines	3
san francisco giants	2
cfu email	2
giselle sp225 veil	2
rose petals for wedding aisle	2
can nebraska save cruz	2
sage 50 vs quickbooks enterprise	2
can cruz survive a loss in indiana>	2
waukon + accountant	2
minor league baseball book fiction	2
seth rollins	2
appass	2
co2	2
how much do open-source textbooks cost	2
veridian	2
lmaobox	2
wow bis gear mage	2
dark souls 1 trailer armor	2
roseville cornucopia vase	2
sunshine auction	2
heritage church bettendorf ia	2
sc-v full range speakers review	2
crankshaft company manufactures equipment	2
ceiling duster	3
throwing shade podcast	2
locks that are compatible with an exclusive lock	2
adventure of a lifetime	2
antiphysis	3
watch game of thrones season 6 episode 2 online free	2
nvidia shield grid game list	2
eyebuydirect coupon	2
aqw	2
take apart single handle kitchen faucet	2
powerball	2
nexus 5x vs iphone 5s	2
poets and writers	2
titleist 909d comp	2
golf most forgiving driver	2
netduma vs nighthawk	2
university of iowa body donation program	2
united way of east central iowa	2
little big shots	2
teresa sullivan (201) asserts that communication technology (ct) has caused __________ to become our primary greedy institution	2
northwest bank sioux center	2
bluffton, iowa, canoe rental	2
manage access to my online account sprint	2
darkstalkers chronicle: the chaos tower	2
mahabharata download	2
retailmenot	2
getfood.us	2
poison sumac pictures	2
shingles pictures on arm	2
gemstones used in electronics	2
gemstones and their power	2
mum meal calendar	2
forgotten ohio	2
salmon salad recipes	2
leftover grilled salmon salad recipes	2
yellow paint color that compliments collonade gray	2
basement paint colors 2016	2
muslim doctors and prayer	2
intel core i7 4th gen. 2.4	2
fluke 12e	2
dark souls 3 best invading spots	2
rs wiki	2
how to off windows notification for recovery disk has full	2
lisco email	2
importing storage folders from windows mail to outlook	2
lawn swings	3
verizon	2
stainless steel vs nonstick	2
thomas carnivaj	2
get down mr. president	2
hyundai genesis oem foot rest	2
prosecco	2
2014 chevy captiva wheel	2
govdeals	2
walt disney biography	2
iowa hawkeye football schedule 2016	2
ntfs compression and fragmentation	2
how much is an eye exam without insurance	2
how to cite an image apa	2
dogs skin is blood red in spots	2
musically	2
sandra dee nude	2
jacqueline bisset nude	2
marines ranking	2
teen jerk off	2
'63 go lite camper	2
minecraft potato	2
best entry level dslr	2
coolant temp sensor location 2010 mini cooper	2
falls city tackle box	2
icons won't stay on second monitor	2
mazda vision	2
netgear wnr2000 review	2
used aluma mc210	2
keen socks	2
motorcycle trunk mounting brackets	2
how to make a bee feeder jar	3
palmergroup.com	2
sugar in banana	2
netfkix	2
indiana polls	2
why hillary clinton won t be president	2
uss salt lake city	2
how to remove noise from audio	2
www.dollargeneral.com	2
why is my computer so slow	2
the everly brothers reunion concert	2
www.vividseats.com	2
no flame from furnace	2
watch game of thrones season 6 episode 1	2
kalahari sandusky	2
papers please strip clubs	2
saris bones 3 installation instructions	3
online pokemon tcg online codes delivery	2
atm machine #3 ass to mouth	2
des moines farm and garden by owner	4
global climate trends	2
usgs	2
light controller	2
sporcle games online	2
the legend anime	2
best older used motorcycles	2
fill tables sql	2
update mysql vb	2
2005 ford explorer sport trac tonneau cover	2
truxedo 592601	3
2005 ford explorer sport trac oem tonneau cover	2
no child left behind executive order number	2
how is lithium mined	2
om@fccmoline.org	2
xpadder	2
live login	2
read free hentai	2
3m respirator	2
airfare prices from chicago to tampa fl in dec 2016	2
top belize resorts on beach mid priced	2
rciproperties	2
hallelujah chords	2
radio santa eulalia online	2
office 365 login	2
birds eye view of camp dodge des moines iowa photo	2
talkshoe	2
embroidery bird	2
embroidery machine bird design	2
gendry game of thrones	2
incest with hairy mom	2
clayton county register	2
schaumburg il hotels	2
business credit card annual fee tax deductible	3
geforce experience never updates	2
vermont castings wood stoves	2
i took a pill in ibiza lyrics	2
64 bit java	2
ftb	2
jumpman drake	2
clean haze off jars	2
lug dots glass	2
copart	2
united airlines	2
blackboard iowa state	2
pathfinder two favored class bonuses	2
bear cat wood chipper honda engine	3
where do i mail my federal tax return	2
door knob metal collar insert	2
response magazine renewal	2
what is double knitting yarn	3
bmi calculator	2
???????	1
???	1
"shawnee football 1955 ""coal belt"" carbondale"	1
"football ""lamoine valley"" 1938"	1
"1942 ""coal belt"" football sesser"	1
godfather's pizza	2
what+happened+to+oskaloosa+ia+pizza+hut+in+2016?	2
pathfinder casting ritual spells	2
predict the carboxylic acid product of the following reaction: ch3cooch2ch3ethyl ethanoate+h2oh+âŸ¶carboxylic acid+ch3ch2ohethanol express your answer using the iupac name.	1
å¿«ä¹ç¼–ç»‡	2
èŠ±ç¾¡äººé—´å››ä¸ç›®	1
åŠæ©å®¹	1
shawnee football 1955 "coal belt" carbondale	1
football "lamoine valley" 1938	1
1942 "coal belt" football sesser	1
sutherland manufactures and sells 50,000 laser printers each month. a principal component part in each printer is its paper feed drive. sutherlandâ€™s plant currently has the monthly capacity to produce 80,000 drives. the unit costs of manufacturing these drives (up to 80,000 per month) are as follows:	1
ç½— è¾‘æ€ç»´éª—äºº	1
schritte international 4 szÃ³szedet	1
cathÃ©drale notre-dame de paris hours	1
treatment response and remission in a double-blind, randomized, head-to-head study of lisdexamfetamine dimesylate and atomoxetine in children and adolescents with attention-deficit hyperactivity disorder. cns drugs. 2014 nov; 28(11):1059-69.	1
×™×¦×•× ××™×©×¨××œ ×œ×¤×™ ××“×™× ×•×ª ×™×¢×“	1
live like tomorrow isnâ€™t coming and yesterday never happened	1
