spellcaster-type spell cards	1
wonder wand yugioh	1
brittany ishibashi	1
main events of cold war 1965-1985	1
main events of the cold war timeline	2
main events of the cold war timeline including the detente	1
analyze the reasons for the changes and continuities in the arguments for and against the creation of a unified europe dbq	1
roblox forum tix	1
first alert model sc7010bv	1
hampton bay 213 532	1
allen roth lws0944h manual	1
bozeman science kinetics	1
labrador caracteristicas	1
how to hid your colored hair	1
black screen resolution change	1
jonathan edwards	1
rochester institute of technology calendat	1
colleges with trimester system and architectural engineering	1
duckduckgo	1
fallout 4 cut out intro video	1
drummond ranch pawhuska ok	1
ladd drummond net worth	1
woman working for the naacp	1
calendar	1
refer to scenario 17-1. the fact that both countries have colluded to earn higher profit shows their desire to keep their combined level of output	1
putlocker	1
mk5 rabbit rotors	1
convert a ball 902	1
kodi cache	1
sopperire	1
cineringtones	1
vonada stone company	1
long range interpretive plan national park service 2015	1
block pop up ads	1
timecop1983 tonight lyrics	1
wunderground	1
energy of tourmaline	1
what to wear in may in paris	1
runescape	1
h. d. clayton hill city kansas	1
free rc flight sim download	1
lacy j dalton 16th avenue lyrics	1
how to use prague powder	1
lee relaxed fit womens pants	1
villainous lairs pdf	1
broccoli recipe rachael ray	1
edutyping	1
dark souls 3 dragon armor	1
twilight breaking dawn 2 watch online	1
game of thrones season 6 episode 2	1
the witcher 3 serpentine armor	1
when did u.s. recognize taiwan as the real china	2
herve villechaize	2
pilgrim nuclear power plant	2
amc legends 14 imax tickets - movietickets.com	2
bonita tindle	2
chin out! chest out! back straight wwii	2
r dota bot matches	2
lovecraft in dota	2
kunkka armlet	2
r all	2
martinu five madrigal stanzas program notes	2
fun house pizza raytown	2
dark souls 2 builds	2
steel / water pokemon	2
sams club	2
beverly cleary ellen tebbits ar	2
guthrie ok inmate	2
battle 4 atlantis 2017 bracket	2
3d printing service in wichita ks	2
wichita state university 3d printing	2
3d printer	3
leonardo dicaprio	2
hume & hovel	2
kcpl pay bill	3
javascript string ot number	2
wireshark filter destination ip address	2
bondage on a cross	2
bondage enemas	2
ambari upload multiple files	2
do perfect push ups work	2
yahoo email	2
yahoo email reply	2
doctor who season 9 onedrive	2
poke cake	2
driving lessons movie	2
tmmb-2c	2
characteristics of ick	2
monogenea characteristics	2
ks unemployment	2
otterbox	2
35 grain 22 cal v-max bullets	2
fn ps90 50 round magazine for sale	2
poe dameron #2 release date	2
skype	2
flight to dushanbe tajikistan	2
ark wiki	2
facebook	20
metal garden hose holders	2
bbq chicken	3
2001 honda crv floor mats	3
xd mod 2 45 holster	2
honda 30102 p54 006	2
skyrim gay mod	2
papa john's desert	2
prison break	2
10 cloverfield lane fanfiction	2
donepezil	2
creating a yearly household budget in excel	2
amazon	4
jcpenney customer service	2
google maps	2
plasma lipoproteins	2
difference between transcription and replication	2
google docs	4
break condom cum	2
amazon look up wish list	2
redditenhancementsuite filter by sub in saved	2
instagram molly shemm	2
bonner springs toastmasters	2
how much ketchup, mustard, and relish for 80 hot dogs	2
former chelsea players still playing	2
ups shipping	2
wax seal	2
bitrate for 640p twitch	2
can too much chamomile oil cause dizzy	2
scorpion bed liner reviews	2
shower alka seltzer	2
craigslist wichita ks	2
hha jobs in wichita,ks	2
tricareonline	2
"daddy pantyhose ""daughter's legs"" cock"	1
panzer chiropractor	2
etc shop newton ks	2
presence of god bible verse	2
the oregon trail game review	2
youtube	12
prices of live cattle	3
french bulldog puppies in wichita ks	2
french bulldog breeders	2
one dance drake mp3	2
model number 1169-0	2
new weekend meteorologist at kthv	2
2016 nbc sunday night football	2
steepandcheap	2
best fly fishing kayaks	2
high school peer reviewed writing process	2
mississippi river short stories	2
dlift duoing with biofrost reddit	2
myasthenia gravis and swallowing problems	2
adjustible soldering iron	2
curl setting spray	2
my friend charm -mother -sister -daughter	1
perry nickelston dc	2
malls near me	2
ab dinda	2
mike pence	2
thorium nuclear reactor pros and cons	2
night shift jobs	2
topeka correctional facility inmate search	2
c# linq where clause	2
sheri vi	2
hamiltonian cycle reduction vertex cover	2
huffington post	2
reservoir dogs chris penn night lights georgia	2
letterboxd	2
what undesirable behaviors are associated with low eq?	2
creatine with wine	2
skt leo	2
warped tour 2016 dates	2
reddit	2
ku graduate research assistant wages	2
anthony gomes tour dates	2
walmart online application	2
catfish the fish	2
to decouple the firm from fluctuations in demand and provide a stock of goods that will provide a selection for customers	2
a firm practices the pure chase strategy. production last quarter was 1000. demand over the next four quarters is estimated to be 900, 700, 1000, and 1000. hiring cost is $20 per unit, and firing cost is $5 per unit. over the next year, the sum of hiring and layoff costs will be	2
if the demand for product a is 50 units, what will be the gross requirement for component e?	2
camtasia	2
online screen capture	2
n13tb	2
should i eat protein before or after a workout	2
how soon should i drink my protein shake before workout	2
martins dominion tree and shrub ash borer	2
grass pad	2
lxw or wxl	2
snavis	2
image subtitle generator	2
hidden movie	2
tube8	2
the ten plagues summary	2
famous bible stories	2
4x8 prints	2
recruiters in kansas city	2
venlafaxine	2
venlafaxine creation date	2
pinterest	4
killing in the name of tab	2
fit girls in bikinis	2
vsx-9500 site:audiokarma.org	2
find a grave + kersting + wichita park cemetary	2
dollie sasser wichita, kansas	2
ark city youth baseball tournaments	2
kansas law enforcement info legislation	2
desi tashan	2
sears	2
??? ????	1
weather underground	2
dog vs raccoon	2
james and the giant peach information	2
bike store shawnee ks	2
29 genesis men's gs29 mountain bike	2
young smooth pussy fucking daddy lick my cunt daddy	2
jag cast	2
speciation and phylogeny concept maps	2
who does the voice of harley quinn	2
dreads on a mexican	2
service line warranties	2
microsoft office 2010 free download full version	2
j&j autoplex garden city ks	2
j&j auto garden city ks	2
esp ltd kh 602	2
splashtop	2
recording xd80 drums in studio one	2
fantastic beast	2
valery lameign?re	1
how many hours of video will 8gb micro sd hold	2
r detroit red wings	2
8chan	2
honey wasp	2
ghost in the shell operator	2
dildo maker	2
hentai doujins	2
coloring pages frozen	2
ark mindwipe	2
ark how to learn all engrams	2
pijin language	2
pijin	2
qccp christina tease	2
lelu love site rip	5
66models sandy sets	2
dassault falcon 990	2
little river band diamantina cocktail	2
mcdonalds market capitalization 2015	2
belkin n300 setup	2
cessna manufacturing plant	2
shake it off	2
most capitalist country	2
yv1cz911851154093	2
2005 volvo xc90 transmission	2
pergo bourbon street oak	2
netflix movies	4
irresistible lyrics	2
light platinum	2
scp containment breach how to save	2
list of movies 2015 by month	2
traveling and personal growth	2
call of duty infinite warfare	2
legend of kay trophies	2
outdoor convertible sofa	2
mississippi is one of 32 states to have the dubious distinction of lacking abortion providers in more than 80 percent of their counties	2
home depot	4
fantage	2
quote police sergeant birthday	2
how to make arsenic	2
python convet doc to pdf	2
neko atsume tips	2
roblox	4
umb	2
placeavalueoncrossword	3
?????? ????????	1
craigslist	8
the tale of the princess kaguya full movie	2
best breakfast kansas city	2
urban outfitters	2
forceawakensdigitalhd	2
1z8at2400369347010	2
how to make l banner mc	2
espn nba	2
how to get hearts in stardew valley	2
steampowered	2
order umi sushi online kansas	2
manhattan ks iphone repair	2
hive cloudera	2
how to import .csv files to hive	2
fashion week sims 4 clothes	2
gamestop	2
modern german music	2
eve sov map	2
evike	2
nat wolff naked brother bands	2
pov porn	2
reheating ribs	2
keitech	2
sprouts pork belly	2
commander control	2
mthfr symptoms	2
amazon.com	2
card sharp	2
funny cat t shirt tornado	2
royal caribbean oasis of the seas	2
honda accord flushing windshield fluid	2
yahoo	2
naruto shippuden english dubbed	2
how do i pay my traffic ticket online in junction city ks	2
xin zhao counter	2
free hack for the division	2
sharpening mowerblade with slow speed grinder	2
the physics classroom 2009 answer key light reflection and mirrors	2
2016 calendar	2
following jesus for kids	2
tjmaxx	2
jana kramer	2
dark souls 3 wiki	4
siegward of catarina questline	2
dark souls 3	2
imap gmail	2
high weight or high reps for speed	2
bank of america	2
nfl draft grades	2
in choosing among alternative courses of action, raj must consider how others might respond to the action he takes. in the language of game theory, we say that raj must think quizlet	2
kate is a florist. kate can arrange 20 bouquets per day. she is considering hiring her husband william to work for her. william can arrange 18 bouquets per day. what would be the total daily output of kateís firm if she hired her husband? quizlet	1
the production function is the quizlet	2
craig's peers were surprised when he received a promotion and suddenly became their supervisor. they thought he was rather unreliable and weren't sure he was up to the task. according to the contingency model, craig has	2
destiny lfg	2
comdotgame	2
youtube.com/activate	2
thepiratebay	2
2003 taurus coil pack replacement	2
inside out chainsmokers acapella	2
f major	2
why does sirius change colors	2
deans rv	2
jim terrell park mtb	2
ps3 being discontinued	2
usb security camera	2
how to make money through penny stocks	2
garden centers in wichita	2
naruto ultimate ninja storm 3 how to spend ryo	2
what time does game of thrones air on hbo go	2
sears outlet	2
free satellite tv	2
verizon phones	2
go espn	2
factorio energy production reading	2
luke bell kansas realtors	2
julius evola	2
a quick and dirty critique of primitivist and anticiv thought	2
ranma 1/2 original tv soundtrack pony canyon	2
intrust personal online	2
half-life journey in the west	2
groupon	2
prepping chicken wings for frying	2
immunization documentation for long term care	2
youporn	2
dark souls 3 after abyss watchers	2
stores in topeka ks that sell vintage star wars	2
how to write a summary for a lecture	2
desktop watch for windows 10	2
paypal login	2
obama saying nigga	2
horny nurse	2
asian big black cock	2
mandingo anal	2
mothers day date	2
is steven universe homophobic	2
pornhub	2
kansas gas service	2
westar	2
jiffy lube coupon	2
kitchenaid attachments	2
html tag for avi files	2
ebay	5
bachelorette party invitations	2
how is andrew jackson's indian policy portrayed in this cartoon?	2
abolitionists responded to hiram powers's statue the greek slave by	2
firm control body slip	2
michelle murdock of florida	2
fernandina beach, fl	2
watch silicon valley	2
les tuches streaming	2
futhead	2
http://i.4cdn.org/gif/1461966507754.webm	2
motorcycle wheel lacing kansas city	2
differentiate kaposi vs bacillary angiomatosis usmle	2
mccarthy used cars	2
used car dealerships in olathe ks	3
why does kaa hypnotize	2
kickstarter	2
runescape movario's base weight	2
nextech classifieds	2
new york and company	2
ghetto homemade lesbian	2
google drive	4
shutterfly coupons	2
levis	2
clinical audiology review	2
buy birkenstocks	2
windows update	2
continue the analogy of david and goliath with reardon and wellpinit	2
i need to write an essay on the analogy of david and goliath reardon wellpinit	2
selway armory	2
panetti's replicating missile build grim dawn	2
dark souls 3 game guide	2
government job resume	2
how to lower blood pressure	2
solitaire	2
harry potter and the half blood prince watch online	2
hunger games catching fire script	2
attunements dark sould 3	2
continental tires	2
high pressure tire valve stem	2
chux trux olathe	2
houlihans menu	2
verizon message plus pc	2
how to masturbate	2
diclofenac sodium	2
chinese barbecue ribs	3
aluminum framed sunglasses walmart	2
aluminum framed sunglasses target	2
espn tennis	2
weather	2
mother of pearl inlay box white	2
what are the five sections divided by jesus of the kingdom of heaven	2
talking donkey video	2
happy wheels	2
best lawyer websites	2
warriors	2
upload muse to wordpress	2
adobe muse bluehost	2
web design company templates	2
codependency theory is wrong	2
basic cake recipe from scratch	2
iwatch	2
scorpion king the mummy returns	2
best way to train magic osrs	2
embrace of the phoenix	2
congestion from allergies	2
shadebase	2
c-130 strafe run	2
1948 plymouth front suspension	2
blue star mesuem	2
why do we have drug standards and drug laws quizlett	2
warren 21	2
evolve party system partially unavailable	2
evolve offline in party fix	2
ratchet and clank dreadzone	2
accuweather	2
how to care for real sponge	2
volcano songs	2
lowes	2
sportsauthority	2
convert pdf to cbr	2
add pdf to rar	2
creating cbr files	3
lg g3 trade in value verizon	2
trap swinger club	2
homes for spring hill ks	2
how to make a smoothie	2
6 grandchildren aspiration sims 2	2
mcleod clutch	2
dymlos and atwight's love with each other	2
swordian human form	2
used prices of medical beds	2
owl purdue apa	2
portal hypertension	2
sims 2 disemporium	2
washburn university	2
clinical laboratory scientist pathway	2
job corps wyoming	2
what window is used to uninstall a program in windows 8 screen is used to uninstall an app?	2
which window on the windows 8 desktop can you use to find out if the windows installation has been activated?	2
maternity swimwear topshop	2
porn virtual	3
porn virtual sex	2
youtube holland america koningsdam 2016	2
graduation party ideas	2
cool royalty free music	2
average cost of lasik at durrie vision	2
holes putlocker	2
jump in putlocker	2
piratebays	2
dropbox	2
floods longview tx	2
7 geographical concepts	2
madden girl fake toms	2
bobs sketchers wool	2
bobs sketchers wool soft liner	2
realistic world gen for server	2
minecraft where is server.log	2
knollas pizza	2
assuming(that(the(manufactureís(claim(is(true,(what(is(the(probability(the(consumer(groupís(sample(has(a(mean(life(of(52(or(fewer(months?	1
nerd lucks out in playboy threesome	2
a lot of games will not play on windows 10 geforce	2
miners need cool shoes	4
tube tycoon	2
the knot	3
<isd1700.h>	2
reserve room anschutz	2
ucmo blackboard	2
balloon tower defense	2
season 5 game of thrones torrent tpb	2
got season 5 episode 6 torrent	2
the hangover online	2
elite dangerous federation ranks	2
ouat season 5	3
insulin resistance	2
kendall schmidt and sofia reyes	2
i ching accuracy	2
when being ignored	2
jcpenney pay bill	2
can i exchange diapers at sam's club	2
best egg reviews	2
all about the benjamins soundtrack	2
what to eat to get your a1c down	2
trees in kansas with yellow wood	2
male and female signs	2
zucchini seed parthenocarpic	2
parthenocarpic zucchini varieties	2
facts about sloths	2
hetalia mochi	2
mack the knife	2
karmageddon lyrics abbe may	2
nfl	2
fx 79 discontinued?	2
darpa	2
darpa small uav insects airfoil	2
penske truck rental	2
hot matures	2
aubrey banks video	2
virgin wiki	2
raspberry pi 3b tor onion	2
smallest projector	2
lol how to full screen	2
samsclub	2
rh interiors	2
frisco railroad run results 2016	3
sea turtles	2
mobile prototyping	2
rock auto parts	2
john wilkes booth pdf	4
how much is the charge for paypal transaction	2
apartments in mission ks	2
what kind of disease can you get from polluted water	2
what are some common diseases in the city because of water pollution	2
shimai mahou	2
kissanime	2
re zero chapter 14	2
slapstick comedy	2
rhinoceros eugene ionesco	2
from darkness episodes	2
how to set toe in semi steer axle	3
great wall seneca	2
net operating working capital amazon	2
food affected by fda regulations of genetically modified	2
uptown theater	2
schools that offer a phd in psychology	2
team fortress 2 download no steam	3
teamfortress 2	2
www.steam.com	2
___ means coming up with a rationale for the amount of work a person puts into getting something, typically by increasing the value associated with things that are difficult to attain.	2
816-405-0569	2
180 degree rule full metal jacket	2
keeping track of money at home business etsy	2
loan calculator	2
erotic	2
lothric castle things in the sky	2
dark souls 3 undead hunter charm lloyd's talisman	2
dark souls 3 peasant build	2
beethoven	2
barton community college	2
misty jo hayes	1
hope was here climax	2
rv slide-out replacement awnings	2
making a cake mix into a brownie	2
ancestry dna coupon	2
computercraft shell.run	2
resume warehouse	2
sheet metal resume skills	2
synonym operated	2
preparing envelopes job title	2
education certifications and licenses resume	2
dc rebirth blue beetle	2
midtown comics	2
naive bayes.default	2
detrend series	2
does us postal service notarize documents	2
2016 udfa signings	2
nascar	2
siberian huskies	2
dillons debit card now must put in pin can't run as credit	2
honda vs ford family cars	2
dodge city excel	2
oriental trading	2
adam hau panda panic at the disco or smth :)?	1
most of us associate ________ with good personality traits, intelligence, and happiness.	2
"in hospitals, premature infants rated as ""attractive"" by attending nurses ________ and gained ________ weight than those judged as less attractive."	1
best race gun	2
a 6 year old boy is taking somatropin comes into the office because he has an asthma	2
the nurse will assess the patient for which potential contraindication to anti tubercular therapy. the nurse will assess the patient	2
during a patients therapy with interleukines the nurse monitors the patient with capillary leak syndrome	2
a pateint is in the hiv clinic for a follow-up appointment he has been on an antiretroviral therapy for hiv for more than three years	2
bmi calculator for women	2
app gene elevation	2
you tube	2
bookscouter	2
oeadc	2
barnes and noble	2
candlewood suites in wichita ks	2
galois correspondence	2
best mardu commander cards	3
coaches clipboard	2
cox communications financial statement	2
metcalf bank	2
buy merit badges	2
behind the scenes of bad blood	2
dark souls 3 covenants	2
sharp lc-32dv24u use as computer monitor	2
amazon mp3	2
kickasstorrent	2
arbiter sports	2
fbfs	2
tree of savior download	2
mediterranean floor plans	2
can hackers use webm	2
gene clouette	2
1005 n azure circle	2
porndig	2
ubuntu 14.04 download iso 64 bit	2
mongodb ubuntu 14.04	2
website to teach children values	2
slaven beta s3	2
batteries plus	2
the great race royal waltz	2
all i do is think about you tammi terrell	2
susan graver	2
information on jonathan mark spooner, suicide in johnson county, kansas jail	2
gmail	3
most underpowered gun in cs go	2
short story ideas for highschool students	2
fergalicious	2
distal end cap of the corpora spongiosum	2
kansas lottery	2
unlawful use of a drivers license kansas fine	3
drawing the line bible study	2
colors that go with grey couch	2
1809 landon st hutchinson, ks	2
bing	2
richmond indiana hotels	2
kay panabaker	2
eenadu	6
sakshi	2
surya ashtakam telugu lyrics	2
vaidika vignanam telugu	2
print free credit report online	2
how does the liver	2
hit the wall meaning in exercise	2
religious cult rape porn stories	2
secur-net pool 15 foot pool cover	2
central states fund pension	2
enterprise	2
pahang darul makmur, malaysia	2
kepalapalkon	2
how to write an apa paper	2
kohler and campbell model 1953	2
sims 4 64x64 lot	2
kotor widescreen mod	2
holiday inn miami beach	2
vaginal des exposure in utero	2
preschool monogrammed backpacks	2
places that can embroider near me	2
sckans.edu	4
what is a healthy lifestyle	2
smile you camera	2
my patriot supply 72 hour $10	2
nocnitsa	2
bonnie wallace osawatomie ks	2
coupons.com	2
scarlett johansson sexy	2
army bas pay 2016	2
anonymous chat	2
mirage poker room	2
ebates	2
things to add to hat for kentucky derby	2
madonna like a prayer	2
riding creampie	2
learner's dictionary	2
wahl on the fly	2
2 stroke oil rateing	2
facebook login	5
animal herpes	2
imgur	2
what happened to buffy sainte marie	2
wichita state email	2
yoyos	2
pacsun town east	2
mature nudists	2
the good witch cast	2
r/rowing	2
how bad are wheelies for your bike	2
where to go after pit of hollows	2
bill brasky snl	2
gold jamberry	2
kansas city events	2
animal jam	2
online timer	2
daily mail	2
imdb	2
casefiles internal medicine	2
braised chicken with scallion purre	2
food near westin siray bay	2
scuba siray bay thailand	2
mountains that act as international borders quizlet	2
barnards wichita history	2
brenda's village cafe exeland wi	2
mystery priest at missouri car accident	2
306 s castle st, paola, ks	2
slither	2
saga comic online	2
best tablet for reading comics	2
celebrity stripping	2
celebrity striptease naked	2
strippers	2
hbo now	2
song generator pop	2
create music lyrics with the name of the song	2
mediacom broadband field technician salary	2
tall vases	2
aria 615 frontier review	2
hohner	2
aria pro ii fullerton fl-20h	2
what is inside an aemc current-sense probe?	2
leavenworth times	2
ksu	2
filmxy	2
party venues in wichita kansas	2
extended stay	2
wsu shocker tennis camp	2
adopt a dog columbia mo	2
diana lesbian sasha grannies	2
sasha diana lesbian grannies	5
?????????????	1
outpatient methadone treatment for abuse and pain management	2
maurices	2
golf channel	2
pug nazi	2
sporting kc	2
state farm	2
exogear exomount	2
cancelled abc shows 2012	2
reddit poker	2
ks mark skoog	2
scholar	2
youtube-mp3	2
kohls coupons	2
for the love of steve perry	2
kansas city residential lease form	2
cassie ventura nudes	2
fastenal	2
stitchers	2
toca blocks	2
press the red button	2
red robin coupons	2
alternate reality game reddit	2
who has most tanks	2
micky burke	1
macy b nude movies	2
melvern lake map	2
ssb cb radio	2
haier ht21ts45sw	2
stars wars part 8	2
vitals infant to adult	2
free online cat poles	2
tan towel	2
manhattan ks appliance	2
krispy kreme menu	2
golf ball mold cake pops	2
how do you get the cake pops out of the candy mold	2
plastic shot glasses	2
left tab manila folder	2
cornuto	2
crown table lighter	2
democrats totals who voted in 2012 preseidental election	2
darksign dark souls 2	2
best armor dark souls 2	2
quivira internal medicine overland park ks	2
early termination of probation in kansas	2
shawnee county public access	2
kansas drivers license status	2
james cameron lynching	2
2.5 wrangler distributor work on cj7?	2
offworld trading company on sale	2
automatic sugarcane farm	2
radiohead	2
backpage.com	2
syste	2
game of thrones	2
buffalomilitarymugs	2
aveda name	3
ashilde name	2
elf name generator d&d	2
www.rainbow resource	2
underground undercover	2
olathe flowers	2
brain herniation symptoms	2
fastest way to senliten's tomb	2
for action there is a reaction	2
creatine pills or powder	2
flathead beacon	2
fraps in chrome games	2
fukushima death toll	2
venus unveiled, u-tube, videos	2
jolsonsdesigns.com	2
pizza cooker	2
cuanto esta el dolar en mexico	2
beard hat	2
rush county appraiser ks	2
ozark mermaids	2
how to get a boyfriend	2
roblox script builder pack	2
iso file	2
socket recipe d2	2
la quinta	2
radar	2
how many live albums does phish have	2
how to get cfo job	2
xhamster	2
sarah fincher	2
word resume formats	2
charges to playstation account	2
maven interview questions	2
unit testing	2
lakeview inn branson west mo	2
youtube downloader does not record mp3 just html	2
when adam smith write the money game	2
orgazational objectives	2
let's meet halfway	2
harbor freight wichita kansas	2
teardrop camper kits	2
water storage tanks for teardrop trailers	2
verizon buy one get one s7	2
bmw x1 review 2016	2
how bright is the screen on kindle fire vs kindle paperwhite	2
espn	2
salaries for 2016 draft]	2
calc prinp paymnents	2
the awakening chopin citation	2
a ________ is a group of related data that can be stored, sorted, organized, and queried.	2
triggly puff	2
the structure found between the atrioventricular valve and the papillary muscle	2
revelation 22 12 14 commentary	2
care of omnitec rain gear by columbia	2
freemind.sourceforge.net download	2
cat ring darksouls 3	2
imgur papa johns discount	2
heartland credit union hutchinson	2
oyez roe v wade	2
kansas cities map quiz'	2
pecan tree grafting paola ks	2
hbo	2
corporeal beast	2
smrtgrips amazon	2
toro recycler front wheels locked	2
vikings	2
eskridge ks	2
classes needed to be a veterinarian	2
acheulean industry	2
streamtuner game of thrones	2
what is meant by gazelle intense	2
interest rate rises in 2016	2
herb day wichita ks	2
how does social media affect medical office specialist	2
behind the name	2
craigslist wichita cars	2
teachin preschool creation	2
criminal justice research proposal ideas	2
criminal justice research proposal hypothesis	3
criminal justice research proposal example	2
update on lillie savage, kc mo	2
sarahpalin dominatrix	2
????????????	1
hulu	2
kansas city title	2
star celebs	2
kitty tube	2
irs	2
amazing grace how sweet the sound 280 virgina harmony 1831	2
eriterancomedy 2016	2
email reminder outlook calendar app	2
wwe payback wrestlingup	2
all the hail storms in 2016	2
games	2
rollator tripod	2
24 hour fitness	2
breakoutkc	2
2423 north spring hollow street, wichita, ks	2
minecraft filter enchanted items	2
missouri map	2
lunar trout 2	2
can you wear turf shoes on concrete	2
best looking running sheos	2
best buy ethernet cable 30 feet	2
mrs. e's at ku	2
eso knightmare set location	2
flights from wichita to orlando google flights	2
hotels in fort lauderdale	2
eq2 best race for ranger	2
walmart	4
goblin 5e	2
1999	2
blood testicular barriers to distribution of medications	2
youtube.com	2
tigertracks fhsu	2
tekkit legends server	2
rtekkit legends wiki	2
naomi west london	2
suture cephalopods	2
xvideos	2
ovario	2
liberacion de hormonas sexuales	2
i always kill the things i love lyrics	2
brokenness aside	2
the discourse just right\	2
overcoat	2
republican poll indiana	2
neflix	2
auctioneers in manhattan ks	2
the arnold group, wichita ks	2
ride	2
time warner cable kansas city	2
galaxy s5 screen replacement	2
fake teeth topeka	2
jungle book	2
apple phone number	2
paper goods for twin baby shower	2
0 to 60 time for bugatti veyron	2
7.5x16 tractor tire diameter	2
att uverse	2
eudora high school twitter	2
fastest way to add watermark to photos	2
z type	2
quizzes	2
black flash	2
obama roasts trump	2
allison janney	2
when does culture club new album come out	2
google fiber kansas city map	2
how to cancel logmein account	2
e340 cloud generator	2
under armour charged cotton	2
western kansas concealed carry course	2
gardner edgerton	2
metro munited soccer	2
how does a strobilurin fungicide work	2
market to market	2
wow	2
where can i buy skechers shape ups in wichita, ks	2
kyani login	2
watch ghostbusters 2 online free	2
battleship goliath castle in the sky	2
how to use technology in occupational therapy	2
a monopolist will have a marginal revenue curve that is (points : 1)	2
ashford university	2
radiation contamination from ukraine	2
pendrive linux	2
chopped onion to minced onion conversion	2
history of the bra	2
obscure botanical facts	2
butler county kansas	2
awakened collector gold build	2
watch game of thrones season 6 online free	2
watch game of thrones season 6 episode 2	2
16694 w 172nd pl, olathe, ks	2
royce gracie midwest	2
martial arts liberty	2
smith & wesson model 100 handcuff	2
joplin tech pc service	2
bolton ucan centres	2
world war z 2	2
table with white x legs and wood bar top	2
train from copenhagen to berlin	2
cnn	2
wichita construction	2
casting creampie	2
beef becue	2
2101 w dutch ave, newton, ks	3
united country	2
how is the movie amadeus similar to the life of mozart	2
tillyard, e. m. w., shakespeare's history plays	2
beethovens 12th	2
sexy black women pussy	5
dum dum dum meme	2
plies - becky	2
free steam money	2
cool math	2
naspe standards	2
big iron	2
shriners, circus 2016 wichita eagle	2
how do you tell if a building is haunted	2
herman frederick wilhelm tuchel message board	2
how can i find a german genealogist	2
who said the phrase kiss me you fool	3
how to auto fill in firefox	2
genius	2
rap map	3
top cities for young professionals	2
deadpool wiki	2
what is the wamego ks high school softball record	2
nba playoffs 2016	2
used sectional ladders for sale	2
the skies	2
best remedy for ed	2
how to get ps2 emulators on pc	2
sharp trigger	2
applebees menu	2
roblox games	6
what is the definition of an internal driver	2
runescape bloodveld	2
cheatcc,com	2
andkon	2
taye diggs	2
eve online	2
the tv show f troop	2
sports illustrated	2
paypal	2
dollar tree	2
donald trump pizza hut	2
advertising firms	2
gazing ball	2
true blue online	2
verizon	2
undrafted free agents	2
303 north west, suite 215 wichita, ks 67203	2
chromatic sprite harmonica	2
dark souls 3 immolation tinder	2
sweet baby jesus stout	2
are kangzhu plastic cups the best chinese cups	2
steed stone	2
sushi	2
supernatural	2
shore hospital sebring	2
costoc hours	3
zaroxolyn	2
zac brooks interior design	2
the magnificent seven	3
he is exalted the king is exalted on high chords	2
xhamster.com	2
stress level zero hentai digger game	2
corpse party steam	2
liberal ks newspaper	2
hotmail	6
pyromancy dark souls 2	2
unfinished cabinets	2
how to keep my blood sugar levels stable	2
s&w m&p m4 rifle airsoft	2
diy body scrub	2
elvis & nixon	2
youtube downloader mp3	2
lindsay and alex	2
kentico	2
axius technologies	2
gigabykes	2
gygabyke	2
sporting ticket exchange	2
net speed	2
is liz keen really dead?	2
el rey network	2
why do my va benefits change	2
ksn	2
kevin ashley cheney	2
pof	2
operation lullaby	2
wwe payback	2
townhomes in topeka ks	2
determine p-value ti-84	2
how to empty a paraffin bath	2
mini display to usb type c	2
male mini display to male usb type c	2
noaa hutchinson ks	2
the primary objective of external financial reporting is to:	2
academy sports	4
a thousand splendid suns review	2
what to mix hair bleach in	2
in transit alice in wonderland	2
how to use cs lotto	2
wordpress	2
when the seagulls cry	2
how to paint kitchen backsplash tile	2
unreal engine 4	2
francis chan sermons	2
thesauru	2
science jobs	2
bofa login	2
benedictine mesa	2
bale haircut product	2
bill o	2
defendor phenix baby monitor additional camera	2
defender 3.5 baby monitor	4
pole cells definition	2
chase	2
refold's recyclable standing portable desk	2
patricia tait storable studio desk	2
papa kenos	2
smoked beef short ribs	2
men's wearhouse toddler suit	2
drake weston road flows	2
powells garden attractions in kansas city	2
binary to english	2
i know from righteous i know from sin, i got two sides and they're both friends	2
carports and more	2
fm signal booster radio earphones	2
radio earphones	2
useek	2
panama jack hat	2
broccoli starter plants pinch	2
best ultrawide monitor	2
samsung s34e790c deals	2
best books to listen to on audiobook for running	2
wave accounting	2
federal government jobs	2
redtube	2
clothing hang tags	4
properties of gray cast iron	2
scott winship	2
9692 oakshire st, overland park	2
what does that mean----eyes of my heart be enlightened	2
lawrence kansas secular franciscan order	2
how to make a paracord bracelet	2
one piece episode 739	2
hazard 4 switchback	2
how big of a patio for a fire pit	2
hard drive recovery	2
sling tv	2
aleks	2
delta bansawblades	2
criminal minds the storm	2
cell phone batteries	2
images	2
a r rahman	2
can i forward my yahoo mail to my gmail?	2
motiva sans bold free	2
calvin black font free	2
low carb meals	3
tial 38mm external wastegate	2
races d&d 5e	2
do metal roof show seams	2
best wireless outdoor security cameras	2
blue iris software	2
daddy pantyhose "daughter's legs" cock	1
"my friend" charm -mother -sister -daughter	1
ÊéíÈ£éÊâá ÂÆâË£ÖÈó®‰∏ä	1
valery lameign√®re	1
ÿßŸÑÿÆÿ∑Ÿàÿ∑ ÿßŸÑÿ≥ÿπŸàÿØŸäÿ©	1
kate is a florist. kate can arrange 20 bouquets per day. she is considering hiring her husband william to work for her. william can arrange 18 bouquets per day. what would be the total daily output of kate‚Äôs firm if she hired her husband? quizlet	1
assuming(that(the(manufacture‚Äôs(claim(is(true,(what(is(the(probability(the(consumer(group‚Äôs(sample(has(a(mean(life(of(52(or(fewer(months?	1
"misty jo hayes"	1
adam hau panda panic at the disco or smth :)Ôªø	1
in hospitals, premature infants rated as "attractive" by attending nurses ________ and gained ________ weight than those judged as less attractive.	1
‡∏î‡∏π‡∏´‡∏ô‡∏±‡∏á‡∏≠‡∏≠‡∏ô‡πÑ‡∏•‡∏ô‡πå	1
"micky burke"	1
Ê∏∏ÊàèÂà∂‰ΩúËÄÖÁî®‰ªÄ‰πàÊù•ÂÜô‰ª£Á†Å	1
