best dog latch tie out	1
721 medical center drive suite 200 wilmington, nc 28401	1
jeep sticker bomb	1
ati firepro m7820	1
lenovo b590	1
refer to figure 17.1. john has two job offers when he graduates from college. john views the offers as identical, except for the salary terms. the first offer is at a fixed annual salary of $50,000. the second offer is at a fixed salary of $20,000 plus a possible bonus of $60,000. john believes that he has a 50-50 chance of earning the bonus. what is the expected value of john's income for each job offer?	1
all of the following statements about asymmetric information are true except:	1
carla has just banged her knee against an open drawer. the extent to which she feels pain from her knee depends, in part, on how fully input from pain sensory neurons passes into the central nervous system and on to higher pain centers in the brain. in other words, carla's pain experience will be governed by	1
imagine that two friends are at a concert. while listening to a duet for bassoon and flute, one friend notices that although the flute and bassoon appear to be playing simultaneously, there are times when he cannot hear the flute. the other friend explains this sensory phenomenon in terms of	1
the fact that humans can distinguish a more intense sound from a less intense one indicates that humans are able to	1
madhouse 24 torrentz	1
bright earth foods low glycemic sweetener	1
staples foam core board	1
causes child atopic dermatitis	1
real female orgasms compilations	1
does starbucks grow their own coffee beans	1
youtube	10
u haul portland maine	1
kennebec journal	1
xs and os	1
cottage bedroom furniture	1
a sustained muscle contraction with no relaxation is called	1
conduction deafness may be due to damage to the	1
in which layer of the epidermis are cells constantly dividing?	1
jump start my hybrid	1
new york times	1
blade and soul no people at stalker	1
is radiant ring worth joingin	1
blade and soul economy moonwater stones	1
blade and soul forum	1
dunkey	1
all forgekeeper weapons	1
dreadtide arena sword	1
ffxiv victory	1
peridot carbuncle	1
ffxiv helm fragment	1
sepheriot guide	1
ffxiv whm pvp spell speed	1
male and female cardinal birds rubbing beaks	1
satoshi kojima lariat	1
hideo itami	1
dave meltzer	1
saga vol 6	1
justice league part 1	1
njpw	1
hell's kitchen season 15	1
eglx	1
apartments for rent in maine	1
quotes about greed in the prince	1
machiavelli free will quotes	1
procedural generation rpg maker vx ace	1
more complete prenatal vitamin	1
christ in the garden of olives nicolai ge	1
star wars finn	1
in poems that don't number their lines do you have to cite	1
mla no line numbers poem	1
chinese counterfeiting laws	1
gene tophat cufflinks gpu implementation	1
roy cheran	1
keith playing for tsm	1
perkz	1
how to use roof brackets video	2
als functional rating scale revised pdf	2
wood planks for bathroom walls	2
37021s	2
maya kila helmet	2
usfs regions	2
pantech p6020 manual	2
important facts about job interviews	2
amac	2
shaders mod packs	2
nhra pro mod crash 2016	3
turn the series	2
jewelry making for mother's day	2
enter the gungeon cheats	2
creat enginge generated trainer wont show	2
cheatengine invalid character in input stream .frm	2
evergreen credit union	2
youtubegaming	2
activated charcoal tablets breathalyzer	2
blueberry pie	2
email of introduction	2
maine department of labor jobs	2
afib symptoms	2
bangor daily news	3
portland conservatory of music portland me	2
is miku black rock shooter	2
indiana polls	3
sande plywood	2
land of the lost	2
red sox	2
used impala 2014	2
kickstarter	2
goodwill biddeford maine hours	2
robocraft builds	2
robert engesser	2
new york voting fraud	2
bernie sanders	2
bj's wholesale bangor	2
overweight teens in the usa	2
teen suicide in maine	2
colonial valley motel rates	2
usspollack ssn603	2
bible black	2
bjs	2
google maps	2
the black tapes	2
nic silver	2
realclearpolitics indiana democratic primary	2
saint josephs college female male	2
alexander hamilton musical images	2
bebe	2
chained lynne kelly prezi	3
bbc hausa	2
starting dahlias indoors	2
outlook.live assicate task with calendar event	2
wmtw	2
gasoline additives contaminating groundwater	2
youtube testing	2
ask mr robot	2
someone used my email to make an ebay account	2
chest pain right side and shoulder	3
what does phase mean in electricity	2
weld public library	2
battle of yorktown lyrics	2
tristan	2
chretien de troyes	2
what does a transmission cost for a 2011 subaru?	2
coral reef diving new zealand	2
augusta me kitchen store	2
how to calculate compression ratio	3
bearing strength	2
craigslist	2
lane bryant	2
higher rms better quality	2
underpowering speakers	2
alpine type s vs e	2
jvc speakers good sound quality	2
vinyl siding calculator	2
zumiez hoverboards	2
mount iso	2
asya sims 4	2
jon snow lives	2
easydriver shield step stepper motor driver a3967 for arduino avr	2
how to stop chrome from opening automatically on startup in xp	2
philadelphia phillies	3
countdown to ecstasy lyrics	2
walmart car charger	2
shoulder pain	2
presumpscot regional land trust	2
how to get two to the morgue y2	2
st petersburg fl	2
facebook	9
cat flag	2
cat windsock	2
hbogo	2
sims 3 heart bed mod	2
perez hilton	2
dctc youtube	2
best running songs	2
shad stardew valley	2
penny stardewvalley	2
lincoln county maine foreclosures	3
offices and bosses	2
red jacket inn north conway	2
wiring generator transfer switch	2
mesa arizona resort	2
grapes of wrath	2
hotels in jackson hole wy	2
tie rod style piston brake chamber data	2
air force	2
gmail	6
umaine computer science requirements	2
recycling schedule york maine	2
tyco surecare slip on 24 pack	2
spencerian ladies extra #4 nib	2
netflix	2
porn vista	2
10' round rug	2
sutter home sangria	2
methodist church callington england	2
yahoo	2
tabletop tanto cuore	2
wwf cheat	2
waldoboro chueches	2
snake and arrow rush	2
www.themagazinestoreonline.com	2
the best creepypasta	2
machias savings bank	2
five finger death punch under and over it	2
f'	2
dnd5e official supplements	2
d20 bag	2
information on garmin 120 rhino gps	2
finland education	2
knickles	2
facebook home page	2
google	8
4chan gore thread	2
the incredibles 2	2
kohls promo codes	2
central maine motors	2
china soffee cups	2
rasberry supplements	2
god of war pushin cage up slope	2
tampa bay lightning female goalie	2
wes studi	2
dr. seward	2
mac n cheese crock pot shells	2
latch guard in-swinging	2
reverbnation	2
george rosenberg	2
sebago lake weekend rentals	2
best vacation spots on a budget	2
cheap vacation destinations	2
vlc media player	2
bejeweled 3	2
microwave wall mount shelf	2
black ops 3 ports	2
boothbay classfied	2
jane mcgonigal ted talk	2
ghostery review	2
papa john's late night order online special	2
talledega race update	2
winchester model 37a 12 gauge	2
winchester model 37a 12 gauge made in canada	3
mens work vest	2
amazon	2
zen pinball adroid cracked	2
sam's club	2
what is the best med school reddit	2
dragon ball xenoverse reddit	2
what dlc for xenoverse reddit	2
brick pavers eliot maine	2
volt prime	2
summon the heroes lavender	2
seagate dashboard windows 10 doesn't see drive site:answers.microsoft.com	2
wika gauge cover replacement	2
2 inch gauge lens replacement	2
replacing wika pressure gauge lens material	2
lincoln welder gauges	2
salmon	2
60 minutes	2
commando cody flying	2
bluestacks vs memu	2
charlie bradbury	2
wacc johnson and johnson	2
maine parkinson society	2
recipe for guacamole	2
iraqi prisoners desert storm	2
james m. mcpherson states in crossroads of freedom the concise chronicle of americaís bloodiest day	1
what should i do a bout leggy bamboo	2
things to be comfortable at beach	2
kuryakyn spitfire clevis	2
naked and afraid manu	2
st. gerard prayer	2
shaws my mixx without a smart phone	2
royal dux catalogue	2
royal dux figures	2
closest airport to siler city nc	2
six flags new england	2
365 login	2
ruger	2
happy ukelele rock songs	2
leon harkleroad	2
twelve tone row generator	2
mozart concerto 5	2
12 tone row generator	2
health options	2
used sprinter van for sale in maine	2
linkara operation overdrive	2
list of areas pokemon	2
servant skills fate	2
noble phantasm	2
sisters 2015 full movie	2
sisters 2015 full movie letmewatchthis	2
twc on demand	2
dark souls combat	2
dark souls style combat	2
dark souls 2 lucatiel	2
dark souls lucatiel	2
dark souls 2 give ring of the living	2
cold brew with coffee sock	2
enzo amore	2
sho	2
idioteque	2
car lease maine	2
why is the j.n. ding darling national wildlife sanctuary world renowned?	2
mahjong	2
system call failed	2
2001 ford ranger door panel removal	2
ford ranger rear door panel removal	2
2001 side door panel ford ranger removal	2
ace flooring, scarborough, me	2
look lovingly doesn't know you farted meme	2
13 cruiser fun finder	2
youtube merle haggard	2
painkiller hell and damnation cheats	2
bangor federal	2
addon for comparing items in wow	2
lord of the flies fanfiction.net	2
post partum pad patterns	2
aubuchon	3
craigslist maine	5
lolking	2
i wish i was a cockslut tumblr	2
fasfa	2
tv tropes dark souls	2
dark souls 3 heavy upgrade	2
slow roast sirloin tip	2
why can't you have calcium with armour	2
homemade spaghetti sauce	2
homemade spaghetti sauce with meat	2
monson maine	2
what to serve with spaghetti and meat sauce	2
jostens	2
are you ready to party	2
2016 dodge charger	2
walmart cameras	2
maine savings	2
overclock windows 10	2
what does the red light on the front of my computer mean	2
weekly 2016 calendar	2
the clean water act applies to navigable waters and where waste products are released from a non-point source. true false coursehero	2
sea dog brewing	2
maine vehicle registration	2
hitler's bomb shelter call of duty	2
katen kyokotsu	2
5e tavern brawler	2
f2p	2
347 lunt road, brunswick, me	2
empanadas de carne y papa	2
discount incontinence products	2
harriet tubman	2
mgm grand	2
beatrix franklin	2
yahoo mail	2
zoosk.com	2
carlisle nylon cutting board resurfacing tool	3
charlotte mckinney nude	2
mnf tika	2
rate law for reaction between ammonium peroxydisulfate and iodide	2
adam morgan phillies scouting report	2
bathroom door commercial occupied	2
opera: can't open user profile directory	2
foxit phantompdf 7	2
plants vs zombies garden warfare 2 can second player use unlocked characters	2
honda rincon trx650 4x4 quad atv	2
forestry taxation for atv purchase	2
t handle wooden cane	2
reading a bosch obd 1000 scanner	2
bullitt wheels	2
android process system not responding	2
android modded games apk	2
justin tv gameon	2
massachusetts obituaries	2
dark knight bluebeard	2
lowes windham maine	2
collections etc	2
girls out west	2
sportsmans alliance of maine	2
bradbury mountain maine	2
praziquantel for dogs petco	2
sentryhc wormx plus flavored de-wormer chewables for small dogs & puppies	2
what is garrys mod	2
bruise turns red and itchy	2
www.mary'smeal.org	2
kittytube	2
captain nicholas martiau, who obtained his denizenation in england, from holding any office or employment in virginia.	2
captain william fuller 1625 parents	2
160 drummond ave waterville me	2
he stopped loving her today	2
ludwig deutsch paintings	2
valgen dragon	2
emergency dentist portland maine	2
maine medical center phone number	2
dad son xxx	2
gandolfini's tv wife	2
yakuza movies	2
i can not hear my iphone ring	2
can only exercise cure crepey skin?	2
google image search	2
hollywood casino bangor	2
my fairpoint bill pay	2
mineplex block hunt maps	2
??????????????rpg??????	1
the beacon house 19 myrtle st., boston, m	2
eve dougherty | marsha price group	3
straight razor blades pulling hair	2
eron gordon	3
kennebunk weather radar	2
espn horse racing	2
sears prom dresses for juniors	2
yamaha cvp-35	2
fico score barclaycard	3
hp support forums	2
fallout 4 mod dogmeat and companion	2
talents of a virgo woman	2
necessary social skills for stem	2
how to make a popsicle stick trebuchet print out	2
camden national bank maine login	2
daily news bangor	2
myspace	2
google translate	2
keepvid	2
violen	2
glasslungs.com	2
battlefront	2
okuma rods	2
top gear	2
keen slippers	2
green tea soba noodles	2
afflictive feelings	2
how many people murdered a year america	2
youtube video minangkabau plate dance	2
what is the mandated current high school history book?	2
atomic structure and periodicity	2
cristiano ronaldo snapchat	2
derek muller	2
putlockers	2
playstation store	2
body fat calculator for men	2
ebay	6
smd soldering kit	2
lawn mower parts	2
arizona divorce laws	2
house rental maine lakefront	2
ohara nurse jackie pregnant	2
summer rental wiscasset	2
waterfront cottages maine	2
homes for sale in maine	2
stowe vt clothing stores	2
river rats baseball	4
weather saco maine	2
one study monitored teens and young adults who had two relatives with schizophrenia. those who subsequently developed schizophrenia displayed a tendency to be ________ prior to the onset of their disorder.	2
norby, an 18-year-old first-year university student, has missed almost all his classes during the past month. he spends most of his time in his bedroom, frequently not even bothering to get dressed or eat meals. he thinks his whole life has been a failure and blames himself for being a social misfit. norby is most likely suffering from	2
the families of bulimia patients have a higher-than-usual incidence of	2
teaching people to stop blaming themselves for failures and negative circumstances beyond their control is of most direct concern to ________ therapy.	2
klaus is a psychology graduate student who wants to determine whether psychodynamic therapy is an effective treatment for depression. to combine the results of numerous published studies on this issue, klaus should use a technique called	2
which drug enhances the benefits of exposure therapy and helps relieve the symptoms of obsessive-compulsive disorder?	2
dual degree mph programs	2
since world war ii, which of the following areas has been the most successful developing region?	2
bill fordham august osage county character analysis	2
how to get to undead burg	2
french economy	2
zero hedge	2
curtis liu san francisco	2
french car makers	2
taki magazine	3
how to make peanut butter cookies from scratch	2
watch allegiant online free	3
euro truck 2 multiplayer	2
beebalm	2
alternative to aster plant	2
hitachi 17331 solenoid	2
sba18581602 solenoid	2
starter solenoid constant runs	2
yamaha golf cart dealers	2
davis and sanford	2
davis and sanford vs manfrotto video heads	2
white house correspondents dinner	2
gallup	2
fallout 4 update 1.5	2
facebook login	2
mary jo cranmore	2
children austin brian lewis	2
junk cars	2
downeast toyota	2
qt qt.network.ssl: qsslsocket: cannot resolve tlsv1_1_client_method	2
make class diagrams	2
port forwarding	2
how to keep the handle on a shakespeare reel	2
kahootit	2
bethesda.net	2
pinterest	2
beach voyeur videos	2
gmail sign in	2
prince	2
old english scratch cover for light woods	2
baxter woods portland me	2
james hicks maine	3
bangor 2	2
margarite griffin new hampshire	2
atwood 56458	2
rosewood dirk	2
location of chevy s-10 frame numbers	3
what's love got to do with it lyrics	2
powerofvitality	2
goodreads	2
girls go games	2
sims free online game	2
4chan	4
google docs	2
colored wax	2
shell gas grades	2
springtime pictures	2
baseball box scores on one page	2
hot teen girl skinney diping	2
my sister and her friend naked	2
permaculture landscapes in mainer	2
siding to match red roof	2
the texas gypsiesvideos	3
us navy reruit training center bainbridge maryland info	2
song rythym saved the world	2
arousal staring	2
hydrofoil paddleboard	2
jenna shea escort	2
abbey brooks fucks a fan	2
how much do twitch streamers make	2
can you use a battery power screwdriver underwater	2
lego ice cube tray	2
elf yourself	2
shaws	2
shaws flyer	2
frontline for cats	2
anthony michael hall	2
hauwei mate 9	2
jabra bluetooth headphones	2
mens boots	2
what chemicals are in e cigarettes	2
reuzenmacht lyrics	2
homes for sale in vermont	2
black rhino concealment	2
gmc dealers in maine	2
chevy ss for sale	2
owl pellet identification	2
simmons college	2
springfield college	2
course catalog une	2
4runner 4th gen rocketbox	2
council of foreign relations members	2
bjs auburn	2
hunter vanbrocklin: child with disability	2
ll bean concert series 2016	2
best warden mage stats runes of magic	2
blood stone divinity	2
best alcohol to drink on a diet	2
spankwire	2
b2710 parts list	2
saddlebag resort	2
nathan shepard is a bible scholar	2
nude beaches in maine	2
p5n-d motherboard	2
maine rural water 2015 form 990	2
home security companies bangor	2
anal creampie gangbang in the train tube	2
pirates of the caribbean	2
central maine power	4
energetic shielding for empaths	2
replacing steps on staircase	2
kisscartoon	2
converting camper to tiny house	2
watch yo profanity	2
sacco & venzetti trail transcript	2
hanna dustin haverhil	2
mass obituary	2
pornhub	2
nascar	2
why is nascar not on radio	2
dead frontier boss map	2
joseph tinnelly	2
state of maine	2
words to the song when the red red robin	2
the moth radio hour	2
stormfeder	3
fallout 4 list of clothing that can be worn under armor	2
artistscope plugin	2
the effects henry viii reign hd	2
septic tank installation in maine	2
reference page generator	2
is virus living	2
heat lamp placement for chicks	2
sweatpants with state of maine logo	2
aluminum boat ladders	2
48v scooters	2
atv dracut ma	2
60cc motor scooters	2
jon boat swim ladders	2
gun and garden	2
forbidden fruit manchester new hampshire	2
glock 19	2
suzuki re5 workshop manual	2
thesaurus recall	2
sad country songs	2
roblox	2
tom russell rayburn crane tabs	2
james mcmurtry angeline tabs	2
the girl who turned me down lyrics	2
zx-6e jet settings	2
neil young	2
autotrader.com corporate headquarters	2
robert ben rhoades	2
poe damage from tree	2
physical spectral throw	2
mathil spectral throw	2
purity of lightning	2
intelligence amulet poe	2
poe aura calc	2
chanel santini	2
yellow pages	2
grand vizier diablo 3	2
pandora	2
sirius radio 6 month	2
dictionary of social work	2
weather in bangor	2
things to do on rainy days	2
earthlink webmail	2
mate1	4
changing screen size	2
the stand hi8llsong lyrics	2
star fox command ships	2
star fox animated special	2
to access the internet through the pstn	2
alex lowe	2
chapmanville, west virginia,	2
trt blood donation	2
richard feynman inventions	2
how to build a slingshot	2
mtg mox lotus	2
mtg mana burn	2
are improved and better the same	2
emrakul	2
unadvanced	2
manhattan project how big was the bomb radius	2
los angeles rams	2
demon's souls silver demon's soul	2
demon's souls mixed demon's soul	2
google pictures	2
chatterbate	2
piper perri	2
tpb	2
shortest pornstars 2016	2
muguets porte bonheur	2
unet synch bullet shoot by client with server	2
normal to start showing at 11 weeks?	2
brio 88 vs regular diamond	2
how to add contacts on my samsung galaxy centura smart tracfone	2
delish	2
james corden and mellisa mccarthy with mouth guards	2
nada guide	2
theater bangor me	2
how old is jim shockey	2
last unicorn skeleton	2
happy anxiety	2
casio hdd600-1avos	2
nintendo wii men's sleep shorts	2
aau basketball maine	2
roasted beets	2
halls of lightning	2
yamaha	2
honda atv	2
maine poa	2
poa vs guardianship	2
maine programs for people with aids	2
maine aids end of life	2
peabody hospice maine	2
maine adap	2
smitty's	2
32 paper mill dr madison ct	2
mathematica cells	2
are blobfish endangered?	2
im starting to live without you now	2
2007 starcraft camper hot water heater issue	2
portland maine teenage groups	2
usm disability services	2
job help in portland maine	2
homemade italian bread	2
barnes and noble	2
walking the path of the gospel	1
messiah definition	2
how to reset a galaxy s5	2
"buxom coed ""everybody wants some"""	1
sharp pain on outside of knee when walking	2
site:rptools.net trace map	2
florida sunrise city	2
fallout van buren	2
voodoo damballah	2
belkin router port forwarding	2
veda scott photos	2
why does circumcision lower risk of hiv	2
discord	2
causes of abnormal lung ct scan	2
9,44901E+21	1
hack vga to composite	2
sam ash	2
rebirthro how to check pet status	2
firefox	2
unity scriptable objects	2
industrial pipe flange chart	2
realclear	2
how long will 2 grams of weed stay in my system	2
how long will 2 grams of weed stay in my system site:answers.yahoo.com	2
gorgoroth	2
the word alive	2
gaahl	2
is gaahl gay	2
ashley alban	2
discover pay bill	2
pokemon wiki- fighting type pokemon	2
nac lacrosse schedule	2
coupons for vistaprint	2
retake road test	2
powerball	2
www.coolviewshades.com	3
"walking the path of the gospel"	1
buxom coed "everybody wants some"	1
9449010200882999363053	1
james m. mcpherson states in crossroads of freedom the concise chronicle of america‚Äôs bloodiest day	2
„Ç∏„Éß„Ç∏„Éß„ÅÆÂç±Èô∫„Å™ÂÜíÈô∫„Äê„Éû„É™„Ç™rpg√ó„Ç∏„Éß„Ç∏„Éß„Äë	1
