12496035	1
12496716	1
is there a problem with xbox live	1
happy wheels	1
why won't windows 10 recognize my ipod	1
charlotte's web quote	1
evelyn sharp dc comics	1
bank of america	3
black@alolhna tube	1
paneer	1
john andre	1
seattle stranger	1
joe panarella loudoun	1
verizon wireless store	1
create your own football roster	1
mugen king sexy ko	1
ryona mugen raper	1
sexy ko mugen character	1
roper mugen	1
usajobs	1
site:articles.latimes.com selectv	1
"site:news.google.com/newspapers ""best weather of the year"""	1
vrillon of the ashtar galactic command	1
amazon	10
lans end	1
minecraft quarry mod	1
ns international	1
panka's rotisserie chicken	1
enrollment in catholic schools	1
firefox icons are missing	1
tum	1
vark questionnaire print	1
group team building activities	1
air filters 17 x 32 x 1	1
spcial made air filters 17 x 32 x 1	1
matlaboul chifai en francais pdf	1
online dj	1
harold the dog bunnicula	1
online house appraisal estimate	1
a software update is available. would you like to update your game	1
the hague adoption convention	1
catriona mcginn	1
how often can i safely drink yerba mate	1
wonders reading	1
was and were grammar worksheets	1
look at the table the production possibilities for tractors and crude oil	1
look at the figure the market for tea in sri lanka	1
the ability of a monopolist to raise the price of a product above the competitive level by reducing	1
smugmug	1
apple objectives	1
apple profit projections	1
united nations ending aids	1
grammarly	1
live to tell	1
classic rovers	1
sam raimi	1
sapiosexual.	1
play free minecrft	1
download minecraft	1
standard form 3112c	1
do i need a lawyer to help with federal disability retirement	1
free porn	1
zillow	1
2928 andrea avenue, parkville, md	1
hypotonia	1
drs foster and smith	1
transforming to a lean environment	1
making the punisher vest	1
amazon.net/coffee mugs	1
chinos	1
youtube to mp3	1
best undergraduate teaching liberal arts colleges	1
thigh tattoo cycling	1
dope movie	1
hotel in rwanda	1
eric wright	1
first risc microprocessor	1
heather kuhnke instagram	1
2014 annual report morgan stanley	1
annual report 2014 macy's	1
annual report 2014 american airlines	1
sonyrewards	1
t mobile	1
1990 jeep cherokee door sill protectors	1
crunchyroll	1
obama	1
lewes de beach rental by owners	1
justice league vs teen titans	1
mytu	1
el centro df	1
how do i change pointer on dvd wondershare creator	1
nike zoom fly 2 women's	1
9002 2904 blind spot camera	1
free a linked list c	1
vue coffee cups for sale	1
famiglia cognome reale	1
who has the highest gpa in northwest, germantown	1
college of southern maryland	1
why are most men car salesmen	1
congratulating baby cards	1
waldorf car centers	1
rain gutters	1
belkin 4-port hub f5u021	1
ebay	1
muslim caliphate	1
jetblue	1
top children's soccer leagues in north america	1
oldies 104.1 topeka	1
aquarium canopy site:youtube.com	1
ipod nano power button stuck in	1
ps4 of xbox1	1
honda extended top hats	1
extended ground control	1
cheap flights	1
priceline	1
frontier	1
how much yogart before taking clindamycin	1
can't connect to this network	1
crash movie	1
america america by saadi youssef analysis	1
concepts to review apes exam	1
el nino ap environmental science quizlet	1
syrian refugees	1
costa rica	1
quotes on being human	1
bad animated disney movies	1
howard county health assessment	1
who is in charge of waste disposal in howard county	1
air pollution in howard county	1
colleges in howard county	1
recreational activities in howard county	1
daycare howard county md	1
child care howard county md	1
nfo viewer free	1
myresidentnetwork	1
visitor control center national business parkway sentinel	1
51 cardinal	1
amtrak map	1
asta mddc	1
aeronautics dissertation ideas	1
finish line gift card	1
asap utilities	1
should i pay off my credit card in full	1
humane society	1
craigslist	11
advantages of self sourcing	1
how to check the transmission fluid in my ford freestyle	1
game of thrones season episode 2 watch online	1
boku no hero academia episode 5	1
magic flame	1
malia obama	2
northshore diapers	2
accuweather	2
how to uninstall webroot	2
rcp new polls	2
dp dough	2
ina 212a	2
breastfeeding and french culture	2
apa in text citation	2
12923 trumbull dr	2
l5r funeral	2
l5r dishonored samurai	2
advancement and related occupations chemical engineering	2
1712 kurz avenue	2
taxifarefinder	2
chance the rapper third mixtape covers	2
how many muslims live in the us	2
how many latinos live in the us	2
baltimore orioles	3
lotoja	2
bpa	2
2w03lclr site:.com	2
cannondale clear 28 oz site:.uk	2
advantage car rental	2
smartbody nutrition coupon	2
clif bloks variety pack	2
2w03l bpa	3
26 oz purist water bottles	2
baltimore soundstage	4
how to remove recommended articles on yahoo	2
claude shannon	2
sunless sea first upgrades	2
state employees credit union nc	2
penny hardaway basketball reference	2
injustice gods among us year 4	2
coolmath games	2
www.orientaltrading.com	2
wilmington nc beaches	2
vaccination schedule for children	2
amari grey	2
umd gis minor	2
s in z	2
battery usage calculator	2
myumbc	2
average new car price 2014	2
www.thepeoplehistory.com 2014	2
shadow mundus eso	2
poptropica wimpy boardwalk	2
chi square vs logistic regression	2
usamriid reputation	2
ralph lauren nightgowns	2
ralph lauren nightgowns long	2
cellucor	2
minecraft world edit mod 1.8.9	2
ubuntu mate on raspberry pi 3	2
raspberry pi power specs	2
prince death update	2
lexi alexander	2
no love lyrics	2
no love original	2
how to corrupt a word file	3
factory reset on 2nd gen kindle	2
do guinea pigs need a playpen	2
506 h street ne, washington dc 20002	2
icd 10 adhd	2
alima pure	2
minecraft forge 1.8.9	2
mo creatures 1.8.9	2
hiroshima bombing	2
terrorist attacks on the us	2
highlord wolnir	2
walgreens pharmacy products prices	2
survey instrument data collectors	2
castle season 3 episode 16	3
upright row	2
bryant-lake bowl & theater minneapolis, mn	2
restaurants near me	2
pioneer head unit for harley davidson	2
freecam	2
ecuatorial guinea	2
iris ace attorney	2
sonic battle action replay codes	2
net	2
carefirst	2
surfs umaryland	2
necessary clothing	2
new day usa girl commercial	2
hotel resume	3
how to implement an acl on a route statement	2
how to implement an acl on a vpn connection	2
ign	4
yahoo.com	2
nfl	2
is truecrypt the best encryption source there is for linux?	2
graybles 1000+ full episode	2
what you might see in george washington parkway	2
baby ariel's phone number	2
capital one	4
how to configure file sharing in windows server 2012	2
jc james darwon ave cleveland oh	2
hipster formal	2
buttsmithy	2
have personal picture mounted to a magazine cover	2
the greenbrier resort	2
imdb	4
best maryland home equity line of credit	2
sony xbr x900c review	2
beltronics promo code	2
review samsung un65js8500	2
salvage.com # 467817351	2
salvage.com 2007 toyota camry #467817351	2
traductor de google	2
gamecube emulator wii	2
dios mios	2
vcruntime140.dll missing	2
sky3ds	2
macy	2
asian pool boy willie fucks wife	2
hcc	2
the boss trailer	2
9a110702400	2
what can i hunt with my 10 gauge shotgun	2
beyonc?	1
top 10 podcasts of all time	2
disturbed band	2
pantera	2
pulse-chase experiment	2
carice van houten twitter	2
typing games	2
fly away chords	2
crispr critters	2
csx derailment map	2
no hay suficientes horas	2
el dardo en la palabra pdf	2
hormone imbalance weight gain	2
american patriotic songs free download	2
smartphone walpapers	2
font alverata for microsoft word	2
delinquent debtor obligations	2
voluntary liquidation process	2
voluntary liquidation of a llc in maryland	2
kayak	2
what to do with group member intentionally not doing anything	2
vendedor s?. ?qu? le puedo (1) (blank)	1
umes summer 1	2
lung cancer caused by smoking	2
tobacco causes depression	2
green poop	2
nexus phone	2
tendrils sons of an illustrious father lyrics	2
sons of an illustrious father bandcamp	2
automatically set the dns during kickstart installation	2
amiami	2
donatello san francisco address	2
under armour careers	2
movies clubs	2
fallout 4 mods	2
veremos a muchos turistas estadounidenses y extranjeros.	2
spain fascist	2
neville chamberlain speech september 27 1938	2
spotify download	2
steatocystoma multiplex	2
imdb'	2
wine in the woods	2
duplo 5645	2
vcc 003 muvi pro driver	2
how to cite a quote from a website	3
timehop then and now	2
young chow chinese monrovia md	2
kenpachi bankai	2
what to wear to a 90s party	2
facebook	19
ýíöèêëîïåäèÿ õîëîêîñòà íà òåððèòîðèè ñññð ñêà÷àòü	1
trig identities	2
google drive	2
tennis news	2
white house correspondents dinner 2016	4
white house correspondents dinner 2016 highlights	2
the night manager book	2
god gave them over to a debased mind	2
may day	2
what is the easiest way to install kodi on my sharp smart tv	2
walmart	2
history of cambodia	2
where does cambodia lies	2
nepali type converter to unicode	2
cambodia	2
contractors in baltimore-pfeiffer	2
transportation route baltimore food desert	2
baltimore city statistics	2
lion king musical tickets	2
battle.net launcher not opening	2
toukiden: kiwami vita	2
bed and breakfast harrisburg pa	2
core physical therapy exercises	2
acupuncture schools in africa	2
will bakign soda hurt your hair	2
how to wash back	2
google docs	2
cars	3
npr	2
how does a firm in a competitive market determine the price it charges and the quantity it? provides?	1
bratayley	2
felidae	2
when i was in the 3rd grade, they called me a criminal!	2
sadist	2
stardew valley day length	2
stardew valley spring crops	2
tammy slaton	2
water cooler haf xb evo	2
vst3 distortion plugins	2
rain wav	2
games workshop	2
carousel md	2
united states of america stereotypes	2
douchebag workout 3	2
advanced gwbasic	2
i'm gonna eat the whole cake and i'm not sharing	2
remote control helicopter with camera	2
star sprangled banner song	2
mva pratice test	2
binary translator	2
weird things to say to your friends	3
quisti	2
libveral ideology	2
current ideological makeup of the supreme court	2
shield laws ap gov	2
yellow pages	2
what size is the rear caliper bolt on a 2014 grand cherokee	2
icom 7300	2
grundy insurance	2
bible gateway	2
gettysburg burger dc	2
caci	2
lenovo ricoh card reader driver windows 7	2
orioles	3
the experimenter	2
uh-72a lakota v. uh-60	2
priyanka chopra	2
lordbalaji blog	2
american meteorological society membership 2006	2
unreal	2
youtube yrg workout	2
rainierland	2
nordstrom	2
prepping a house for sale	2
low bypass ratio required for supersonic speed	2
golovkin	2
news	2
chase credit card	2
youtube	13
humane society carroll county md	2
pennlive	5
how to install a cabinet lock	2
bunny tail grass	2
verizon fios bill pay	2
www.redtube.com	2
maryland chemical company	2
ms chemistry uva	2
sorry i ain't got no money, i'm not trying to be funny but i left it all at home today.	2
weedeater/tire	2
duckduckgo	2
servicio de movistar en usa	2
clinton transcripts on why he attacked iraq	2
reasons why iraq invaded kuwait	2
honeywell ha200	2
clinton was offered bin laden and refused	2
captain america civil war kickass	2
morningstar academy	2
krietler rollers vibration	2
frederick md volvo	2
world of tanks best tier 1 tank	2
indian music genres	2
raga rock	2
umizoomi	2
poe mokou's embrace build	2
poe cast on damage taken	2
association membership	2
les mills combat	2
aluminum french screened doors	2
green toothpaste consumer	2
plaque hd ingredients	1
eko atlantic city lagos pictures	2
cropland data layer	2
american legacies del mccoury	2
golf course water issue	2
kinder joy	2
kaiser permanente	2
zaitsev vs hofmann	2
ammonia	2
sarah acquino linkedin umd	2
mulebone	2
marcos pelaez university of texas facebook	2
lovers lab luxury edition skyrim	2
sos skyrim mod	2
alcoholics anonymous	2
convert youtube to mp3	2
stean	2
nekopara cannot load plugin	3
salliemae	2
xvideo	2
pocaxxx	2
wash dc weather	2
wheesung	2
virtual machine	2
cv-22 wiki	2
peace and conflict studies at joan krok institute	2
gp when to take doran's ring	2
kinectanimals	2
seagate	2
hp 7520 printer not responding	2
35943 zion church road frankford, de 19945	2
david ruffin	2
cliff hairstylist	2
amourjayda prom	2
voice of seren	2
runescape adventurers log	2
runescape combination potions worth it	2
food dresser	2
modular homes prices	2
netgear wnr3500 wireless-n router	2
what is the difference between a mastadon and a mammoth	2
orpic suspension	2
how do i conquer fear]	2
facebook en espa?ol	1
kazoo kid trap remix	2
dolphin adapter mac	2
maryland park and planing	2
under the care of a physician	1
waxed cotton rain hat	2
binocular cases	2
donald c casey	2
kv 107mm war thunder	2
hitman shoot down	2
expedia itinerary	2
vegan nfl lineman	2
league starting authentication process	2
quicksilver sash against malzahar	2
oven bags	2
daily fortune teller	2
why is my 98 chevy lumina getting hard to take out of park	3
lyrics to jeni	2
monopolies ap gov	2
social security ap gov	2
google spreadsheet	2
windows 10 start bar not working	2
yehhaimohabbatein	2
1040 instructions	2
ñìîòðåòü áåñïëàòíî äàâàé ïîæåíèìñÿ	1
aplus	2
science channel	2
the king in yellow epub	2
csgolounge	2
minitool partition magic bootable troubleshoot	2
partition magic bootable iso won't	2
tyler johnson	2
oct 2015 ebola in us	2
allied heating maryland	2
ipfilter for utorrent	2
next week on game of thrones	2
plague dogs	2
houses for rent in ghent va	2
aol mail	2
georges brassens	2
instituto medico plantese	2
broadstripe	4
hawaii university	2
have one to sell? sell now details about 2014 nissan pathfinder sl	2
social and connectedness of students in a good pe program	2
charles basch equity matters	2
activation code for ms professional accounting 2007	2
konosuba rule 34	2
nursery road season	2
forskolin	2
drake draft day	2
drake pop style jay z kanye	2
what do special educators need to succeed?	2
kael'thas build	2
5 paragraphs about how blacks were not actually free	3
omegle	4
como hacerse la paja	2
3 black dots	2
kfc fillup meal	2
michael hutchence brit awards 1996 oasis	2
how to throw a slider	2
infraction vs misdemeanor	2
wesley college	2
guild wars 2 level 80 boost	2
zt knives	2
cat sneezing	2
parkzone artizan	3
kat.cr	2
south river falls shenandoah national park va	2
to my daughter on her wedding day poem personalize gift	2
hackernews	2
lions soccer marland	2
icy pepsi cola video	2
800 admirals way	2
potomac overlook national harbor	2
800 admirals way oxon hilll md	2
carb compliant	2
scranton pa	2
scranton hotels	2
itt student portal	2
convert audio file to text	2
convert audio file to text free	2
cooking eye of round roast	2
custom form fields	2
infowars	2
susanna vanja	2
gila monster	2
zenpencils	2
i do apologize. i know i was a little late tonight. i was running on cpt. which stands for, “jokes that white people should not make	1
male vore	3
rico gathers	2
how to make a dresser into a vanity	2
parking at the national zoo	2
shoebill	2
when will i receive my tax refund	2
viceroy hotel san francisco	2
pom pom sandals	2
southwest	2
vice president of communications roper st. francis hospital	2
chincoteague rentals	2
msn	4
planetside 2	2
hbo go	3
the flash rupture	2
hp 61 ink prices	2
the man in the moon stayed up too late	2
is pork bad for your health	2
belldandy charismatic	2
i fail to see how you fail to see	2
8777 georgia ave	2
hawk games case clicker	2
nba streams reddit	2
pterodactylsftw	2
òåñòèðîâàíèå íà ïðîíèêíîâåíèå ñ ïîìîùüþ windows 10	1
metropolitan area netwrok	2
dhcp options list	2
ratchet & clank	2
cable percussion	2
drag coefficient	2
walmart late fee is 35.00?	2
zoosk	2
garden hose reviews	2
florida animal cruelty laws	2
dawn kinghorn address	2
online christian support chat	2
daniel henney	2
irish spring shampoo	2
six flags x flight	2
flail of carnage	2
800 tvl 960 h 3.6mm camera	2
directv® deportes	1
jackson 5 apollo bio	2
"chicagofloating shelf, 36"" black"	1
7 willow lake dr ny	2
autumn woods apartmentlist jessup	2
autumn woods floor plan jessup	1
autumn woods parking jessup	1
the groves at piney orchard	2
c++ template iso c++ forbids declaration of ‘sorted’ with no type	1
invalid use of template-name ‘sorted<t>::const_iterator’ without an argument list	1
nujabes shiki no uta mp3	2
election betting	2
538	2
typing club	2
8601 adelphi road	2
vwestlife	2
dbrand bottom skin xps 15 bamboo	2
carmen croft casting	2
beautiful arabian girls	2
busty nude belly	3
pregnantmilf tumblr	2
callie bundy bodies of work	2
shock mansion	2
samual wetherby	2
dolly buster nude	2
ashley graham nude	2
layla lynn	2
alicia douvall nude	2
mexicanlust	2
who unfollowed me twitter	2
why verify to watch abc	2
ebates	3
woman within coupons site:retailmenot.com	2
conservatism apush	2
md lottery	5
cumberland maryland city limits map	2
cumberland md-wv msa	2
how my writting has changed	2
audacity	2
are you ready carimi soundcloud	2
shop at home	2
homes for sale southern shores nc	2
2005 lexus 330	2
forge	2
are the gas giants less dense than the terrestrial	2
homes for sale	2
reid temple	2
shanghai vector	2
jet airways	2
keansburg nj	2
citation machine	2
buenos aires demographics 2016	2
is month of the year a dummy variable	2
pearson correlation	2
papa johns	4
dealing with trauma	2
report of the sage working group on vaccine hesitancy	2
report of the sage working group on vaccine hesitancy survey	2
even if there is a standardised, well published questionnaire instrument that says it's measuring what you want to measure - you will always need to test it with the population/age group/ethnic	2
pharmacists may receive compensation for administering a maximum of two vaccines during an mtm encounter.	2
pof login	2
wolfgang cutler oz wiki	2
umd calendar 2016	2
marian jones ratemy	2
honoka maki kiznaiver	2
gakusen toshi asterisk	2
lisa ann cumpilation	2
boyle	2
anders celsius	2
towson university	4
kp.org	2
ttlg	2
dolphin blog	2
smbc	2
balloon juice	2
jeeves and wooster public domain	2
qc	2
hipster disney princesses	2
ixquick	2
how to break layers in cricut	2
wine pro tours	2
hp 500-070	2
apple iphone 7	2
8736 stockwell road, parkville, md	2
how do you join another server on league of legends	2
what episode of bleach is 580	2
wisconsin butterfly	2
campaign ads	2
renewed tv shows	2
their eyes were watching god characters	2
voice in their eyes were watching god	2
andrew wyeth coats	2
mp4 download	2
gif maker	2
windows 7 enamble bluetooth support	2
emotional appeal advertising	2
harry and davids	2
google	7
why are there thousands of files in my documents	2
huang wei ting	2
baltimore polytechnic institute	2
1991 ford festiva weight	2
07 adidas superstar decade low money	2
house organic church 2016	2
batman returns his books to the library	2
netflix	6
ûòùè	1
train derail washington d.c.	2
amtrak status	2
alpha bandits	2
2017 civic 5 door us release	2
civic 2016	2
2016 civic problems	2
quinoa	2
two horned one	2
ccbc jobs	2
towson town center stores	2
pacsun	2
can i have a floaty on the beach	2
porn hub	2
avatar disney	2
"(intext:""value and cost of avast internet security"")"	1
"(intext:""check signal on hr20-700 dtv receiver"")"	1
"(intext:""sabrent ec-ueis7 drive holder reviews"")"	1
fox news	2
anna nishikinomiya hentai	2
net worth and middle class	2
eastern travel schedule	2
str8 to gay	2
how long does it take for claritin to work	3
flonase and breastfeeding	2
the 90s the last great decade	2
best fat sources	2
lords of pain	2
sami zayn	2
world title series	2
solomon crowe	2
how to find sex on craigslist	2
what is free for maryland teachers	2
farsi translator jobs world bank	2
who is that giel i see aladin	2
moving ahead for progress in the 21st century act	3
ilya ehrenburg	2
effects of sarin	2
favorite book nobody's heard of	2
third french republic	2
how to choose a wifi router	2
patmos sights	3
heraklion archaeological museum	2
stascia lynne: against all odds	2
203 melrose rd forest hill md redfin	2
godaddy	2
us consulate brazil ds160	2
2008 sentra cv axel	2
2008 nissan rogue cv axle bolt size	2
oregon state police department	2
elasticity conditions	2
h cup dota 2	2
evan golub	2
fafsa id	2
youtube lg 1.1 cu ft counter top combo microwave and baking oven (lcsp1110st)	2
gw housing exemption form	2
hit-a-way	2
pitbull	2
st pauli frauenfu?ball	1
sample lsat questions	2
c false in shell	2
verilog clock divider	2
ritsu yukko	2
ordersprocessor pastie	2
durability and maintenance of zebrawood	2
hand planed wood	2
what is the average price per square feet for galvanized steel sheet	2
keystone cougar	2
keystone cougar 28rls	2
st timothy school baltimore	2
powerball	4
2017 nissan leaf	2
tara babcock nude	2
hillary clinton white men	2
vegetables in 5 gallon buckets	2
lightroom adjustment brush not working	4
induced pluripotent stem cell lines jeff rothstein	2
pisces astrology today	2
nhe6 autism	2
cheaponair	2
ql associates ca	2
joey fisher towson	2
psn login activity	2
psn login location	2
dolfcu.org	2
www.dolfcu.org	2
www.navyfederal.org	2
viola ifeyinwa okolie	2
embroidery portraits coupon	2
xnxx	2
225 40 18	2
hassan v. uk	2
eugenie anne gifford courage to blaspheme	2
contact photos facebook android	2
home depot promo code	2
mediterranean food recipe	2
meadowvale elementary school.	2
spotify	2
silicon valley gives	2
silk painters international spin	2
cream of crab soup	2
best utility slots for rogues dragon age inquisition	2
magali fontaine, baltimore, md	2
comcast	2
playboy tv swing	2
redskins draft	2
clutch poppers	2
analysis of ravens draft	2
speedtest.atlanticbb.net	2
sanders vs clinton	2
how do i download photos from my droid maxx	2
smash palace	2
free hbo live stream online canada	2
queensryche guardian lyrics	2
card stores in my area	2
sears air hockey table	2
5000 central ave hot springs, ar 71913 redfin	2
continuum	2
best online phone retailer	2
how to write quotes within a story	2
erika jayne	2
erika jayne nude	2
backyard bird song abes books	2
soundcloud	2
???? ???? ??? ???????? ??? ?????	1
aljam3.mp4	1
??? ???? ?????? ?????? ?????? ???????? ?????? ???? ???? ??????? ?????? : ????? ????? ?????? ????? ??? ??????? ?? ?????	1
delmarva power	2
????	1
old saturday morning cartoon villains	2
thoreau train as a fresh wound	2
skype	2
prepare journal entries for the city of pudding’s governmental funds to record the following transactions, first for fund financial statements and then for government-wide financial statements.	1
the amazing spider man comic book value	2
reagan white male vote	2
maryland union organizing	2
sean taylor	2
nmls lookup	2
bent glass furniture	2
wiring diagram 2012 chevy sonic interior lights	2
aol login	2
butterfly kisses bob carlisle	2
mentalista s02e12	2
m1911	2
rhodes must fall	2
advanced radiology	2
bcps1 login	2
3.2.1 fluid power applications	2
the lion king 1.5 rotten tomatoes	2
when unhappy girlfriend leaves house signs she will return	2
produce 101 official website	2
mickey mouse clubhouse	2
rn classes baltimore	2
giuseppe moscati	2
bike rental arches national park	2
micro community concepts	2
ted cruz basketball ring	2
describing words like grand or royal	2
mobile fighter g gundam characters	2
alexandria, va	2
bbt exchange rate	2
which condition is the abnormal enlargement of a ureter?	2
the surgical removal of the stapes of the middle ear is a/an ____________________.	2
stubhub virginia beach	2
lyme disease and genome	2
bacterial cells	2
chameleon cold brew	2
nfl draftgrades	2
craigslist baltimore used vcr and dvd players	2
md homeowners assocation	2
bethesda now	2
university of delaware	2
hans mahrer md	2
harris teeter	4
expedia	2
major industries in illonois	2
cotw study guid e	2
underatle free	2
dog breed animal planet	2
m and t	2
wurm characteristics gain	2
vortex crossfire ii 2-7x32 review	2
obesity calculator	2
fashion games	2
porno	2
croup vs whooping cough	2
philadelphia tom hanks	2
what % correct on mcat	2
sotn map	2
sfbc	2
what can i do with extra leeks?	2
sodium hydroxide	2
potato and leek rosti	2
teacher appreciation week 2016 freebies	2
first time home buyer closing cost calculator	2
lenovo ideapad y700 review	2
how much do home inspectors make	2
company powering apple products	2
106 praise fm	2
ted baker london 'guri 7' wingtip	2
kenneth cole reaction lime-light cap toe oxford	2
song identifier lyrics	2
petfooddirect coupon	2
chewy coupon	2
good questions about the industrial revolution	2
hampton inn	2
shonta warren	2
downloading gishydro	3
wshh	2
how to cite a personal conversation in apa	2
soho nyc	2
ees vcl	2
pfsrd templates	2
good after school snacks	2
wood floors how to reduce noise in basement	2
herrschners catalog	2
herrschners	2
ro product model samsung tab	2
marketing plan examples in healthcare	2
pink panther pink hostage	2
wmacs	2
carroll county private rental properties	2
best foot	2
you	2
final fantasy 7	2
what are some ethical concerns of electronic medical records	2
what is hippa	2
big ten championships maryland	2
cam lever	2
semi circle prism	2
hurricane ike chambers county texas	2
kc public schools	2
karen blessing, kc public schools	2
lead based paint disclosure form md	2
shae got	2
mastering biology	2
watch sailor moon dubbed	3
rattle and hum winston salem nc	2
k-9059-bgd	2
k-9662 brushed gold	2
natural news	2
3800 reservoir rd nw	2
population over time wiki	2
advantest dmm	2
washington dc eagle cam	2
bauer financial	2
jewish jokes	2
metrology grade voltmeter	2
uncommon goods	2
ellen degeneres tickets	2
shaco jungle	2
watch x-men 2011 english dubbed	2
sigelei 150	2
hush movie	2
2012 accord coupe	2
2013 nissan altima coupe specs	2
maryland mva registration renweal	2
gbb pistol slide sticking	2
hematocrit and blood volume	2
inulin	2
what contribbutes to a plants mass	2
induvidualism ap gov	2
ap exam ap gov quizlet	2
cordify	2
target photo	2
troyboi	2
autocad 2007 crack	2
b and o museum	2
honda drain seal	2
104 5th ave nashville, tn 37219	2
bleacher report	2
disneyland	2
anno	2
bed bath and beyond	2
treatment for someone in a coma	2
kahla forbes	2
curse won't update	2
salvador allende 2004	2
sarah kipp renaissance day spa hunt valley md reviews	2
arpa-e summit	2
tg hypno captions	2
earn extra money from home	2
run 3	2
film manifestos and global cinema cultures	2
eastern motors	2
empire state building	2
nancy bohrer scrapbooking	2
four peoples organic restaurants	2
mercedes benz windshield wipers suddenly started without switch	2
does hagerstown md have bulk trash collection days	2
jogos para festa sem bebida	2
federal income tax brackets	2
battleborn vs overwatch	2
dbrand	2
michele ange salisbury md	2
titleformat	2
\ref linking a word latex	2
umd thesis mistake	2
cylburn mansion baltimore	2
allen edmonds resole	2
university of maryland percent maryland residents graduate students	4
atandt	2
tuvok	2
john oliver i have never sat in a premium seat	2
hidden eye app	2
fallout shelter legendary items exploring	2
scott sterling	2
cool shirts	2
free 3d interactive porn games	2
used short bed work truck side cargo box	2
piazza	2
premier bank card	2
malwarebytes	2
nested ordered list	2
football player smoking weed	2
baltimore sun	2
chopstixx	2
swg armor action protection	2
swg selling out	2
swg warcry stack	2
towson movie theather	2
monopoly bonus edition	2
under the table jobs	2
southwest check in	2
can you eat chicken after its expired if you cook it?	2
never ending rihanna lyrics	2
arts and crafts stores near biloxi	2
www.whirlpool.com/register	2
black walnut bed and breakfast inn	2
goucher college database	2
retro michael reaction	2
navy federal	2
women's cotton pajama sets	2
delaware tenisrecuitng	2
topcashback	2
music place stockholm radiohuset	2
iterate throught dictionary	2
mdlottery	2
gmail	7
standard process phospho liquid dosage	2
total wine	2
sharknado 4	2
school rack	2
pnc	2
shutterfly free shipping	2
dilbert	2
world war z movie	2
apple iphone 6s plus colors	2
iphone 7	2
the soulcutter wow	2
take a hint from goldman: squeeze more out of your cash	2
jobs and careers lipstick alley	2
fiverr	2
wentz	2
do women have to wear shawls in the bible	2
peraputic bed	2
jan michael vincent	2
allan miller	2
a.c. weary	2
cnd retention+ powder	2
antietam recreation summer camp	2
naturalist summer fountaindale	2
non stick pans health	2
multi game tables for kids	2
5ft 2 in 1 pool and air hockey table	2
1and3/4 poolball	2
airhockeypuckcatches	2
las vegas to grand canyon tours	2
real property search md	2
ftd flowers	2
ruben amaro jr	2
nas nick cannon	2
mystarplanet	2
free text to speech program	2
star wars: knights of the old republic droid	2
brother mfc j450dw double sided	2
kevin smith imdb	2
dc legends of tomorrow episode list	2
carpet grip tape	2
phillynes	2
deji olatunji	2
slow cooker pork bbq	2
1:600 mscale models ocean liners	2
otterbox s7	2
raspberry pi 3 facial recognition	2
george rr martin winds of winter update	2
patrick rothfuss book 3	2
spongenob squarenuts	2
carroll hospital center	2
delacey skinner	2
all pro cotton fx women's cottonfx	2
animated dragon wings	2
janet evanovich goldberg books	2
pet stores near me that sell reptiles	2
petsmart	2
jojo part 4 opening	2
jojo battle tendency episode 1 kissanime	2
d&d critical hits fumble chart d20	2
trees clip art	2
dl victor ochi	2
ftc v wyndham 2015	2
chicago citation crs report	2
dvx file	2
falafel recipe	2
police charged for constitutional violation	2
car rental detroit airport	2
sonics wide open mouth cartoon	2
middle class in china	2
simple programming language in java	2
how to find p value from t	2
what is correlation coefficient	2
keep or drop the 0.05 p value	2
h&m	2
nfl draft 2016	2
st peter's school waldorf maryland	2
alo novine najnovije vesti dana	2
juniper credit card	2
discord	2
daisy chain power strips	2
why does jason kill	2
civil war infantry buttons	2
16mm federal infantry button	2
michael's craft	2
amazon instant video	2
make your own metal lathe	2
gingery lathe pdf	2
starbucks poster	2
garibaldis	2
9th street and rhode island avenue	2
diablo 3 do seasonal characters get deleted	2
susan stark facebook	2
susan labrin stark facebook	2
xhamster	2
dear eleanor	2
japanes anal videos	2
towson wealth management	2
solitaire	2
caribbean islands	2
stairwell pressurization calculation	2
anderson 300 series windows	2
west bank	2
???	1
monarch butterfly	2
where is zoom to window in autocad 2017	2
download file for java windows 7 32 bit	2
130 greenmeadowdr	2
fallout nexus	2
lexulous	2
david dyer author	2
speestest.net	2
adaptador de red dual band	2
belice	2
frostburg lacrosse	2
a chemical sanitizing solution effectiveness depends on the	2
how many ingredients must a food contain for it to require labeling	2
roc curve	2
can you bring handbags to herculaneum	2
gettv	2
ir spectra peaks chart	2
suburbs	2
lionel lionchief release dates	2
301-600-2325	2
health administration entry level jobs	2
kenworth k200 skins	3
tv install service cost	2
samsung un60ju7100 60-inch 4k ultra hd smart led tv	2
best tasting non alcoholic beer 2015	2
which is the best tasting non alcoholic beer 2015	3
liquor store in annapolis towne center	2
was matisse jewish	2
cnn news	2
craigslist baltimore	2
milf party tumblr	2
how many atoms fit in the sun	2
etsu	2
marc anthony instantly thick cream	2
winzip free	2
citrix receiver	2
reverse always open with windows	2
encyclopedia britannica	2
slitherio	4
bj wholesale	2
sims resource	2
dawn is 5 months pregnant. at this stage, her developing child is referred to as a/an .	2
8 mm to cd conversion frederick md	2
m1 money supply	2
dragon ball super episode 41	2
mapquest classic	2
butt hole surfers	2
how many cars in gta iv	2
gcne3md4gatf	2
what is algebra 1	2
acer nt.l0qaa.010 tablet computer	2
ipad air 2 specs	2
multi-angle display functionality	2
operations phase of sdlc	2
2x2mimo	3
standards for creating implementaion roadmap	2
pixel c review	2
us toilet paper market growth rate	2
barack obama twitter	2
marvi drama	2
free porn video	2
www.facebook.com	2
blackwater canyon	2
hippodrome baltimore subscription	2
epl live scores	2
these parents built a harry potter-themed nursery that's absolutely magical	2
fidelity net benefits	2
backpages annapolis	2
deformed bcc	2
white girls who suck cock	2
xbox one controller	2
best natural home remedies lowering high blood pressure	2
howto make beet juice for high blood pressure	2
steven daniels	2
josh doctson team captan	2
mat ioandis mayock	2
citizens united	2
mazda	2
healer lyrics	2
bucilla	2
family meal hagerstown	2
northwest angle	2
fine art hagerstown md	2
seedy types star wars	2
dad has sex with daughter tied up	2
wife's hairy pussy tumblr	2
my little paige tube	2
matt kwiatkowski dumbarton middle school	2
lebron james vs hawks	2
chihuahua terrier mix personality	2
most information systems rely on computers and communications networks to store, process, and transmit information with far more efficiency than would be possible with manual systems.	2
cute dead guys	2
melanie martinez parents	2
porque le dicen lady 100 pesos	2
the fanciful fox	2
galaxy s4 stock recovery	2
turn on data from lock screen	2
galaxy s4 turn on wifi on lock screen	2
maryland case search	2
lace front human hair wigs	2
walgreens photo	2
blog newsletter	2
therapeutic gardens design for healing spaces	2
affliliate link amazon	2
drake redemption lyrics	2
trello.xom	2
headboards for queen beds ikea	2
gooch	2
aol	2
advance business sytems	2
travel abroad scholarships	2
community water management	2
best battery powered leaf blower	2
signs of a stroke in women	2
medstar health bel air md	2
fitbit	2
chicken farm md	2
honeywell total connect 2.0	2
home depot	3
el monte rv rentals	2
silicon valley recap	2
breville coupon code discount	2
bdsm	4
android 4.0.4 firmware download	2
auto repair receipt	2
toys r us	2
grimoire of the rift	2
bono peltier song	2
lele pons	2
super soaker acoustic chords	2
hentaistream	2
card suits	2
deer park water nestle	2
pop funko raphael	2
david tennant and ewan mcgregor	2
godspell boonsboro	2
frederick towne center	2
jobs boonsboro md	2
perry mason knows rod serling	2
erin fleming	2
me tv schedule	2
11 year old girl kissing youtube	2
mother french kissing baby youtube	2
you bet your life wikipedia	2
salisbury maryland news blog	2
bangalore naatkal	2
what time is the washington national game friday night	2
large stainless steel sinks	2
mcps ghs	2
chali 2na manphibian music production	2
"chali 2na ""vitamin d"""	1
de la soul for your pain and suffering production	2
starting salary dcps	2
tamriel online server port	2
firefox for windows vista 32 bit download	2
target	2
long and foster	2
pornhu	2
ihop near me	4
dark souls 2 areas	2
seanbaby video game humor	2
6.0l removing upper shroud	2
google in products sold	2
lauren graham family	2
eros	2
private small tours toronto	2
friv	2
sling tv	3
9gag how every support feels	2
sprout	2
pbs kids	3
enchantment: bloodrazor	2
poppyseed bread	2
angle bisector theorem	2
desert pearl inn	2
craigslist dc	2
federal form sf 255 mdta	2
national harbor	2
yellow fin	2
gm	2
emily tipton towson	2
best g2a games to	2
petco online promo code	2
alaskan airlines	2
addiction center south bend in	2
stockpile	2
heart and toenails	2
forklift jobs washington dc	2
sheppard software	2
balance sheet model in english and spanish	2
hp instant ink login	2
bethel church redding	2
giant food salisbury, md	2
how to remove stickers from golf shafts	2
recipes using mahatma yellow rice and turkey sausage	2
somebody once destroyed me tumblr	2
stream machine	2
roasted brussel sprouts grapes	2
asus keyboard not working	2
moscow art theatre costumes	2
sexual child abuse articles	2
public execution in 1833	2
lethal injection	2
harbor freight	2
maryland department of budget and management	2
virginia department of health	2
dr miami	2
monocytes definition	2
relationship between a cancer and a virus	3
porsha williams net worth 2016	2
mapquest	5
da portfolio	2
sell photoshop resources online	2
voltswagon in violation to clean air act	2
umbc dining	2
future march madness lyrics	2
hobbes 4 laws of nature	2
sanders for president	2
fred price	2
the nernst equation to calculate the non-standard cell potential	2
bismuth-210	2
how to reroll the second stat on an item trove	2
laravel sanitize html	2
youtube hugh laurie inside the actors studio	2
craigslist eastern shore	2
taco bell menu	2
wbal	2
league of legends server status	2
hunan legend dorsey search	2
capitals message boards	2
sigma gamma tau initiation test	2
copulate meaning	2
skyrim console command solitude	2
legacy of the dragon born	2
tocatta or elisif	2
skyrim mods face helmet	2
recorder follower	2
compare mercedes slk-320 to sl-500	2
latin fashion week news	4
ola latin fashion week	2
latin opinion	2
captain america civil war spoilers	2
rob reiner	2
grammar check	2
evolve wrestling	2
bush's vegetarian beans clone	2
over the rainbow ukulele chords	2
tongue bifurcation	2
maryland tongue bifurication	2
grand national steeplechase md	2
cal ripken divorce	2
mo alexander and ryan van genderen	2
ryanvangenderen you tube	2
tractor supply hours	2
ruler	2
ace hardware	2
hope for the separated free download	2
animal services and adoption center	2
netflix set streaming box	2
devinder k gupta dds	2
verizon wireless	2
studebaker submetering	2
barcs	2
utube	2
professional mini golf	2
quello che le donne non dicono testo	2
counter height table	2
kodi select audio stream	2
rags to riches dark souls 3	2
best chili recipe	2
donald trump children	2
nuclear fusion department of energy	2
cool ppt templates	2
diii-d	2
wolf trap facebook	2
butch trucks and the freight train band	2
thievery corporation	2
periphery	2
squirrel nut zippers	2
marlo furniture	2
weather	2
sword coast legends evermoors	2
black panther	2
baltimore city tax lien houses listings	2
barnes and noble	2
best portable coolers	2
dragons coloring book	2
iron pigs	2
? e i a ? ?	1
population of norway	2
m10 washer	2
replace nylon ball exercise cable	2
ipod touch 3 vs 4	2
a clockwork orange script pdf	2
despues de subjuntivo	2
best rpg browser	2
“pi-par tofu”	1
venezuela line	2
venezuela lines and violence	2
nominalistic definition	2
putlocker is	2
winmax brake pads	2
bmw usa	2
readings on east of eden	2
literary companion series	2
bildungsroman	2
ap literature bildungsroman essay	2
java runtime environment	2
cut pokemon oras	2
mahle race cast pistons duramax	2
danville s483 compound hp	2
high nt normal baby	3
anti bullying program	2
tango studio severna park	2
powerpoint when resizing slides alignment is changed	2
how to interpret western blots	2
are ecigs banned airline carry on	2
tekeste getnet ategebe neh	2
verbal commits	2
josiah moore tennessee tech twitter	2
naz long	3
hallice cooke	2
josiah moore guard	2
kumari 21f movie full	2
what does happiness mean	2
harley quinn and poison ivy	2
trade in iphone 5s	2
judy nude	2
what was eighteenth century flutes made of	2
liveliness	2
vibrato in 18th century flute music	2
"frederick neumann, ""interpretation problems of ornament symbols and two recent case histories: hans klotz on bach, faye fergusonon mozart,"" performance practice review: vol. 1: no. 1, article 7. (1988) doi: 10.5642/perfpr.198801.01.7"	1
roland jackson, performance practice: a dictionary guide for musicians (routhledge, 2013)	2
chicken thighs baked	2
priest standard deck	2
earning distribution right skewed	2
average nba salary	3
why are there large differences in compensation of basketball players	2
average revenue of a basketball team	2
why is unemployment in europe high	2
french gdp growth	2
why is unemployment in france high	2
chicago citing report	2
health insurance issues for hispanics in america	2
ethical consumerism report us	2
companies that pay for employees to bike to work	2
federal stimulus bike to work	2
ubuntu fresh install from terminal	2
watch movies online free	2
furman laxpower	2
kindle	2
taking a screenshot on windows in league	3
moonshadow euonymous	3
bad lipreading trump	2
hunan legend	2
dehydration in fifteen month old	2
series calculator	2
geometric series calculator	2
hellcat combat f131	2
can't log in to centos	2
acp high value care definition care that	2
high value care definition	2
vzw.com	2
cure found pancreatic cancer	2
1952 europinos gold	3
samsung galaxy note edge	2
soft foam tip arrow	2
friv .com	2
collarspace	2
camerons seafood	2
inboxyahoo	2
light therapy for depression	4
flurry of blows dnd 5e	2
futa hentai	2
camden yards mass transit	2
garmin approach handheld golf gps	2
panasonic telephone systems manuals tg4741	2
english american westminster md	2
georges de paris	2
parasitic spring plants	2
romance languages band	2
jamie clayton	2
sunedison news	2
the mountain game of thrones	2
recipe 3 bananas applesauce cinnamon almond milk raisins vanilla soda	2
hidden lane landfill cell tower	2
affidavit of support for non-immigrants i-134	2
body smith gym 1630 14th st nw	2
rise of the tomb raider run through	2
bon ton credit card	2
kodi	2
political spectrum quiz	2
nurofen	2
marshall class 5	2
frederick band the shades	2
crisp and juicy menu	2
rj45 wifi bridge wireless	2
balentine ipa	2
the voice season 3	2
the voice top 8 - hey brother	2
shakti sports pune	2
champions sports pune	2
genie screw drive coupler how to replace	2
pigeonholed to certain	1
yahoo mail	6
youtube rachmaninoff symphony no 2	2
general hospital spoilers	2
8tb hdd formatting to ext4, how long does writing superblocks and filesystem accounting information	2
hgst 8tb hdd	2
aniaml jam'	2
university of maryland off campus housing	2
shrub recipe	2
udfa tracker	2
north country library system catalog	2
filtter for the 746 pro	2
2n3055	2
103z capacitor	2
translate	2
plant tissue culture kit complete	2
ljubav navika panika	2
cockatiel bird tote bag for sale	2
houzz promo code 2016	2
ultralight beam	2
susquehanna university	2
aloha porn	2
the crucible	2
itunes download	2
nyt	2
prince	6
summoners war	2
ryzom private server	2
roll20 clear chat	2
centre hanover fire department, seagrave pumper	2
1240 am	2
adapter from one input plug to two inputs	4
unified theory	2
gelbooru ahri	2
buy buy baby	2
network drivers	2
install drivers on fresh windows	2
network drivers location windows 7	2
windows 7 network drivers	2
@system32\drivers\pci.sys,	2
vba get links from webpage	2
excel find last row	2
meyda tiffany wall sconce	2
el hombre que se convirtio en perro resumen	4
delta airlines	4
tabletop simulator too weak	2
tabletop simulator custom tile	2
evaluating trig values	2
imzy	2
hot wife rio	2
decorative barrels for rent in georgia	2
washington dc to singapore	2
how to stop using facebook	2
african american romance movies	3
2010 nfl draft	2
will davis stats	2
??? ?? ??	1
dell error code	2
cheap diy teardrop	2
educated guess wine basket	2
twitch with subtitles	2
interstate commerce clause ap gov	2
gotv examples ap gov	2
function of interest groups ap gov	2
midterm election ap gov	2
incumbency advantage ap gov	2
voter registration process ap gov	2
12th amendment ap gov	2
examples of standing committees ap gov	2
purpose of war powers act ap gov	2
appropriation ap gov	2
congress and pacs ap gov	2
framers intent for the president ap gov	2
rules and regulations ap gov	2
checks on bureaucracy ap gov	2
structure of the federal court system ap gov	2
nerdy posted notes	2
macy's	2
crofton restaurants	2
cool math	2
bruce jacob	2
atelier	2
porn story sucking uncut black cock	2
trek 700 multitrack	2
dominoes	2
the rosedale diet	2
intelligent investor summary	2
best waffle maker	2
hedge fund loophole	2
sherwood high school	2
kate spade dinner collection	2
kiefer sutherland	2
havre st pierre arctic hare	3
tra kyoto	2
kendall jenner	3
sebastien ramuscello houston 2016	2
jenner	2
misty morse murdered brent huck	2
glyceryl trinitrate ointment usa	2
dynel l.	4
spermastudio	2
i dony want to walk without you site:youtube.com	2
madonna miami nsfw	2
ironman inspire treadmill troubleshooting	2
mass effect kaidan romance	2
the witcher 2 gtx 980 1440p	2
true faced	2
marvel avengers alliance iso guide	2
bethesda theater next to mon ami gabi	2
my fly number login	2
uber	2
usps	2
pesto chicken	2
permettre	2
le r?le de l’?tat en question? vie publique	1
sears westminster	2
descendance	2
old testament type pointing to the new testament	2
scripture in the old testament regarding jesus being lifted up	2
what makes number 21:8-9 and john3:14 a type	2
biblical symbols	2
biblical types	2
after condemning the boys for their behavior,	2
populism	2
bomfunk mc's	2
savage thrift store	2
the spruce goose	2
science soldier	2
how to make plumbing pipe industrial furniture	2
powerball numbers	2
nursery	2
parthenium integrifolium	2
scutellaria maryland	2
jet ski	2
dickeys bbq	2
puzzle en ligne	2
game of thrones jon snow	2
dat boi	2
eco friendly sneakers	2
doctors that treat knee injuries	2
why linkedin is bad	2
pentatonic scales	2
the clash cifras	2
honeymoon phase	2
sheds md	2
daybreak	2
ny post	2
hbo free trial	2
dancel ymca after prom	2
roblox	6
usaid template	2
mmqb	2
uscg msap	2
arena draft guide	2
applebee's location	2
bo3 glitch double kills	2
wizard101 central	2
filthy frank	2
wizard101 highest damage boost	2
wizard101 sprite guardian	2
failure to protect pbs	2
original superman	2
kayak fishing gear list	2
what is the term when you go get family someone out of a cult	2
thought-reform techniques	2
hillary responding to bernie april 2016	2
paul craig roberts	2
2716 linwood ave parkville md	2
how to make it look like a shark bite on paper	2
ibw	2
queens college step test	2
monitoring and evaluation job description	2
the totality of materials ejected from a volcano	2
por favor	2
central booking	2
schools without computers	2
how many people from ages 12-18 in baltimore have a cell phone	2
work permit 16 year old maryland	2
lantana bloom time	2
gusieppes pizza kentlands	2
dominos	3
plygem	2
nashua nutrition coupon code 2016	2
how do western gallery owners define african art	2
gringos and mariachis bethesda	2
tiger concepts	2
scary maze game	2
5190935011pc	2
dictionary	2
garnett silk - mama africa hulkshare	2
weis	2
card shuffler sleeves	2
sol ring	2
taiwan	2
exchange rate supply and demand	2
how to appreciate the dollar	2
value of currency when exchanged with foreign currency	2
countries purchasing domestic currency	2
country's central bank purchases domestic currency	2
pnc bank	2
state department federal credit union	2
scarface the world is yours	2
4chan v	2
hotels downtown silver spring md	2
dc nursing license	2
note 6	2
2000 astro autolite spark plugs	2
ibestwin vs zerolemon	2
taurus horoscope for tomorrow	2
most strict christian denomination	2
minecraft shield recipe	2
us open tennis 2016	2
maryland higher education commission	2
four paws resue north east maryland	2
hbonow	2
9,2749E+21	1
poem analysis where are the waters of childhood	2
standard deviation calculator	2
free ap world history practice test online	2
ap world history full practice test	2
ap world history full length practice exam	2
get rid of desktop icon arrows	2
steak dauphinoise	2
grrm	2
taming of the shrew	2
myvidster handsfree top	2
mother's day 2016	2
craig campbell keep them kisses comin you tube	2
claire egan and eoin o’neill tour	1
gail h ferguson charlottesville	2
bayern munich	2
mealy and moore machine partition method	2
how to get text next to a picture in html	2
chevrolet	2
cadillac	2
taupe suit shirt color	2
nova smash	2
darksydephil masturbates on stream	2
tsa rules for liquids	2
history of bras	2
legendarylea flash	2
printable soduko	2
charitable contributions of real property	2
irs form 8283 instructions	2
www.mytekguy.net	2
vlookup excel	2
counta in excel	2
28mm myths and legends	2
2016 holidays	2
oak tree not leafing out	2
realtor	2
a/f-x	2
2015 cbr300r	2
temp monitor windows 10	2
4536 broad branch road, nw washington, dc 20008-1005	2
hood river, or	2
chakra umbigo hatha yoga asana	2
netflix show from big data	2
watson analytics interface	2
java relative path file not found	2
"wilhelm, t.h.e.; belderrain, t.r.; brown, s.n.; grubbs, r.h. “reactivity of ru(h)(h2)cl(pcy3)2 with propargyl and vinyl chlorides: new methodology to give metathesis-active ruthenium carbenes.” organometallics, 1997, 16, 3867-3869."	1
how to make a mine wurm unlimited	2
barbell squat world record	2
fiance visa	2
putting weed and feed on the lawn	2
minecraft	2
netflix the flash season 2	2
wot best tier 10 medium 2016	2
laturnjaw tv tropes	2
maryland state retirement	2
linq to sql projection	2
select many	2
linq lazy load	2
linq include	2
github pratical linq	2
how does order by 2 values	2
c# ?? operator	2
twins fucking	2
top consulting firms	2
tube8	2
robin dc comics	2
milanuncios	2
now it begins no now it ends	2
new evidence of light flash for conception video	2
cork wedge dress sandals - low heel	2
princess cruises	2
tuturu download	2
zillow 602 main street thurmont maryland	2
afdah	3
sams club	2
controlled access zones serve a dual purpose-they keep unauthorized individuals	2
howard university design major	2
puppies for sale	2
how to tell if it is possible to construct a triangle calculator	2
cover letter and resume	2
music box crossword clue	2
bath and body works coupons	2
diagnosis of hypertrophic cardiomyopathy	2
flogging molly whiskey on a sunday dvd	2
espn college lacrosse	2
uuzu	2
what is the difference between wave frequency and wave velocity?	2
a wave of amplitude 0.45 m interferes with a second wave of amplitude 0.35 m traveling in the same direction.	2
two adjacent natural frequencies of an organ pipe are found to be 630 hz and 675 hz.	2
speed test	2
update from dcu4 to dcu5	2
the art of rhetoric was born	2
broadcast spreadder	2
your lie in april	2
ryunoske stay dogs	2
conscious life expo	2
when your blood pressure is 176/90 and your pulse is 86 what does that mean	2
how much it costs to charge an electric car	2
barcelona vs real betis	2
movie maker wedding theme	2
galaxy s5	2
edible arrangements	4
jojo booty o's	2
describe a difficult problem and how you overcame it	2
dcuo why focus on precision	2
iot health care devices	2
concur	2
harveys mickey mouse pop art handbag	2
300 blk sammi drawing	2
pdhg step sizd	2
delaware coastal mls	2
perfect watches promo code	2
hollis queens	2
xvideos	2
blue buffalo life source bits	2
xxx	2
tb560hs/f7	2
bjorn	2
darrellgambler.com	2
google maps directions home	2
david miscavige got botox	2
wallet size picture	2
picassa	2
print 2 wallets on 4x6	2
important synonym	2
melatonin side effects	2
lengths of the sides of a triangle formula	2
rpg fan	2
teens die in car crash cumberland md	2
what to do about a flat tire	2
linkedin	2
allybank	2
speakers keep cutting out	2
story of the gray ghosts artifacts	2
how to copyright a poem	2
kegg metabolomics pathway associated with structur	2
wea	2
proper mailing address format	2
kenzo clothing	2
what is a us 9 in european sizes	2
vector aerospace	2
non cancerous dimples breast changes	2
non cancerous • change in the size or shape of the breast	1
add apps google chrome homepage	2
my way to click in windows explorer is stuck	2
nascar 2016 schedule	2
the conversation	2
prince george's county recycling	2
ledos	2
oversized recliners for sale	2
google translate	2
ann	2
miralago at parkland	2
reflux wedge pillow	2
kalam movie review behindwoods	2
naasongs a.aa nithiin	2
teluguwap	2
after effects video templates	3
a.aa songs online	2
a..aa nithin songs	2
captain america civil war online english	2
cinemark egyptian	2
white background for fake id	2
7zip	2
jennie smith-peers	2
underground wgn	2
how much is it to play at dave & buster's	2
first person to settle tumwater wa	2
nutrition 28 oz can crushed tomatoes shopwell	2
booeymonger	2
virtual dj 8 descargar	2
juegos para pc descargar	2
optumrx	2
2016 nfl draft grades	2
restart apache bitnami	2
happy birthday zumba	2
fn a5m xp	2
mercedes engines	2
kac 31296	2
tyr tactical	2
suppose a particle of ionizing radiation deposits 1.20 mev	2
high school gay kissing	2
1940 9th st. nw washington, dc	2
west side story movie	2
west side story baltimore	2
group of girls tumblr	2
zippo	2
major events in black history past 20 years	2
claude mckay anerica	2
i know why the caged bird sings summary	2
timothy hubert millersville md	2
larry wilmore	2
fastlane rolling stone	2
jazz night in america abc	2
www.y8y8	2
vox	2
neck decompression stretches physical therapy	2
cvs makeup	2
long vowels second grade worksheet	2
manchester united owners	2
e hentai\	2
movierulz.in	2
how does opening a franchise work	2
graphing calculator amazon	2
confidence interval calculator	2
tawnee stone	2
free black dating sites in usa	2
redskins draft picks 2016	2
local vet clinics	2
this tv	2
kmart	2
atlantic city casinos	2
glenn straub	2
what happened to the showboat in ac	2
singular they word of the year	2
miniclip	2
baby weight at 34 weeks	2
wow peaceful music	2
iwantclips	2
brat princess user pass	2
olenna tyrell	2
who killed jon arron	2
abs evening gowns at saks off fifth	2
nike online coupons 2016	2
fl 645	2
41 east hamburg street, baltimore, md	2
wentworth online free	2
why is between not on netflix	2
summer law school internship scholarships	2
nupar fosshotel iceland	2
linear space	2
mini games	2
ivy sherwood hd porn video	2
bitlord	2
social security benefits	2
fifa hump gif	2
radioactive by @kodasc	1
deaths related to flooding, india, reserach	2
john pike palette	2
rode nt2 vs neumann	2
peluso pk47	2
containment series	2
university of maryland charles regional medical center	2
panavia tornado	2
kety pearl drunk sex orgy: club cunts	2
kety xcalibur 2 watch	2
kety xcalibur 2 scene 7	2
tiffany holiday rough fuk	2
tiffany holiday hair pulling porn	2
camila - there's something about jack 38	2
young models 6 alexis dvd	2
sg4ge.com nick jacobs	2
sg4ge.com	2
bruno b reloaded: gaya patel	2
dylan ryder data 18 brazzers	2
desperate amateurs amber chase	2
hotwire coupons may 2016	2
alden apartments duluth	2
eu4 1.17	2
fenoxo	2
eye issues in seniors	2
trump store	2
church fire new york	2
how do you remove old caulk?	2
r meal prep	2
jared paul twitter	2
discovery education	2
how to watch free movies on pc	2
sky bahamas	2
testing digestive enzymes with fat oil and grease	2
hi lipase (120 lu)	2
when does a self-limiting population such as a population of large fish or mammals grow the fastest?	2
which of the following are examples of symbiosis? course hero	2
vitacost	2
arctic monkeys do i wanna know karaoke	2
free mahjong	2
jeep wrangler on board tire inflation	2
jeep wrangler on board air	2
lamotrigine can cause menstrual irregularities	2
how lighten dark brown hair	2
banana republic	2
buttermilk pancakes recipe	2
jewish music stream	2
v	2
make donald drumpf again hats	2
sora no otoshimono astrea	2
chronos	2
half up half down hair	2
sample general contractors pay application	2
evantubehd plays five nights at freddy's	2
zak deossie	2
hunter fan 21338	2
can a microsoft exchange server stop working	2
tcgplayer	2
victoria secret	2
smb hack alcatraz	2
sun surface temp	2
yellowstone caldera	2
ghetto gospel with elton john	2
anne arundel county oil disposal	2
indian sex tube	2
open table	2
how to walk sexy	2
obsidian	2
how is tablet size measured	2
ufc 181	2
big john mccarthy number of fights	2
bleed a critical attack darksouls 3	2
darksouls 3 betrayal ending	2
save forms	2
umd fc enrollment	2
triangle 9	2
newegg	2
how to write shop manuals	2
agar bots with mass	2
teri polo hair cut	2
drive	2
dark souls 3 miracle build	2
best weapons and armor for pyromancer dark souls 3	2
beef vegetable casserole recipe	2
evelynn build	2
acceder au mail archiver sur yahoo	2
black woman porn	2
b891-p32 sig p230	2
skype for desktop windows 10	2
deschutes brewery stock	2
tax value of postage stamp donation	2
"the time is now ""robert aisner"""	1
how well d you remember the show mash	2
articles of capitulation	2
1752 murder act	2
summoners war frigate	2
pinkerton national detective agency	2
new york times	2
yahoo	2
verizon email	2
326 st. francois st. florissant, mo	2
nanodroplet	2
politico results	2
szechuan delight fort washington	2
types of biases	2
quesh quests	2
custom ore gen	2
shilo wace	3
physician in greenville sc	2
"following restriction digestion, dna fragments produced by digestion with certain enzymes have ""sticky ends,"" while fragments produced by digestion using other enzymes have ""blunt ends."" distinguish the meaning of these two terms"	1
weatherbell	2
springfield ohio	2
kenneth dixon	2
patricia esparza	2
tavon young	2
nolan arenado	2
word counter	2
what led to the changes in europe after the year 1000	2
bgtutu	2
shared degrees synastry	2
qr code	2
qr code generator	2
ravens draft picks 2016	2
download sap	2
do people go to the maryland rennaisance festival without dressing in costume?	2
how much benadry for a dog	2
candy club reviews	2
laryngeal paralysis medication for dogs	2
the battle for heavy water 1948	2
grimm season 5 episode 20	2
what's with anime and little girls	2
baby scottish tam	2
best shows on netflix	2
vande mataram	2
blu cell phones	2
abcya	2
name card clipart	3
green tea weight loss	2
disatvantages of installing windows service pack 1	2
matza brei	2
backpage wiki	2
diagnostic criteria for ptsd	2
top healthcare integrators	2
hm health solutions, pittsburgh	2
army shooter nc	3
bullseye	2
gambusia control of mosquitoes	2
game of thrones time hbo	2
google flights	2
best day of the week to buy airline tickets	2
how long is a maryland learner's permit valid	2
monique alexander and kieran lee	2
authentic carnitas recipes	2
temporary walls construction decor	3
amc theater	2
1989 janet jackson hit	2
dg me	2
how do i make two captions on a photograph in movie maker	2
phobia synonyms	2
a mom catholic religious exemption	2
facts about white oaks	2
facts about maryland's state capital	2
levemir dosing	2
the division	2
united provinces	2
capital one venture card	2
mortgage moving for new job	2
how to make lan server unturned	2
purpleleaf sand cherry	2
is your brain more male or female	2
is pepper spray legal in md	2
mountain lion patapsco	2
in an inheritance relationship this is the general class	2
bso	2
stacy lane stoddard on myspace	2
why does my dog grunt	2
spanish prepositions	2
myclasses	2
google scholar	2
t5 pop top installers uk	2
how to remove dried latex paint from wood	2
straight talk	2
characteristics persuasive argument	2
minelink	2
gold's gym merrifield	2
borgia	2
how to cook rice on the stove top	2
tika evene	2
nascar rumble black screen	2
minecraft find button like pro xbox 360	2
huarascan north face	2
arkhale	2
umbc library serials	2
chantilly va	2
hbo now	2
overwatch game server connection failed... retrying	2
arma 3 mods	2
jamaican thot tubes	2
blair witch 2	2
colubia gas	2
hearthstone card art malorne	2
malorne	2
ghost game lol	2
billboard conference 2016	2
howard county planning and zoning	2
caballota en ingles	2
us air force officer uniform	2
mit certification	2
best way to kill stumps	2
article iii of the constitution	2
bissel carpet cleaner for portable machine 2x ultra pet stain & odor	2
witcher 3 expansion release date	2
solve 28-2/3x=46	2
low power tv stations washington dc	2
east midlands woods and forests	2
grubhub	2
google maps	2
booting windows 10 from usb	2
youtube repeat	2
paypal login	2
monsters ball sex scene	2
monsters ball sex scence	2
benjamin moore bel air md	2
cmp order timelines	2
odd: shot/ blondiewondie-201604204246574	2
we came we saw he died	2
microsoft word professional formatting services	2
the league bathroom toothbrush	2
people who effortlessly cook well	2
stubhub	2
neutral names	2
until dawn	2
tavon young nfl combine	2
when does the windows 10 offer expire	2
all in one laser printer	2
mfcl2700dw	2
poe final exam study guide	2
principles of engineering exam pltw	2
febreze air effects lavender vanilla & comfort	2
villas laguna samara	2
rugs at lowes	2
afi 36-2606	2
agua bendita maleza	5
german shepherd adoption	2
crematoria	2
where to whatch the daytime emmys online	2
battery for ge concord keypad	2
preamp for korg sv-1?	2
mcps staff	2
funky fluff made in	2
import wordpress blog to wordpress site	2
book roses svg	2
alienware	2
3d nmr	2
rioulu	2
mediatakeout	2
hubble space telescope	2
noxi's grill	2
space battle f-777	2
shuttefly	2
san francisco parking	2
scar tissue tabs	2
dark souls 3 best faith spells	2
12312 cliveden street, herndon, va	2
microblading	2
"outlook ""the information store could not be opened"""	1
liteblue	2
3ds emulator	2
install double din radio in 08 ridgeline	2
honda ridgeline hitch	2
kayak flights	2
henrietta lacks	2
wavelets introduction	2
contribution to variance	2
sample covariance matrix	2
kyrgyzstan	2
8105 chipping san antonio tx	2
layne schranz	2
consequences of bullying	2
adirondack ejuice	2
c# azure storage class	2
george hobbs sothebys	2
albumin in egg whites	2
ipl vs lipiflow	2
nicholas cage hair	2
wonkette	2
chegg	2
the saber authority	2
claude shannon las vegas	2
fox streamimg	2
vba set array in class	2
water standing in gutters	2
roblox skins	2
hobo woods	2
caroline county country club	3
minecraft server list	2
where are the last 2 infinity stones	2
create your own game	2
best bus	2
why do asshole sceibblers write such bs about trump and like slimy creepy cruz	2
gq and melania	3
big tits getting milked	2
black asses getting pounded	2
gay thug porn	2
orpik hit on mata	2
bootstrap float column right	2
blue line k9	2
video game release dates	2
vesti bg	2
gong bg	2
sportal bg	2
hbo.go/activate	2
boscov's	2
xfinity	2
how can it be lauren daigle	2
men with breast cancer	2
rick morty lil bits	2
plume terrorism	2
journeys coupon	2
a transverse harmonic wave travels on a rope according to the following expression:	2
steam	2
youtube hiku	2
roasted loin lamb chops	2
basha movie	2
removing latex paint from woodwork	2
puja alla	2
dark souls 3 dragon slayer armor	2
9gag	2
cantina mamma lucia coupon	2
best place to buy pokemon booster boxes	2
what is a marine biologist	2
some advantages and disadvantages of marine biology	2
70 ans du roi carl gustav	2
robinahoodina instagram	2
my verizon email	2
alien resurrection	2
ts azeneth sabrok	2
dual lens camcorder i4000 car dvr gps	2
how do you get free robux	2
does toys r us price match	2
victoria 2 crashes on certain date	2
could not invade failed to join session dark souls 3	2
sublease	2
healthy cheap cereal bar	2
i am bea i drink tea	2
league of legends tribunal	2
faction commands	2
health benefits of bananas	2
facebook login	2
asiri hospital sri lanka	2
hagerstown cc baseball	2
funkstown legion baseball	2
the area of the brain that processes visual, auditory, and touch stimuli and keeps us in a state of mental alertness is the	2
ver9	2
holiday inn	2
psu angel	2
chaturbate	2
i wish above all things that thou may prosper	2
ja rule - pain is love (2001)	2
celator definition	2
sinking a die	2
plural of coin flan	2
cedar point	2
history of the roman empire	2
do i double space my college essay	2
wtop weather	2
best airline to work for	2
fir plywood black desert	2
new girl nick and jess second kiss	2
lemming ball z	2
reddit ps4	2
reddit uncharted	2
youtube jontron	2
harley	2
hotmail log in	2
sony xperia z3 specifications	2
old woman eating cunt hd porn	2
nfl draft grades	2
wwe payback	2
epidermal growth factor receptor inhibitor scc	2
scc of the external auditory canal	2
tie rods 2006 f 150 wheel	2
recipe substitution for thyme	2
speed queen he detergent	2
nordstrom shoes	2
drive google	2
hypo volumetric shock	2
hypo volumetric shock tachycardia	2
vitamin e webmd	2
copper webmd	2
mexican jokes reddit	2
how to get serp helm osrs	2
japanese thistle care	2
globe thistle	2
how to put a png image in html	2
home depot kitchen cabinets	2
pornhub	2
tinnitus	2
enter and restore ginso tree	2
haley stardew valley	2
ally brooke	2
common clinical sequelae of aging	2
songwriting quotes	2
tin pan south 2016 3rd & lindsley	2
3rd & lindsley april 8	2
motorcycle license md	2
mva glen burnie	2
shenderovich	2
sjogren's syndrome	2
brain dead nursing intervention	2
albuquerque best mexican restaurants	2
nude of christy brinkley	2
craftsman lawn mower	2
total rewards	2
head rush band	2
raging bull	2
jury qualification questionaire download	2
celiac	2
skechers appeal align womens charcoal	2
best box cheese grater	2
grading 2016 nfl draft	2
eastern shore news	2
a distributed database is also known as a ____ database	2
microsoft outlook and quicken are examples of ____ dbmss that are used to store and manipulate personal data	2
thebluealliance	2
cw the flash	2
google do a barrel roll	2
shiki megumi age	2
lollipop chainsaw	2
the pastoral project enjo kosai	2
lolita culture and joshi kosei	2
bod pod	2
gluten free substitutions for rice	2
paleoporn	2
apartments near frostburg	2
picasso	2
pahl csa in maryland	2
does hot pepper burn fat	2
how can you be sure that the files you are downloading from p2p networks are not copyrighted and are safe from malware?	2
adidas vs nike	2
mothers day poem for wife greeting card	2
fancy characters text	2
what is the time period for filing a workers compensation claim in md	2
did plato discover platonic solids	2
discount electronics	2
b&h	2
real estate office assistant job description	2
hip hop dance classes for adults in baltimore	2
lynchburg lacrosse	2
pa state parks	2
staples	2
uattend unlimited plug 'n' play ethernet connection fingerprint wi-fi time clock	2
lirr	2
funny pictures of aragorn, legolas and gimli	2
how to communicate with people from india	2
how to cite apa	2
questioning in india culture	2
jay leno net worth	2
live free porn	2
banksy west bank art	2
barely legal banksy	2
cute animals with birthday sayings	2
southwest airlines	2
solitaire games	2
bmw m235i brakes	2
indian recipes	2
cherry hilson	2
how much does a human relations major make	2
what is citation number	2
how does business intelligence helps to make decisions for an organization	2
why is it important for any company to use crm strategies to manage customer information	2
uses of crm	2
how to cite lines of poetry in a essay mla	2
jill stein	2
watchseries.to	2
sanjii one piece	2
minecraft cracked survival servers wih no pvp	2
tyler1	2
personalized reversible jerseys	2
ponte fabric	2
tencel fabric	3
captain smith death	2
franklin shopper	2
electric cars worse for the environment	2
top movies	2
npr star wars radio drama	2
fluxx tabletop	2
children chained in yard	2
ocd uk	2
how to draw a tombstone	2
aspers, pa	2
scatinbrazil	2
does civic engagement resolve accountability dilemmas in local governance	1
fuzzy wuzzy angels	2
e3	2
d&d name generator	2
abc news washington dc	2
microsoft office 2010 free download	2
beyoncÃ©	1
vendedor sÃ­. Â¿quÃ© le puedo (1) (blank)	1
ÑÐ½Ñ†Ð¸ÐºÐ»Ð¾Ð¿ÐµÐ´Ð¸Ñ Ñ…Ð¾Ð»Ð¾ÐºÐ¾ÑÑ‚Ð° Ð½Ð° Ñ‚ÐµÑ€Ñ€Ð¸Ñ‚Ð¾Ñ€Ð¸Ð¸ ÑÑÑÑ€ ÑÐºÐ°Ñ‡Ð°Ñ‚ÑŒ	1
how does a firm in a competitive market determine the price it charges and the quantity itâ€‹ provides?	1
"plaque hd" ingredients	1
facebook en espaÃ±ol	1
"under the care of a physician"	1
ÑÐ¼Ð¾Ñ‚Ñ€ÐµÑ‚ÑŒ Ð±ÐµÑÐ¿Ð»Ð°Ñ‚Ð½Ð¾ Ð´Ð°Ð²Ð°Ð¹ Ð¿Ð¾Ð¶ÐµÐ½Ð¸Ð¼ÑÑ	1
"does civic engagement resolve accountability dilemmas in local governance"	1
i do apologize. i know i was a little late tonight. i was running on cpt. which stands for, â€œjokes that white people should not make	1
Ñ‚ÐµÑÑ‚Ð¸Ñ€Ð¾Ð²Ð°Ð½Ð¸Ðµ Ð½Ð° Ð¿Ñ€Ð¾Ð½Ð¸ÐºÐ½Ð¾Ð²ÐµÐ½Ð¸Ðµ Ñ Ð¿Ð¾Ð¼Ð¾Ñ‰ÑŒÑŽ windows 10	1
directvÂ® deportes	1
chicagofloating shelf, 36" black	1
"autumn woods" floor plan jessup	1
"autumn woods" parking jessup	1
c++ template iso c++ forbids declaration of â€sortedâ€™ with no type	1
invalid use of template-name â€sorted<t>::const_iteratorâ€™ without an argument list	1
Ñ‹Ñ‚Ñ‰Ð¸	1
(intext:"value and cost of avast internet security")	1
(intext:"check signal on hr20-700 dtv receiver")	1
(intext:"sabrent ec-ueis7 drive holder reviews")	1
st pauli frauenfuÃŸball	1
"Ø±Ø§Ø¨Ø· Ù…Ø¤Ù‚Øª Ø¹Ù„Ù‰ Ø§Ù„ÙŠÙˆØªÙŠÙˆØ¨ Ù‚Ø¨Ù„ Ø§Ù„Ø­Ø°Ù"	1
"aljam3.mp4"	1
Ø¨Ø³Ù… Ø§Ù„Ù„Ù‡ Ø§Ù„Ø±Ø­Ù…Ù† Ø§Ù„Ø±Ø­ÙŠÙ… Ø§Ù„Ù…ÙƒØªØ¨ Ø§Ù„Ø¥Ø¹Ù„Ø§Ù…ÙŠ Ù„ÙˆÙ„Ø§ÙŠØ© Ø¯Ø¬Ù„Ø© ÙŠÙ‚Ø¯Ù… Ø§Ù„Ø¥ØµØ¯Ø§Ø± Ø§Ù„Ù…Ø±Ø¦ÙŠ : Ø³ÙŠÙ‡Ø²Ù… Ø§Ù„Ø¬Ù…Ø¹ ÙˆÙŠÙˆÙ„ÙˆÙ† Ø§Ù„Ø¯Ø¨Ø± Ø³ÙŠØ± Ø§Ù„Ù…Ø¹Ø§Ø±Ùƒ ÙÙŠ Ù…Ø®Ù…ÙˆØ±	1
"Ø¨Ø³Ù… Ø§Ù„Ù„Ù‡ Ø§Ù„Ø±Ø­Ù…Ù† Ø§Ù„Ø±Ø­ÙŠÙ… Ø§Ù„Ù…ÙƒØªØ¨ Ø§Ù„Ø¥Ø¹Ù„Ø§Ù…ÙŠ Ù„ÙˆÙ„Ø§ÙŠØ© Ø¯Ø¬Ù„Ø© ÙŠÙ‚Ø¯Ù… Ø§Ù„Ø¥ØµØ¯Ø§Ø± Ø§Ù„Ù…Ø±Ø¦ÙŠ : Ø³ÙŠÙ‡Ø²Ù… Ø§Ù„Ø¬Ù…Ø¹ ÙˆÙŠÙˆÙ„ÙˆÙ† Ø§Ù„Ø¯Ø¨Ø± Ø³ÙŠØ± Ø§Ù„Ù…Ø¹Ø§Ø±Ùƒ ÙÙŠ Ù…Ø®Ù…ÙˆØ±"	1
è¾»å’Œé‡‘ç¶²	1
prepare journal entries for the city of puddingâ€™s governmental funds to record the following transactions, first for fund financial statements and then for government-wide financial statements.	1
ì´ë…ì‹¤	1
"chali 2na" "vitamin d"	1
Ã¦ e i a Ã¦ Ã¥	1
â€œpi-par tofuâ€	1
frederick neumann, "interpretation problems of ornament symbols and two recent case histories: hans klotz on bach, faye fergusonon mozart," performance practice review: vol. 1: no. 1, article 7. (1988) doi: 10.5642/perfpr.198801.01.7	1
"pigeonholed to certain"	1
ì›í”¼ìŠ¤ íŒŒí‹° ë²ˆì—­	1
le rÃ´le de lâ€™Ã©tat en question? vie publique	1
9274899997955832113110	1
claire egan and eoin oâ€™neill tour	1
wilhelm, t.h.e.; belderrain, t.r.; brown, s.n.; grubbs, r.h. â€œreactivity of ru(h)(h2)cl(pcy3)2 with propargyl and vinyl chlorides: new methodology to give metathesis-active ruthenium carbenes.â€ organometallics, 1997, 16, 3867-3869.	1
non cancerous â€¢ change in the size or shape of the breast	1
"radioactive" by @kodasc	1
"the time is now" "robert aisner"	1
following restriction digestion, dna fragments produced by digestion with certain enzymes have "sticky ends," while fragments produced by digestion using other enzymes have "blunt ends." distinguish the meaning of these two terms	1
outlook "the information store could not be opened"	1
