processo migratorio para o canada	1
top catchiest songs	1
nintendo	1
glass sword west plains	1
other side comic nio	1
youtube to mp3	3
hp deals	1
cub cadet joplin mo	1
if i should ahve a daughter subtitle ted talks	1
hastebin	1
what is rosemary used for in cooking	1
which of the following is one of the key pieces of u.s. legislation designed to discourage, if not prevent, illegal conduct within businesses?	1
policies that result when organizations are driven by events and/or a fear of future events are called _____.	1
thebeardbaron.com	1
drill size kobalt easy out	1
frequently asked questions page examples	1
house for sale in marshall junction missouri	1
cityview north kansas city	1
cold storage lofts	1
youtube	17
aysa cloudsinger	1
filter unique google sheets	1
keranique	1
zip code	1
trek road bike	1
yamaha hs50m studio monitors	1
bass pro	1
816-686-7892	1
real free phone number lookup	1
directplay	1
avis springfield mo	1
precision electric motor sales	1
mega test prep	1
jenny lind crib	1
bumblegrum	1
netflix	7
how do i restart my iphone 5	1
recept za kifle	1
barnes and noble	1
facebook	31
best realistic dildos	1
thesaurus	3
ridge at chestnut pay rent online	1
cellular shades	1
picture resize genius free	1
snapchat	1
how to get an id mo	1
josh hutcherson	1
branson mo. michael tomlinson profiles	1
branson mo. michael tomlinson google plus	1
starting an effective meeting	1
sporting goods stores in 63366	1
discount tires direct	1
new dark souls 3 glitch	1
dead or alive 5 last round not working	1
twitter	3
vampire diaries season 1 episodes	1
lambert airport arrivals	1
c# remove all double spaces	1
razor comment	1
minecraft command give item with 2 enchants	1
mn fishing opener	1
what to do on mothers day 2016 mn	1
white house correspondents dinner 2016	1
may day traditions	1
charleston pool bar	1
duplexes belview ave springfield mo	1
blueray releases	1
traditional indonesian dish	1
traditional singaporean non alcoholic drink	1
rust bgrade	1
list of all usergroups rust	1
judy cavander, st. james, mo	1
tinkers' work table	1
mankato mn shemale escorts profiles	1
proflowers	1
standing for hours hurts back	1
doge ascii	1
hungry african child	1
game of thrones season 6 episode 2 streaming free	1
robertson genealogy	1
franklin county va 1776	1
arnold mo nursery	1
mothercare	1
la mano de dios english subtitles	1
amor eterno juan gabriel song meaning	1
navient login	1
google maps	3
how to clean window screens	1
how to refresh pivot table excel 2013	1
louisiana	1
first community credit union	1
amazon store card	1
aero precision	1
technical emergency response training manual (tert)	1
rachel barton pine	1
live stream: donald trump rally in terre haute, in (5-1-16)	1
hillsong worship	1
guidelyne	1
zini optical	1
madura engine	1
1996 previa wiper arm	1
ocz vertex 2 clone software	1
best cloning software	1
not getting sound out of my pignose amp	1
what is the polarity of the pignose 7100	1
dallas cowboys draft 2016	1
st louis blues vs dallas stars live stream	1
who plays sister evangelina in call the midwife	1
hc 351 1. in an exchange of thoughts or ideas with another person, why is it often essential to be able to talk with the individual face-to-face?	1
rifle engraving kansas city	1
gunsmith kansas city	1
gun smith kansas city	1
how to grow psychedelic mushrooms	1
plinker tactical charging handle	1
wizard101 download size	1
the way back movie	1
dishnetwork programming	1
ç›¸æ¾¤ ã‚ªãƒ¼ãƒ«ãƒžã‚¤ãƒˆ	1
what is the center of florence italy	1
academy bank	1
at9 receiver wire colors	1
old shelbina cemetery list, shelbina, mo	1
ken griffey 2002 topps 103 ebay	1
ken griffey upper deck 168 ebay	1
voyuer style	1
northwest arkansas mall	1
1057 the point	2
women's health nurse practitioner jobs	2
battle box	2
zig zag illusion for sale	2
kansas city craigslist	2
garmin 2595 change voice	2
homicides 2016 how many in the united states	2
what can i install to protect my conputer from viruses	2
can clinton take our guns	3
why does the government want to take our guns away	2
government taking guns from veterans	2
create custom sage report 50	2
opengapps for s4	2
rom without cellular radio s4 sprint	2
metro appliances springfield mo	2
farmington high school missouri	2
fast car lyrics	2
brushy bill roberts	2
thredup	2
rooster teeth	2
biffoniacus	2
how to put in a french drain	2
lincoln's gettysburg	2
releasebb	2
brigands long rifle	2
nuts and bolts	2
java jdk	2
kees dieffenthaller	2
the mavericks	2
marlboro	2
?????	2
what happened in the bolshevik revolution and how did it influence world war 1	2
john pershing ww1 kansas city mo	2
visa colorado careers	2
ragnaros hero power	2
delegates left republican	2
jacksonville journal courier	2
lisa moore realtor	2
you tueb	2
kohls credit card	2
wayfair	2
sto specialization points	2
ehentai	2
jessica chastain	2
???? ?????????	1
video games new york	2
molottery.com winning numbers	2
the division reddit	2
ashley adams	2
kia dealership in springfield mo	2
trane draft inducer 7021-11306	2
utility companys burleson tx	2
att.com	2
precious cargo 2016 trailer	2
boone county bank	2
pnuts: yahoo!'s hosted data serving platform.	2
the story of my experiments with truth	2
cse 131	2
clayton high school website	2
sadiq khan	2
grubgo	2
watch series diners drive ins and dives	2
nepalese saag curry	2
stubhub blues	2
sewer key dark souls 3	2
statue of velka darksouls	2
gay sex farting	2
gay sex oiled up	2
virtual pet games	2
virtual home design	2
plenty of fish .com	2
scurvy spread	2
brookemarks dr brooke marks	2
asq project management maturity model	2
best facials in st louus	2
pandora	2
age child uses block rotation when throwing a ball	2
how much have i spent on league	2
jeep dealers jacksonville fl	2
dedee pfeiffer double exposure	2
dark souls 3 rubbish	2
6745 nw sioux dr	2
screen print windows 10	2
walt gilbert lakeway publishers	2
when is the show scream coming back on	2
generac 01974	2
craigslist indianapolis	2
download videos	2
pacsun	2
directv	2
dividing rain lilies	2
dog breeds	2
how many miles does a silverado gas tank last	2
springfield mo 2003 perillo	2
skay tv from greece	2
mad games tycoon walkthrough	2
gojet airlines	2
how did dodge the draft for vietnam	2
engaged bolt catch ar 15	2
2phast tactical	2
bagel song	2
slither.io	2
nyan cat	2
google maps directions	2
msnbc and white house corrspondence dinner	2
grey dining chairs	2
modeling auditions in st. louis mo	2
alms	2
the leader attributes that best describe how an individual	2
the key elements that will affect the climate assessment process include which of the following	2
anabolic steroids can be ingested in which of the following ways	2
there are 12 tables used to calculate the asset value determination	2
which guard is appropriate for persons of high military	2
greys anatomy season 12	2
michael ray courter	2
couchtuner	2
women pelvic thrusting on dick porn	2
best buy	2
how to break in mkx	3
where are vizeri flashlights made	2
amazing pictures for facebook	2
vantage point photography	2
batch file programming tutorial clickable menu	2
gas pain in neck and shoulder area	2
is author dusty rhodes still living	2
lettuce	2
erotic boxing match	3
bank of herrin fees	2
rise and fall of the roman empire	2
yoplait	2
yellow puss by fingernail	2
amy schumer	2
tier list maker	2
ma yourong	2
jennifer amton karupspc download	2
dl4click dream july	2
urlgalleries mariah	2
monroe wowgirls personal trainer	2
loving you	2
dave chappelle leaves tv show	2
arc-v episodes	2
u18chan delivery bears	2
mia khalifa	2
fiscal policy	2
how to invest in private tech startups	2
how to invest in snapchat	2
del taco	2
16 psychology test	2
i know that girl	2
what are the effects of living and studying internationally	2
boardgamegeek	2
character map	2
binary search worksheet	2
is fairy tail on a season break	2
myprepaidcenter.com	2
industrial dairies use what barns	2
square black 12x12 or 10x10 planter	2
bed bath and beyond	2
cnet free downloads windows 7	2
synonym for always	2
aesop	2
canon m250 won't print	2
canon m250 print not responding	3
big lake state park	2
southern makers 2016	2
boston tour t shirt	2
panera menu	2
riverside county ca property search	2
amazon	11
jonathan scott	2
game of thrones s06e02 torrent	2
dr who tardis coloring pages	2
american airlines	2
lockey gb2985-linx	2
applebees	2
kodak playsport	2
will anytune pro record live voice	2
guilty crown season 2	2
olivia hellige	2
babes in mini shorts bending over	2
yts down	2
bity mold supply coupon	2
how to desccribe your style	2
detroit tigers	2
google street view	2
rent houses kcmo	2
the judge gun	2
bass pro shops shotguns	2
how many shells can a shotgun hold legally in missouri	2
review of malm bed with storage	2
battle of the hemp bales	2
waynorth knives	2
moving companies	2
costco	2
sears	4
macc online login	2
if cows in a pasture are lying down, it’s going to rain	1
kingdom of jones	2
joan miro constellations series	2
diablo 3 season 6 achievements	2
why do cows lay down at the same time	2
how to grill tilapia	4
toro self propel cable replacement	2
good housekeeping	2
inhumanoids	2
cooper's hawk	2
arpeggio of blue steel reddit	2
cute chubby teen rough fucked	2
incest tv.com	2
when are next primaries	2
gasbuddy	2
small farm studio	2
redbox near me	2
consequences of fracking	2
wedding event insurance	2
religious abuse support group in st. louis	2
watch inside out online free	2
taranis rc radio	2
shrimp shell stock	2
komu weather	2
yellowstone backcountry	2
purple mountain trail yellowstone	2
prime95	2
phone plans at sprint	2
modest mother of bride dresses utah	2
kshe classics	2
hentai with loli	2
video of dogs fucking	2
crazy dog fucks curly blonde girl	2
witch hundred knight ruins	3
yellow finches and their sounds	2
ups tracking	2
rita wilson	2
bill hader as daniel plainview	2
craigslist missouri	4
microsoft office	2
cass county missouri	4
goedeker's	2
prince stories	2
lady stoneheart	2
charlie murphy true hollywood stories prince	2
gateway bible	2
chill house torrents 2016	2
minimal house music torrents	2
minimal house music torrents 2016	2
cnn delegate count	2
white haired uchiha	2
are balisongs legal in missouri	2
missouri knife laws	2
yahoo.com	2
diverticulitis and blueberries	2
i hatched a bird egg with a heating pad	2
southern co earnings report	2
tenneco earnings report	2
how to setup steam controller for fallout 4	2
apex temp service	2
hotels in hazelwood and florissant mo	2
mo sales tax due dates	2
monique marvez podcast	2
dailyshow	2
hyvee ad	2
jesse b semple	2
maisie williams sexy	2
by the year 2019, total expenditures for health care in the u.s. are expected to exceed what figure?	2
fairytale fantasy little red riding hood	2
random skype	2
twitter raihnbowkidz	2
hot wheels 50th anniversary	2
"a nurse working in a detoxification unit is admitting a client for alcohol withdrawal. the client's spouse states, ""i don't know why i don't get out of this rotten situation."" which is the therapeutic response by the nurse?"	1
a nurse is planning to instruct the hispanic-american client about nutrition and dietary restrictions. when developing the plan for the instructions, the nurse should include which information for this ethnic group?	2
a client with guillain-barr? syndrome has ascending paralysis and is intubated and receiving mechanical ventilation. which strategy should the nurse incorporate in the plan of care to help the client cope with this illness?	1
the nurse is caring for a client with a diagnosis of agoraphobia. when communicating with the client about the disorder, the nurse should expect the client to describe which behavior?	2
the nurse is assessing the learning readiness of a client newly diagnosed with diabetes mellitus. which behavior indicates to the nurse that the client is not ready to learn?	2
the nurse is caring for a client in the transition phase of the first stage of labor. the client is experiencing uterine contractions every 2 minutes and she cries out in pain with each contraction. what is the nurse's best interpretation of this client's behavior?	2
a homeless shelter has sustained severe damage as a result of a fire, and most of the structure and people's belongings were destroyed. ten of the individuals who are being displaced have a history of chronic mental illness. the mental health team coordinating support	2
the community health nurse is working with disaster relief personnel after a hurricane that ruined many homes in the local community. the nurse is working to find housing for the survivors and is organizing counseling services. which prevention level does the nurse's actions represent?	2
when caring for a client with an internal radiation implant, the nurse should observe which principles?	2
adobe acrobat	2
matrix solution calculator	2
ebay login	2
so sad today	2
is michelle a man or woman	2
red panda	2
itunes	7
i'm gonna make this place your home	2
child abuse neglect	2
xfinity cable box setup	2
does cisco 5540 support bgp	2
facebook login	5
green shoe clause	2
desert wallpaper	2
advocare weight loss plan	2
mid size trucks	2
smith and wesson revolver model list	2
how to exit out of enhanced character edit skyrim	2
primer filler at autozone	2
is jhin gay league of legends	2
predator	2
white slavery today	2
europe view on trump	2
what is the largest breeds of dogs	2
smallest dog breed	2
bomba	2
requinto vs guitar	2
i49 fun center	2
pizza hut	5
fnaf5	2
loryn dungca	2
rolla mo to drury university	2
dewalt cordless belt sander	2
myatt	2
harley davidson new sport bike	2
kuia18nnjs7 kitchen aid	2
hozier tour	2
may calendar 2016	2
ot today free ceu	2
mapquest	4
factorio auto launch rockets	3
us auto factory and assan motor	2
problems caused in the gung ho movie	2
perennial flower identification	2
kansas city virago	2
what color eyes did julius bond	2
what color eyes did julian bond have	2
does male masturbation feel like girl masturbation	2
pullip	2
skyrim bleak falls sanctum	2
brett hagen facebook	2
why did danny ceraphine leave chicago band	2
how do i add a mp3 to my nite flirt mail	2
joanne pemberton longman sound of music what is the value	2
lindenwood lionmail	2
why to write statement of purpose	2
blue footed booby bird changes over the years	2
benito cereno analysis	2
www.starwarsleggogames.com	2
southeast mo. humane society/cape girardeau,mo.63701	2
ovarian cycle	2
job description director	2
job description social science teacher	2
intertrigo over the counter treatment	2
hotmail	2
how many license plates can be made with 3 letters followed by 3 digits	2
gta 5 scope assault rifle	2
example of a legal case brief	2
bird chirps are fuck calls	2
college girls group bikini beach pics	2
ds4 windows	2
hector cremation iliad	2
how to operate ego-t e cig	2
railroad factorio	2
reddit factorio	2
cigna health plans	2
local suboxone clinics	2
laura ingalls wilder facebook	2
hobie pro angler 14	2
hug	2
cuddle	2
ao3	2
"error in .jcall(""rjavatools"", ""ljava/lang/object;"", ""invokemethod"", cl, : java.util.zip.zipexception: invalid code -- missing end-of-block"	1
pineapple cucumber juice recipe	2
pineapple cucumber juice	2
where is the architect table in garrison	2
curse addon messageboard	2
blackdesert online	2
state farm insurance agents	2
naturvet quiet moments	2
honda navigation system	2
impractical jokers wiki	2
pottery barn chesterfield tables	2
midrange shaman standard	2
reno jackson shaman standard	2
small cabin with loft 400 square foot kit	2
ideal weight for a 5'7 14 year old girl	2
misao jo saori	2
baha'i ridvan	2
st john's lutheran school arnold	2
1le forum	2
goodwill kansas city	2
short-term bond yields are generally less volatile	2
mill's utilitarianism summary	2
skyrim immersive mods	2
better argonians	2
infiniti q50 eau rouge canceled	2
cranking circuit volt drop specs	2
???? haruka	1
windows movie maker	2
firmoo	2
garlic lemon marinade for squers	2
textbook rental	2
le roux addicted	2
le roux let me be your fantasy	2
ken hitchcock	2
case net	4
i bid thee adieu!	2
6400 martin ave, kansas city, mo 64120	2
mediacom	2
iphone 5s specs	2
ipad air 2 walmart	2
lamec clothing	2
why cant i find the move tool in adobe audition	2
green woodland path background	2
spring weewoo garland	2
spyder web tights with shoes neopets	2
4 letter words with j	2
mom fucking	2
tapioca receta	2
puerto rico	2
grass sprouts	2
captain america civil war	2
trove	2
herbert hoover	2
life during the great depression	2
how unemployment affected the great depression	2
diamond rank restrictions league of legends	2
which of the following are situations may lead to a runaway reaction in a btach reaction system involving a catalyzed exothermic chemical reaction	2
nfpa 499	2
home depot	6
www.rrb.gov	2
wildfly restrict access by ip address	2
yoga wordpress theme free	2
free customizable wordpress themes	2
free customizable wordpress themes 2016	2
install bootstrap wordpress	2
sparkling social widget	2
hbo go trial	2
hamachi mincraft	2
blink 182	2
song from deadpool on the bridge	2
projedct ara	2
apple watch 2	2
google docs	5
macrocycle synthesis: a practical approach.	2
ksdk weather	2
why cant i phone in cars in saints row 4	2
what happens if you system update rooted android phone	2
no role modelz lyrics	2
terraria summoning potion	2
creek and stream fishing season in missouri	2
rwby	2
when can house plants be put outside?	2
how long is an okapi tongue	2
sealed terrarium diy	2
danger of msg	2
making of secrets of jonathan sperry movie	2
jewish community center kansas city	2
14.4264 driver intel	2
intel xx.xx 14.4264	2
6x6 post caps	2
menards	2
2015 hyundai accent spare tire kit	2
hyundai accent donut size	2
gdi engine	2
gdi engine problems	2
weather channel	2
how to run a pinewood derby	2
coolmath	2
highway patrol mo	2
google news	4
white house correspondents dinner tickets price	2
rose black and white outline	2
energy efficient framing	2
the men who translated the king james bible were calvinists	2
what year was wwe started	2
royal rumble 1998 vader vs goldust	2
reverse image search	2
was osama bin laden killed may 1st or may 2nd	2
velociraptor	2
pterodactyl pick up a human?	2
how to set up a two factor authentication for runescape	2
christina ricci nude	2
green party	2
overwatch	2
blair castle 2017 pdf	2
ace westlake hardware locator	2
side by side nvidia 3d vision	2
beer synonyms	2
tyreek hill	2
how deep do raised beds need to be on concrete	2
piney river 7th trumpet	2
pikes peak	2
emerald fields manitou springs hours	2
maggie's farm manitou springs hours	2
junit	2
are latex paint fumes toxic to plants	2
internal doctors washington university	2
sams club cake book	2
cheap larp tent	2
west oak cleaners hours mo	2
venus coupons	2
dakimakura shop	2
master code b749822b ce9bfac1 a86cdba5 19ba49b3	2
gmail sign in	2
mother's day 2016	2
us bank	2
express credit card	2
pizza hut coupons	2
allegiant airline reservations	2
which of the following methods are overloaded with respect to one another? public int max (int a, int b) { … } public double max (double a, double b) { … } public int max (int a, int b, int c) { … } public double max (double a, double b, double c) { … }	1
private fields of a superclass can be accessed in a subclass	3
"what do the following statements do? double[] array; array = new double[14];"	1
"/ person.java // creates and manipulates a person with a first name, last name and age public class person { private string firstname; private string lastname; private int age; public void person( string first, string last, int years ) { firstname = first; lastname = last; if ( years < 0 ) age = years; } // end person constructor public string getfirstname( string firstname ) { return firstname; } // end method getfirstname public setfirstname( string first ) { firstname = first;"	1
ra online wustl	2
three digit numbers mystical	2
kansas city temp agencies	2
new phones	2
does it hurt a horse to have a bridle in if they need teeth floated	2
stj school district	2
xbox free games with gold may 2016	2
a whistleblower is a person who provides information to a public entity about the company that he/she believes quizlet	2
msn new	2
xbox live rewards	2
tatertot casserole	2
best greek olive oil	2
how to have two separate steam version of a steam game	3
guns of destiny review	2
destiny trials of osiris flawless xbox one	2
polurls	2
meetme	2
americas best	2
mycokerewards	2
breezingforms conditional logic	2
aol mail	2
onision wife	2
cinderella step-sisters images	2
images of disney cinderella step-sisters	2
where to pen bushings	2
ariana grande porn look alike	2
e-11 blaster parts + 3d print files	2
coin in the door frame	2
etsy	2
15 inch kicker cvr 2 ohm dual voice coil	2
how to learn to play the piano	2
cargurus	4
is the salt water vinegar and dawn dish soap weed killer harmful to animals	2
final assessment for reading diagnosis and correction course	2
online games	3
happy wheels	2
nasty dress	2
kmiz	2
southern living spaghetti cream cheese baked	2
second degree burn	2
hotels in canton ga	2
american sniper movie awards	2
joe arce	2
yahoo mail	6
a signal indication in emergency requiring immediate action	2
hillary clinton email	2
is it bad to wait to dry clothes	2
ally bank	2
lower bound in worst case running time for quick sorts	2
free my little pony games	2
hbo now	2
is popcorn time illegal	2
butter popcorn time	2
juvenile murder cases 2015	2
list of felonies and misdemeanors	2
movie25	2
lamentations of the heart piano sheet music	2
zales outlet store	2
eddie albert	2
venus	2
don't go to the hospital on psychedelics	2
lookafter hair	2
hai2u	2
classical tragic hero definition	2
groovemonitor utility	2
any new cable internet coming to mt pleasant tx	2
uwotool	2
most efficient suicides	2
boeing careers	2
katrina bowden	2
daily mail	2
pete holmes	2
partycity	2
outlier reddit	2
outlier wtf sale	2
blue springs jobs	2
roeland park jobs	2
parnell pharmaceuticals	2
fear of the walking dead review	2
asian blow job	2
the social allergy effect	3
differential case spreader	2
four state open bowling tournament	2
m-vtd-pace	2
pornhub	4
under the cherry moon full movie	2
badass bard images	2
2003 s10 blazer rear brake slides rusted	3
motogp	2
prankdial	2
att uverse availability	2
expedia	2
dyson vacuum	2
does life exist beyond earth persuasive essay	2
prince	2
g e hentail	2
hearthstone rogue standard deck	2
idm	2
macy's	2
best tummy control swimsuits	2
brake check	2
digi-egg	2
2006 pontiac g6 3.5 oil capacity	2
stephen a smith	2
putlocker	2
season 6 barbarian set dungeon locations	2
nba playoffs bracket 2016	2
lindenwood park	2
examples of personification	2
mermaid pics	2
royals score	2
news	2
moocs	2
craigslist	6
defiance mo	2
books similar to 20000 leagues under the sea	2
how to install lightroom templates	2
cars for sale springfield missouri	2
invoice buick enclave	2
kingdom kia	2
summer wedding guest dress	2
fox 2 news	2
reset microsoft password	2
walmart	2
watch bob's burgers watch series	2
missouri made strong shelf bookcases	2
teamster ups 401k	3
pearl jam south carolina 2016	2
columbia bbq open now	2
what are the yellow and black birds in missouri	2
coulumbia mo news	2
how does burn status scale tree of savior	2
threemonkeysbead	2
futurama	2
funny bicycle shirts	2
saint paul lutheran high school	2
gamesradar	2
how clean mini cooper floor mats north american motoring	2
mini cooper	2
yes to carrots scalp relief shampoo	2
paypal	6
pennsylvania corporations bureau	2
kakadu plum	2
the magic microbrewery has a limited amount of vat capacity available in which it can ferment beer. in deciding which beers to brew, magic management should consider:	2
accepting a special order is profitable whenever the revenue from the special order exceeds:	2
the first humanists were	2
the cultural response to the black death was greater deep pessimism and a focus on death and dying	2
the monarchy of ferdinand and isabella in spain was an example of the emergence of biology	2
vetch planting guide	2
msn	4
hank 3	2
ebay	5
microwave corn on the cob in husk	2
blue eye, mo	2
happy hollow resort	2
baby seat	2
do booster seats expire	2
twitter camgirl	2
meatball recipe	3
ameren ue	2
note 3 ting lte data	2
costco photo	2
coachmen chaparral 325mks	2
john ruskin	2
missouri s&t demographics	2
terraria build guide	2
crockpot beef	2
thigh-gap	2
hip hop how to learn body control	3
meeks	2
cnn	2
robin zander	2
how often can you give a cat a flea bath	2
ultimate game dev tycoon guide	2
christian mccaffrey	2
chad ferrell	2
skyforge trailer	2
free typography templates after effects	2
jc penny.com	2
ryan reynolds body	2
what is wrong with a person who always have to find fault with something	2
free yahtzee	2
free mahjong	2
you don't have to love me you don't have to fuck me	2
098-v sowing kingdom seed	2
fefe's fleas of dexter, mo	2
god's domain	2
patriots free agent signings	2
lugia legend card	2
substitutes for rum	2
belgard bergerac pavers catalog	2
for richardson redemptive analogies	2
what are some key principles for successful intercultural living, communication, and ministry?	2
fly me to the moon with angelina of little big shots	2
technology needs assessment template for schools	2
chromebook training	2
background equivalent radiation time	2
bank of america	2
1967-1972 ford f-100 truck parts	2
1967-1972 ford f-100 truck power steering box and pump	2
st augustine	3
myassignmenthelp	2
used truck stacks for sale	2
audiobook bay	2
business for sale st louis	2
can you have a pet basilisk	2
eagles eating cat	2
porn	2
hunter x hunter season 5 ep 26	2
dota concept hero teemo	2
how to find hosts who hide in dark souls 3	2
mymathlab	2
a&b cycle springfield mo	2
clydesdale 29 plus site:forums.mtbr.com	2
factorio storing heavy oil	2
stardew valley guide	2
fun fact about sweden	2
sweden's current events for kids	2
ravelry	2
briley pierce	2
jet lag eastward travel	2
ashley leggat.	2
christy carlson romano	2
spotlight	2
number 1/8 baseball	2
bethany mo	2
java	2
7302 e 108th dr kansas city mo	2
jackson county mo laws on occupancy in rental property	2
game of thrones season 6 episode 2 free full	2
walking dead wiki	2
cheap mcpe server hosting with domain support	2
leblanc jungle season 6	2
the _____ residents of the warsaw ghetto managed to win several skirmishes from the nazis.	2
10 acronyms	2
tyler the creator mixtape	2
skraeling	3
lcm of 39312	2
box and whisker plot five number summary calculator	2
zulily	2
bert parks controversy	2
nbc and game of silence premier episode	2
calculate solubility given ksp and molarity	2
ap chem reference sheet	2
guin saga wikia	2
cole henshaw	2
dr. miles whitener	2
full body stealth armor	2
1st financial federal credit union	3
all about dogs and cats	2
rebecca welles manning	2
ellsworth community college	2
covenant hospital waterloo	2
allen hospital waterloo iowa jobs	2
desserts made with cake mix	2
???????	2
?????????????7-6-18	1
?????????452-2	1
maxwell carnahan gabel	2
william harrison gabel warrensburg mo	2
video of how kinect works with xbox one	2
chapter summaries the things they carried	2
electric airsoft m4 carbine	2
electric airsoft m4 carbine with attachments	2
wwe payback spoilers	2
missouri toadstools	2
what is the tradition of the may basket?	2
according to a study cited in the text, correctional managers attribute misconduct to:	2
birds of missouri	2
armored warfare	2
blogspot search	2
cardinals 5 game packs	2
carhartt men's 2 pack full cushion steel-toe cotton work boot socks	2
carhartt sock a555	3
reading glasses strong	4
big vision magnifying eyewear	2
twitch lol	2
like a bride waiting for their groom lyrics	2
come into this house	2
missouri diocese map	2
despicable me	2
sound management software	2
free love american history	2
wolf knight greatsword	2
dark souls 3 moonlight greatsword pvp	2
toys r us	2
sequoia national park camping	2
eno hammock	2
gaming community sponsorships	2
triberg germany	2
new to netflix in may	2
win coldplay tickets scottrade center	2
trane.com xe78	2
reshade sweetfx	2
a key person in jewish history	2
nine west shoes	2
nhl game misconduct	2
ebay motors	2
sawyer picaridin	2
low cost spay and neuter raytown mo	2
what led to prohibition	2
solved	2
speakeasies	2
metapneumovirus	2
the richie rich/scooby-doo show	2
tarzan lord of the jungle episodes	2
gunnytime	2
inflatable air structures	2
nhan to bi an	2
pinterest	2
3541 veterans memorial pkwy. st. charles, mo 63303	2
states considering bathroom gender laws	2
percentage of teenagers sext	2
11821 main street, centertown, mo 65023	3
how do i make my headset louder	2
equestria after dark	2
mer5755qaw parts	2
bad baking element	2
toby turner	4
five flower lake	2
tyrion targaryen	2
heat hornets	2
12 monkeys	2
philadelphia school dist average salary	2
greater yield crops	2
missouri hemp extract registration cards	2
grants for women ranchers or farmers in va	2
grants for women	2
ways to make and receive calls from iphone without cell service	2
disney crossovers on deviantart	2
the beautyful ones are not yet born sparknotes	3
ralph geurin strawberry	2
what does the bible say about using the lord's name in vain	2
were can i purchase keith greens music online	2
velassaru maldives	2
homecoming maestro review	2
the guild system of medieval european cities	2
cheated review	2
dean smith	2
mlb most runs given up in a season	2
hotwire	2
true nights edge	2
st. louis community college	2
ymca camp jorn	2
toysrus	2
walmart credit card login	2
how to populate dropdown menus using mysql tables	2
bodiam castle	2
redistributive justice rawls	2
me2 companions	2
unisex elf names	2
portland trail blazers seasons	2
longest nba playoff drought	2
2016 stadium series	2
wash city laundromat hours	2
hotwife cum compilation	2
hotwife anal cum compilation	2
cum in wife's ass compilation	2
pdf to word	2
feel drained daily with good sleep	2
does magnetic boxers help ejaculation delay	2
english writers 1650-1660	2
weaver tactical scope 2-10x36 ffp	2
cardinals radio	2
mud playdough	2
under the sea name door deco	2
puzzle master	2
game of thrones season 6 episode 2 download	2
stltoday	4
delegates	2
ultrasaber reaper emitter swap	2
custom saber shop	2
florida senate elections steve schale	2
difference between detritivores and decomposers	2
secondary succession	2
bicycles fairview heights il	2
bitfenix spectre pro fan direction	2
guilty of burglary punishment	2
the cables from the evga 650w gold psu are really hard	2
semo craigslist	2
bestbuy	2
invasive species	2
nj.gov	2
maria del gaizo noto	2
barnett e hoffman	2
bernard f kennedy jr new jersey	2
bernard f kennedy jr hudson new jersey	2
helfgott criminal behavior google	2
weathered corrugated metal roofing	2
is a glass pipe better than a metal pipe or any other material	2
new guinea saltwater crocodile	2
brisbane sydney melbourne adelaide southeast coast	2
"oliver ames shovel-18; identification"	1
what is vellum	2
hugger ceiling fans	2
http://www.amerang.co.uk/image/cache/data/mattel/mdrt48-1-800x800.jpg	2
kohls	2
vipervape	2
free sex chat	2
trio boom boom lyrics	2
arturo lopez	2
michael kors jacquard monogram large brown satchel	2
free microsoft office	2
amalgamate	2
maquest	2
fasfa	2
key points of macroeconomics	2
rojadirecta	2
type or namespace could not be found	2
asp popup	2
3.5 wizard spells	2
imdb	4
tommy hilfiger	2
tysen rich freeones	2
phelps county, mo population 2015	2
devon lee pichunter	2
noivern	2
big bang theory online	2
watch disney channel	2
avatar the last airbender episodes	2
hot springs ark weather 10 day	2
interwoven images	2
chubby bears fuck	2
minecraft mods 1.9	2
justin bieber webcam jerk off fulll video	2
raytown gregory animal clinic	2
kansas city group dog training	2
homes for sale in maplewood, mo	2
american eagle	2
what does title insurance do?	2
mary mother of the church kerth road	2
pirate bay	2
karrine steffans	2
fred lurmann usc	2
robert urman usc	2
floorboards for dyna wideglide	2
dont hurt yourself beyonc	2
prayer calc osrs	2
mortyania diary	2
file-sharing	2
casa dorada spa & golf resort san jose del cabo , bc , mexico	2
lemon verbena growing temperature tolerance	2
cardinals score today	2
vernalis witch hazel tree	2
screen recorder	2
busty gamer girl fucking with dildo on cam	2
link and zelda	2
current	2
car wash	2
microsoft one drive	2
mizzou mail	2
technology addiction	5
teen drivers are texting just like their parents	2
craftsman 6.75 lawn mower troubleshooting	2
birdman	2
blue springs lake fishing	2
1930s style accessories	2
xvideos	2
mar marine rio dulce	2
ram marina rio dulce	2
churches in rio dulce guatamala	2
livingston guatemala marinas	2
infiniti q60 review 2017	2
online game fnaf	2
landry jones	2
splitwise	2
bottomless creampie pictures	2
st louis county library	2
3.5 warblade maneuvers	2
cannabis clones top leaves turning yellow	2
ncsa login	2
97 chevy 3500 parts	2
direct sun in your eyes, cancer	2
humblebundle	2
police scanner online	2
jw org watchtower	2
which of the following activities would most likely be considered a long run pricing decision	2
which of the following is true of target pricing	2
drive with only one license plate	2
gmail	2
bigtitsatschool extra credit sex zoey holiday	2
best anniversary getaway missouri	2
how to uninstall netnanny windows 10 and reinstall	2
murder cases that the cops messed up	2
high blood pressure (hypertension) stage 1	2
google voice	2
amy adams	2
hinterland	2
hinterland the girl in the water	2
the division	2
dark souls 3 havel set	2
tinyurl	2
giantessbooru	2
tesla - what you give tesla	2
consumer reports car seats	2
browns 2016 rookie free agent signings	2
bolivia geographic features	2
countries surrounding bolivia	2
game of throans map	2
milf	3
devilish cooking	2
yandere simulator manga	2
doniphan, mo school district	2
mothers day movie trailer	2
kmmo obits	2
omega mouldings	2
custom picture frames	2
rsmo	2
do the teachers make the curriculum	2
inogen one g3 lpm	2
kctv5 weather	2
mitek	2
serene allison	2
brittany dogs for sale near shelbina mo	2
devout film	2
world wide technology	2
xnxx	2
it was a crush but i gave it up lyrics	2
feed the beast	2
can dogs eat wild rice	2
bottled water history	2
analise microeconomica carros	2
legend of zelda fanfiction link obtains fierce deity	2
it works pay portal	2
housefull 3 full movie	2
kapoor & sons full movie	2
yahoo	6
braums springfield mo	2
where is the dungeon for embodiment of the maruader	2
list of sniper cosmetics	2
recycle old books st louis	2
sam's club credit card payment options	2
vizio e470i-a0 parts	2
advance auto	2
healthy fucking bullshit	2
vacations trailer	2
como hacer un usb booteable windows 10	2
oliver james tabs	2
baym, n. (gen. ed.). (2012). the norton anthology of american literature (8th ed., vols. a & b). new york, ny: w. w. norton.	2
docs	2
the best web browser	2
beaver construction	2
norwegian cruise to cuba	2
n690 steel	2
google hangouts	2
native americans and rawlings wy	2
ellis island records	2
google erarth	2
jl w7	2
indeed	2
building at night	2
davy knot	2
hustler super duty 54 incn blades	2
redtube	2
the big valley episode cast the stallion	2
how old is the video of hillary trashing moveon.org	2
murney realtors springfield mo	2
jesus died on the cross site:sermons4kids.com	3
atari game maker	2
classic world of warcraft	2
chicago style editor instead of author	2
2015 ap chemistry free response	3
tdminiatures.vom	2
blood and wine	2
bjd chateau doll clothes	3
nhl playoff bracket	2
si.com	2
yahoomail	2
scientific name for smallpox	2
how long does a jersey cow produce milk	2
homeaway	2
vrbo	2
imvu download free	2
dvd releases march 2016	2
guild wars 2 rugged leather	2
when your balls go inside you	2
tetraaqua-bis(o-sulfobenzoimido)copper(ii)	2
free ce.com	2
can lyme disease and weight loss	2
christie brinkley skin care	2
list of spenser novels by robert b parker	2
french catacombs	1
had a dream i was president woke up in jail	2
dpms ar 15 oracle	2
complaince plan for upcoding	2
uncompensated care represents a high cost to hospitals true or false	2
plant spacing hops	2
lolskill	2
amazon prime movies	2
grace singer	2
gingers can take more pain	2
evander holyfield	2
reverse kegel when cumming	2
jean fucking	2
allison janney west wing youtube	2
jcm900slx no sound	2
tom perez	2
meatloaf recipe cooked on the grill	2
karma decay reddit	2
warhammer turn based game	2
daniel berrigan	2
john deere l111 transaxle	2
att internet	2
vermis cerebellum	2
watch mockingjay part 2 online	2
salem vig	2
strange ways kiss tab	2
how old are billy and ami brown's children	2
whipped body butter insanely easy	3
m83 the wizard lyrics	2
wamp server how to get sql file	2
arduino pinchangeint.h	2
fort donelson	2
does whole foods market sell broccoli sprouts?	2
hutton memorial garden ed	2
american airline how early check in	2
cons to chinese imports	2
fire in indian garment factory	2
webster dictionary mla citation	2
death korps of krieg	2
federal home loan bank 0.09 to 0.41	2
sp500 historical chart	2
denver buckalew utah	2
michael kors purse	2
homeland season 5	2
ffff music definition	2
quarter note symbol mac	2
songs like rachmaninoff's prelude in c# minor	2
rachmaninoff prelude in c sharp minor	2
metronome	2
problems caused by technology	2
agerio	2
877-211-0329	2
bbb for st. louis area banks	2
does the death certificate of eric garner say homocide?	2
promo codes for alloy apparel	2
first row sports	2
high school sweetheart definition	2
ozarks technical community college	2
missouri state university	2
citistrip	2
sanyo owned by who??	2
summer slow cooker recipes	2
63540	2
wildcard mask area area id	2
vocabulary ccna2 section 8.2	2
watch the prince of egypt online	2
2015 sdcc planeswalkers set	2
lego batman building	2
stl today	2
free bitdefender anti ransomware	2
seth rollins	2
enzo amore injured	2
japanese for storm	2
blood death knight tanking	2
"find ""yvette wallace"" in ohio"	1
the maccabees refused to fight on the sabbath.	2
protracted definition	2
why is hoosier an insult	2
curse of mesopotamia	2
curse of mesopotamia (2015)	2
star wars: episode vii - the force awakens (2015 720p american english torrent	2
american english subtitles for star.wars.episode.vii.the.force.awakens.2015.720p.bluray.x264.shaanig	2
illidan's warglaive	2
which of the following allows a computer or mobile device’s processor to continue interpreting and executing instructions while a printer prints?	1
ring worm isaac	2
rar opener	2
small bumps on face	2
firmament	2
16x20 distressed frames	2
accuride hr935k	2
gunite brake drum	2
mature album	2
2015 sti stock wheels	2
will my computer be able to play black ops 3	2
lgbtqia	2
game of thrones slate	2
beezybailey	2
ty beanie babies old timer	2
freedom cycle	2
bbw anal	2
jonathan park episode list	2
was to cook chicken of the woods mushrooms	2
ways to cook chicken of the woods mushrooms	2
mobile marketing	2
are there any flights from missouri to tupelo,ms	2
410 boulder creek drive wentzville mo	2
127 miranda ct wentzville mo	2
219 cecila ct wentzville mo	2
mincraft mob generator	2
2015 income tax brackets	2
aftermarket air conditioning for heavy equipment	2
historical places in pakistan with names	2
history essay on minar e pakistan in english	2
cooks country best microplane zester	2
backwards compatible games	2
sanders ice cream	2
a taste of success toastmasters kansas city mo	2
bray wyatt 2016 theme song download	2
porsche 968	2
premium outlets	2
aliexpress	2
showbox	4
hail to the king biblical	2
kcmo wwi museum	2
1648 pawnee street, leavenworth, ks	2
rolling rock townhomes	2
bath and body works	2
mayan religion name	2
free mp3 download	2
online group chats	2
www.craigslist.com	2
www.signupformymercy.com	2
how to get rid of moles	2
poison ivy	2
att	2
usps tracking	2
chick fil a	2
are there 13 astrological signs	2
craigslist st. louis	4
19 nantucket lane, st louis mo. 63132	2
5127 s aspen, battlefield, mo. 65619	2
xe1 wedge	2
fiberglass pools	2
how to download mp3 from youtube	2
how to list demographics in a dissertation	2
macys prom dresses	2
royal caribbean cruise	2
bismarck mo	2
paramount noveltoon	2
mattel toy makers commercial	3
the poni tails i'll be seeing you	2
roberta shore	2
bitbbh picture this	2
bitbbh vhs	2
doris day by the light of the silvery moon	2
hey there it's yogi bear record	2
hanna barbera commercial	5
cat planet cuties fanservice	2
moti mahal brunch kansas city	2
bourbon street menu	2
guinsoos on ezreal?	2
owner's manual 1999 honda passport	2
kenken puzzle	2
transformers 2007 full movie online	2
india	2
jabardast and extra jabardast facebook	2
missouri types of precipitation	2
state farm kids' road atlas	2
beatles	2
chipotle	2
crossword puzzle maker pdf	2
tahiti	2
maternity clothes	2
apa citation style	2
equation for area of an ellipse	2
marvel soundtrack	2
application for employment	2
general application for employment	2
youtube free movies western	2
facebook charging	2
goldman sachs corporate level and business level strategies	2
goldman sachs market share investment banking	2
serebii	2
zummies	2
urban outfitters	2
buckle	2
mhc alleles	2
meyers leonard	2
plexbmc log location	2
talbots	2
plasmodium falciparum life cycle	2
espundia	2
gp63	2
cytotoxic t-lymphocyte antigen 4 gene and recovery from hepatitis b virus infection.	2
2016 park university finals schedule	2
why were programmable logic controllers invented	2
pinned wrestling documentary	2
webmail.kc.rr.com	2
canyon ridge christian church	2
lot wcc 6729	2
human rights in jordan 2014	2
professor lori lefkovitz bedrooms and battlefields	2
salutation before the summer in emails	2
roofing contractor kirkwood	2
i-dress up	2
time share fr sae	2
my clc	2
faxon barrels	2
mcdonalds	2
call of duty infinte warfare $80\	2
wildtangent	2
one drive	2
hawken house hearth room	2
franklin county missouri real estate	2
redbox	2
who is lockdown working for	2
flooring specialists co, south farm road 193, rogersville, mo	2
galloping goose hoodie	2
craigslist kansas city	2
what is classic literature definition	2
tube8.com	2
box office	2
veoh	2
belt buckles for sale	2
how to become good at mouse clicking position	2
www.ssd.k12.mo.us	2
rosemary garlic pork chops recipe	2
trash tyler glenn	2
cover and extend concrete patio with pavers	2
taxi service 8730 gulf freeway houston,tx	2
table rock fishing derby 2016	2
kansas city public library	2
infiniinetworkmaster75.us	2
davis playle	2
wwe payback 2016 results wiki	2
carborane superacid	2
air filter motorcraft	2
spider man player model gmod	2
ragdolls not killable gmod	2
steam barrett 50 cal gmod	2
blueberry banana muffins dairy free	2
5/4 lumber	2
sallie the ghost scratches	2
mcaha island in hawaii	2
land before time	2
no man's sky	2
fluffernutter	2
whatsapp online	2
vmdl_c decompile	2
rubick model files	2
3d builder	2
lita ford	2
dicks sporting goods	2
mizzou health bill	2
????dna?? ???????	1
lea surge eliminator hed-200bb	2
bettina woolbright photography	2
seinfeld marine biologist quotes	2
seinfeld marine biologist episode	2
cavanaugh pet hospital blue springs mo	2
how to select few values of each variable in regression	2
casenet greene county mo	2
prisoners being treated badly	3
2800 s fuller ave independence mo	2
how to calculate population density'	2
what is the main idea of the poem a valediction: forbidding mourning by john donne	2
y	2
guitar mill	2
razer synapse	2
mystic runesaber reddit	2
hall of fame dance	2
lane bryant	2
vigilante class pathfinder	2
captain america civil war spoilers	2
blade runner end speach	2
a summer resort rents rowboats to customers but does not allow more than four people to a boat. each boat is designed to hold no more than 800 pounds. suppose the distribution of adult males who rent boats, including their clothes and gear, is normal with a mean of 190 pounds and standard deviation of 10 pounds. if the weights of individual passengers are independent, what is the probability that a group of four adult male passengers will exceed the acceptable weight limit of 800 pounds?	2
naver music chart	2
425 w service rd n, wright city mo.	2
how to make homemade floor sweeping compound	2
pinterest chicken spagetti recipe with cream cheese crockpot	2
low fat recipes	2
give me back my pig	2
have gun will travel lyrics	2
milton friedman 2008 recession	2
burlington trailways	2
symptoms of lead poisoning	2
where in new orleans would i go to see records of immigrant ship manifest in 1854	2
george siebert born baden germany	2
because berthathas been loosing weight and she has a decreased met	2
heritagebankozarks	2
matilda broadway musical	2
lubeley's bakery cake	2
party city	2
vice golf ball review	2
naked and afraid have sex	3
craigslist fayetteville	2
teapot clock	2
mo lottery	2
razor scooter pocket mod used ebay	2
wholesale rose gold crystal earrings	2
carrot apple blueberry baby food'	2
kn-cosm-iba - hardwired combination carbon monoxide & smoke alarm kn-cosm-iba	2
best hardwire smoke co2	2
photoelectric or ionizing	2
steam download games from family accounts	2
hshare	2
allison smith artist	2
far cry primal pet commands	2
fullmetal alchemist brotherhood	2
50 lb. play sand	2
podrobnosti	2
wise® watch sports watches official site	1
true nopal cactus water	2
nature perfume	2
fordex manual	2
strike force heroes 3	2
mtg gods	2
impling that gives magic logs	2
thailand recipes easy	2
in 2012 revenue from corporate income taxes totaled approximately quizlet	2
woodworking plans picture frames	2
mid missouri ahec	2
glissa sunseeker story	2
tin tuc the gioi	2
choyers silk suzhou	2
ralph lauren allison floral bedding	2
powerball numbers	2
what planting zone am i in springfield mo	2
left external speaker not working	2
piroshki russian	2
boardwalk villas vs wilderness lodge villas	2
wine bottle openers	2
outlaw star magic	2
mls60050722	2
love cirque du soleil tickets	2
botanical illustrations grapes	2
low carb diet	2
tukey procedure on the morley dataset	2
probability theory	2
dallas cowboys	2
dolphin emulator tcp vs udp	2
dolphin hd settings	2
dolphin anti aliasing	2
mla double sided	2
wall-mounted locking mailbox	2
premam movie	2
are dss primary schools in hong kong good?	2
2gv	2
smile.amazon	2
illinois form rut-50	3
tommy davidson impersonates obama	2
kendrick carnes linkedin	2
dragonball.go	2
boruto naruto the movie	2
why is ip camera video choppy	3
fort clark osage trail	2
a night at an inn starring boris karloff	1
melania trump nude pics	2
fishing report for lake of the ozarks	2
online converter	2
kitty high five	2
best western, branson mo	2
your girlfriend is my sex slave tumblr	2
naked ass ots carry tumblr	2
jessica biel facts	2
historical events in minnesota	2
usamortgage	2
nasb	2
free kindle books amazon	2
batbox setup tekkit	2
crusaders rugby	2
kings rugby	2
date time stamp iphone	3
magi definition	2
blue october dirt room	2
the terraformer apocalypse	2
myfitnesspal	2
timberlane village	2
timber hill houses in kansas city mo	2
hot water heater squealing noise	2
david's bridal dress preservation	2
summonur wiki	2
kc power and light	2
reselling aston drake dolls	2
slither.io mod	2
slither io invincibility	2
stream goosebumps	2
tubeplues	2
subnet calculator	2
11.4.1.2 packet tracer completed	2
nascar on tv today	2
premature ejaculation	2
ginger lynn allen sex	2
celebrity sex tapes	2
fucking lil sister stories	2
rainierland.com	2
calculate the freezing point of a solution of 500.0g of ethylene glycol dissolved in 500.0g of water	2
british airways	2
hotair.com	2
movie tube now	2
what is the best time to visit sagrada familia	2
alizee	2
murray ultra gt	2
194l-g2853	2
gw2 teku nuhoch point of interest youtube	2
gw2 hero challenge auric basin youtube	2
gw2 eastwatch bluff vista	2
people finder promo code	2
kraig	2
legends club	2
tmz	2
kaleidoscopic gbop	2
alex mae	3
gap card	2
enormous dildo	2
kioti zero turn mower	2
tent stoves	2
wthr	2
transrotor manual	2
does jack daniels survive the end of stirred?	2
radius global solutions	2
godiva mother's day coupon codes	2
osu! skinning fourum	2
team hard mode	2
games with gold	2
immunizations needed for singapore	2
aplatypuss	2
wiki	2
fan fic	2
n82e16826502061	2
gaming headset reviews	2
mw2 maps	2
mw3 maps	2
wow monk night elf lore	2
wow monk lore	2
despicable me 2 full movie online free	2
what is my iq	2
true north hotel group	2
phantom of the opera live at albert hall	2
smokehouse trail	2
building small vegetable garden	2
vegetable garden designs	2
hyrule warriors	2
personaliozation mall coupon may 2016	2
does kenny chesney have kids	2
movie theatre in merriam ks	2
esl courses	2
how to remove the word hermit in towny	2
borderlands 2 realism mod	2
anti jokes not sally	2
any hotels or motels in russellville arkansas	3
skinny teen with big tits	2
girls do porn e345	2
element poster project of oxygen	2
element oxygen history	2
peanut dipping sauce for spring rolls	2
fallout difficulty	2
epa february 8	2
tribes play an important	2
examples of good ethics	2
honesty in islam	2
girls gone wild	2
brooks brothers outlet	2
target boycott	2
that's so ramzi	2
matthew lohman	2
matt lohman	1
in the united states a recent trend involving parenting is that quizlet	2
i need a savior lyrics	2
show me the way -frampton hymn	1
common key for genograms	2
the amazing race season 28	2
toa 90 occult girl	2
dark souls 3 smough armor	2
where do i find my chickasaw indian ancestry	2
how to taker apart a foot control on a minn-kota trolling motor	2
nikki santana porn	2
laundry mat ratown missouri	2
blush anime gif	2
closing out overhead to cogs	2
how to type colour in clash royale	2
chris jacobs	2
typing test online free	2
in a constant-cost industry, positive profits are eliminated through	2
when a time draft is drawn on and accepted by a bank, it is known as a _____.	2
what does south africa export to united states	2
jeep patriot e-brake adjustment disc brakes	2
forming of republican party	2
north carolina seceded from the union	2
amazon is the number one book retailer	2
ucm blackboard	2
one piece franky	2
walter white evolution	2
shockwave.com	2
st. lukes chesterfield	2
why batman vs superman wasnt bad	2
pro builds veigar	2
3 mana mage secrets	2
theme park review	3
ice skating rockefeller center	2
the magic kingdom - map	2
buying tiny houses	2
star fox 64 3d target	2
lowes	2
deep web	2
modway office chair	2
8x10 and 5x7 collage wood wall frame	2
14k gold flip flop pendant	3
yamaha motorcycles	2
losmovies	3
pt cruiser air filter	2
pt cruiser air filter fram 2003	2
fram air filter guide	2
auto battery rc75	2
desolation jones	2
comics like transmetropolitan	2
the vmware authorization service is not running	2
slu email address	2
curse update stuck	2
simplify expressions	2
adult friend finder	2
permeation grouting	2
liquefaction seed and idriss	2
disable clock limits core m	2
black ops 3 dark ops	2
livefist	2
what does variance mean	2
apush exam practice	2
sears in osage beach missouri	3
mid america arms stlouis	2
inversion therapy for facet joint pain	3
peel and stick subway tile kitchen backsplash	2
unluckysoul13@yahoo.com	2
loveall rv columbia mo	2
bloodletting beast	2
generac.com/service/dealer locator	2
can i flip videos upside down	2
at&t wireless	2
how to get to fungal magi	2
santa fe things to do	2
how can you know if 2 variables are statistically different from each other	2
changing microsoft account password	2
fox newws	2
direct tv packages	2
dennis palmer dixon mo	3
rodney serial killer	2
lol tilting	2
backroom casting	2
fotons	2
best bassists	2
80 meter loop antenna	3
saturn close to earth	2
mystery seeker	2
excel what is a variable cell	2
roots blues and bbq 2016	2
samsclubphoto	2
hyposecretion of atrial natriuretic peptide	2
route 66 rescue	2
mizzou introductory zoology	2
inflatable winnie the pooh bathtub	2
me like bees bandcamp	2
bears and company bandcamp	2
plain ladies designable t shirts	2
motorcycle girlfriend shirts	2
hawkeye gough	2
bow accessories	2
mike bait and tackle st peters	2
myrtle beach family activities	2
brigade m5 aspis	2
centralbank.net	2
konig coffee	2
jenna j ross huge cock	2
teen huge dick deepthroat	2
1445 olene tanzy river road to 1421 olene tanzy river road	2
1445 olenetangy river road to 1421 olenetangy river road	2
todd chrisley	2
add list views to sharepoint 2013 homepage	2
richmond speaks wife susannah jones	2
ronda rousey nude	2
five nights at freddy's online	2
how to get to pandaria from sw	2
can you make a mount with inscription	2
womens narrow black dress shoes	2
guest of honor baby is a controlling bitch, what do i do	2
value star trek next gen tv series vcr tape collection	2
diy natural pools	2
windsor power escort 2	2
best bukkit plugins 1.9	2
kodi	2
imsa laguna seca 2016	2
theon and yara	2
what's that emoji answers	2
3ds bch extraction	2
kirby planet robobot ohana3ds	2
flagstar	2
elevation church	2
research hospital kansas city missouri	2
position paper format	2
difference between mvc and mvp pattern	2
dan lew rxjava	2
how async task knows activity is destrying	2
kickasstorrent.so	2
aa travel	2
avett brothers true sadness tracklist	2
usps	2
am auto parts	2
wash sale rules	2
xsolo18	2
vaporbomb	2
according to cook in 1978, after european explorers reached the west coast in the 1770s, smallpox rapidly killed at least 30% of northwest coast native americans. for the next 80 to 100 years	2
native california population cook 1978	2
"they all agreed ""any sale not made by all is not valid. the u. s. portrayed the native americans as savages and in a 1785 treaty"	1
ozzy lino	2
all manga reader	3
skin bleaching	2
true gdm-23 trueflex bottle organizer	2
trueflex 929836	3
zumiez	2
twitch	2
ted cruz indiana ads	2
internal temp of pork	2
moral defiance massachusets	2
famous filmmaker essay	2
types of computer careers	2
what brand contacts comparison chart	2
1800contacts	2
coupon for webegecare	3
bankof america.com/easyrewards	2
bankofamerica.com/easyrewards	2
vaccine definition	2
retrovirus lentivirus adenovirus	2
cocaine vs crack cocaine	2
loyd mackey	2
loyd mackey + crossville tn	2
social security death index free	2
supergirl wiki	2
cdma	2
early childhood education importance of parent involvement	2
ronald (ron) donner amtsociety executive director children	2
riki donner aviation	2
staley farms real estate	2
prince torrents	2
how do you change gears on a mountain bike?	2
bikeseats.org	2
ketogenic diet brownies	2
ratchet and clank movie	2
social security calculation tool	2
statistics kids suffer from anger	2
participation trophies are bad quotes	2
iphone se	2
eclipse cygwin std unresolved	2
install cygwin in windows 7	2
torrid	2
how many visual pigments does one need to distinguish between wavelengths independent of light intensity?	2
bmi chart women	2
cute one peice swimsuits	2
coventry health care	2
western reception diagnostic correctional center	2
flat earthers insane	2
sun do shine	2
pathfinder sleeves of many garments	2
lawn & garden statues near 63021	2
chubby white girl fucks asian	2
james hunter people gonna talk	2
swingle singers discography	2
iceberry cocktail	2
georgia property deed records	2
carry on liquids	2
kabar warranty	2
footed cake stand with dome	2
chikan video	2
sleep assault	2
free music downloads	2
pbe league	2
free goats in around neosho missouri	2
richards funeral home	2
heman park recreation guide	2
bashur	2
xbox 360 free games	2
21st century	2
facial hair simulator	2
czech republic men holding uncut cocks	2
gymnastic rings	2
self propelled lawn mowers	2
no fear shakespeare	2
deck over paint	2
porn gif	2
symbol creator	2
roblox	2
bad jokes	2
mean green cleaner reviews	2
cheddars st joseph	2
pandapow ??	1
property brothers	2
fustic house barbados for sale	2
gay massage video	2
function of nephron	2
movie the boy	2
delta faucets	2
replace a valve in the kitchen faucet	2
mary kay	2
missouri lottery	4
cnnsi	2
google	2
new chevelle album	2
stream nhl	2
amendments	2
grand maya	2
cummerbund r	2
install cummerbund	2
copy data from r to excel	2
nestle purina	2
weather	2
brother sister sex tube	2
macomb mo	2
maxdps	2
cook station mo	2
onitsuka tiger mexico 66	2
neckheating pad	2
how to bake sweet potatoes	2
knight dark souls 1 fextralife	2
reviews good shepherd church smithville mo	2
google sllides	2
one piece movies release dates	2
sas 4	2
activex control windows 8	2
woman having sex with horse	2
bronze award idas	2
orly royal velvet pinterest	2
4ohm sub vs 6ohm	2
gamecube hdmi	2
should i buy a gamecube	2
skins for minecraft	2
lip gloss lyrics	2
minecraft fnaf mod 1.8.9	2
minecraft fnaf 4 mod 1.8.9	2
mentor network	2
ti nspire cx cas ram	2
branson tri lakes property management branson mo	2
jaehyun jung nct	2
incidentally note is made of a small benign appearing low density right adrenal nodule.	2
2930 karnes road, saint joseph, mo	2
ralph lauren diploma frame	2
a friend	2
b0aty	2
second city	2
palazzo apartments houston tx	2
which of the following is the path to the insert cells arrow	2
pacific rim	2
android smartwatch affordable	2
banock st,aurora ,co	2
best way to buy cheap property in stl	2
kayak	2
kayak flights	2
wwv frequencies	2
fozzies st louis	2
league pbe	2
o shit waddup	2
daniela andrade death cab	2
calc 3 khan	2
overseeing you making the right choice	2
bill clinton before and after photo	2
fidelma o'leary	2
spotify web player	2
shutterfly	2
ted cruz	2
ads	2
gmail to outlook	2
naver ???	1
porn stars with best bodies	2
boone county national bank	2
espn	2
vanilla wow nude mod	2
minecraft texture packs dragon dance 1.6.4	2
é»‘å•¤é…’æŽ¨è–¦	1
×¡×™×¨×™ ×œ×× ×“×¨×•××™×“	1
if cows in a pasture are lying down, itâ€™s going to rain	1
pandapow ä¸­å›½	1
naver ã¾ã¨ã‚	1
a nurse working in a detoxification unit is admitting a client for alcohol withdrawal. the client's spouse states, "i don't know why i don't get out of this rotten situation." which is the therapeutic response by the nurse?	1
a client with guillain-barrÃ© syndrome has ascending paralysis and is intubated and receiving mechanical ventilation. which strategy should the nurse incorporate in the plan of care to help the client cope with this illness?	1
error in .jcall("rjavatools", "ljava/lang/object;", "invokemethod", cl, : java.util.zip.zipexception: invalid code -- missing end-of-block	1
æ„›ã®å¤ªé™½ haruka	1
which of the following methods are overloaded with respect to one another? public int max (int a, int b) { â€¦ } public double max (double a, double b) { â€¦ } public int max (int a, int b, int c) { â€¦ } public double max (double a, double b, double c) { â€¦ }	1
what do the following statements do? double[] array; array = new double[14];	1
/ person.java // creates and manipulates a person with a first name, last name and age public class person { private string firstname; private string lastname; private int age; public void person( string first, string last, int years ) { firstname = first; lastname = last; if ( years < 0 ) age = years; } // end person constructor public string getfirstname( string firstname ) { return firstname; } // end method getfirstname public setfirstname( string first ) { firstname = first;	1
æ²–ç¸„é«åŽŸéƒµä¾¿å±€	1
ç¥žå¥ˆå·çœŒç›¸æ¨¡åŽŸå¸‚å—åŒºç›¸æ¨¡å°7-6-18	1
å’Œæ­Œå±±çœŒæµ·å—å¸‚è—¤ç™½452-2	1
æ¾å±±çŸ³äº•éƒµä¾¿å±€	1
oliver ames shovel-18; identification	1
ä¸Šæµ·å‡ºå…¥å¢ƒ	1
"french catacombs"	1
find "yvette wallace" in ohio	1
"which of the following allows a computer or mobile deviceâ€™s processor to continue interpreting and executing instructions while a printer prints?"	1
æœªçŸ¥åºåˆ—dnaæµ‹åº ä¸ç”¨ä¸‹ä¸€ä»£æµ‹åº	1
wiseÂ® watch sports watches official site	1
"a night at an inn" starring boris karloff	1
"matt lohman"	1
"show me the way" -frampton hymn	1
they all agreed "any sale not made by all is not valid. the u. s. portrayed the native americans as savages and in a 1785 treaty	1
