popcornflix	1
nearest jcpenney near me	1
naturalizer shoes	1
hollywood casino charles town	1
bus trips to hollywood casino charles town wv	1
regal cinemas potomac yard 16	1
ada county jail	1
laptop dont detect hdmi	1
study island	1
porn.com	1
charlotte flair	1
mobil 1	1
castrol oil	1
tinseltown el paso	1
craigslist	6
frenchtown montana pharmacy	1
fb	2
washington state remote property for sale	1
creiglist springfiels mo	1
indiana polls	1
larry wilmore	1
nexus mod cassandra mod	1
beads	1
huckabee cruz	1
my verizon	1
how to become a real estate agent in minnesota	1
amazon shoes clearance sale	1
facebook	40
site:imslp.org reflective mood	1
amazon	11
edward jones	1
inexpensive patio chair cushions	1
relax shacks	1
woman blow dog	1
partial fraction decomposition	1
pof	2
ghanaweb	1
best snorkeling in florida	1
cape coral	1
–¥–∞—á–Ω—ã–π –æ—Ç–≤–µ—Ç –∑–∞ 1 –º–∞—è 2016	1
eztv	1
protestant trinity and incarnation	1
tokens of trust rowan williams summary chapter 2	1
allfreecrochet	1
yuvutu	1
banamex	1
best mass effect game	1
target	1
suntrust bank	1
cheap plus size clothing	1
yoga in clinton iowa	1
facebook.com login	1
private voyeur	1
nudists resorts in caribbean	1
clemson recruiting football	1
accuweather	6
me before you	1
what's a dso?	1
lodging near swan law funeral home colorado springs	1
the wild unknown tarot amazon	1
decompensated copd	1
hairy pussy	3
x video	1
bitcoin price daily xls	1
excel date every friday and wednesday	1
raised bumps on hands	1
sphax texture pack 1.9	1
manhunt.net	2
purple people eater lyrics	2
pornhub	14
home depot	6
chicken coop plans for 12 chickens	2
ink & main promo code	2
regions	2
lowes cabinets	2
gmail	5
underwood teen killed	3
nba bracket	2
time warner cable jordanville new york	2
astrolabe	2
teen porn	2
domino's dxp	2
houses for sale in delaware ar	2
cool math games fireboy and watergirl 2	2
log home parts	2
dinosaurs called dragons	2
the standard of intelligence of the average adult negro is similar to that of the eleven-year old youth of the species homosapiensî henry fairfield osborn	1
walmart	5
ebay	10
beeg.com	2
jamaica kincaid quotes	2
biografia de olga sinclair	2
4 derechos para respetar los derechos humanos en mexico	2
wwe payback	6
parmak super energizer 5 review	2
does orchardgrass spread by rhizomes	2
how to make icon files windows 7	2
meepit vs feepit guide	2
the chica show review	2
jeep wagoneer build	2
www.ancestry dna	2
ancestry free trial	2
free trail ancestry.com	2
chattanoogan	2
hemmings	2
pornhup	2
starting seeds indoors in egg cartons	2
john deere 755	2
know your meme don't talk to me or my son	2
rockauto	2
android marshmallow external storage	2
fl. lottery	2
1971 kenworth battery hook up detail	2
adultfriendfinder	2
names for a dragon	2
google	9
army surplus	2
l?mina de frutas y verduras	1
del monograma de idec	2
moldes para hacer una manualidad de una taza	2
amaz	2
chick fil a menu	2
4 chan	2
wells fargo	8
chandra flamecaller	2
the truth about guns	2
polk state college	2
where's my refund	2
tn state rules for doctors prescribing narcotics	2
hotmail	4
wtfast	2
generic thank you notes for college graduation gifts	2
loteria nacional	2
youtube	9
orbitz	2
magnemite	2
thundeurus oras	2
koffing	2
fair market value of charitable donations	2
cargurus	2
harbor freight	2
findagrave	2
ascnsion thursday	2
herald dispatch	2
the heroes of telemark	2
watch the americans fx	2
n300 review	2
fix migraines with surgery	2
witcher 3 trophy guide	2
#ÊÂÒ‡ÚÔ‡	1
‚ ‡ÍÚÓ·Â Á‡‰ÂÊ‡ÎË Ì‡ÍÓÚÓ„Ó‚ˆ‡	1
grand rapids craigslist	2
585 porter muskegon mi	2
partners.ringcentral	2
dark souls pretty much unplayable	2
best buy	2
???????? ???	1
use of i in research paper	2
west union, oh walmart	2
willy d's headland	2
outlook	2
biology types of reproduction	2
malia obama sexy	2
fission asexual reproduction	2
parthenogenesis	2
craigslist memphis	2
nuzlocke rules	2
womens names	2
dog dna test	2
https://www.yahoo.com where used ice making machine for sale on ebay	2
videos xxx	2
??? ????	1
rotc blackboard	2
alicia vikander nude	2
torrent search engine	2
jsp page redirect	2
greyhound dog vs italian greyhound	2
western union netspend	2
sometimes nude tumblr	2
top mexican restaurant in grand rapids, mi	2
pittsburg, pa tourism attaractions and hotels	2
game of thrones gendry	2
game of thrones season 4 torrent	2
single pinto bean	2
gunbot	2
craigslist new orleans	2
hawaiian airlines	2
vikings	2
when does vikings return	2
yahoo.com mail	2
what can you do with a general business degree	2
elevation changes from la to lv	2
www.dmv.pa.gov	2
f the market price is $1,000, the producer surplus in the market is	2
when the price is p2, producer surplus is a a+c d+g a+b+c	2
regarder viking saison 4 ?pisode 10 en streaming	1
espn	4
www.collectionsetc.com	2
tom joyner if you missed	2
twc mail	2
is the aryan brotherhood growing?	2
the kkk founders	2
if you don't forgive others i will not forgive you	2
shari's berries	2
edible arrangement pensacola	2
beachfront hotels in destin florida	2
amu	2
hotels myrtle beach sc	2
abilene texas news	2
florissant co county	2
open road rv - smokey point, smokey point boulevard, arlington, wa	2
souillure	2
hadith	2
skyrim blacksmith codes	2
how to forge an axe	2
endi	2
glock 43 vs ruger lcp	2
butter bell	2
weather undrground	2
transformers mark wahlberg	2
powerschool	2
posthumous service medal	2
resurfacing concrete	2
www.nmgco.com	2
okcupid	2
bizmos graphing calculator	2
logy+3logz-2logx	2
white sox	2
wwe payback results	2
sweet william mix	2
stalker ray of hope	2
allegiant	2
accu	4
twitter	2
dota tournament	2
alfred mercier	2
eta canada	2
big seaports near guangzhou (china)	2
ford transit van	2
gta music	2
cali farmers market colombia	2
spokeo	2
when did the night manager preniere	2
i-ready	2
youtube to mp3	4
one punch man season 2	2
west bengal	2
sanskrit	2
use case diagram	2
mix dex cool with antifreeze	2
rush coffee table book	2
craigslist chicago	5
hayley erin	2
kristen alderson	2
airstream	2
ashland ky	2
recreation.gov	2
carrie underwood	2
rain man	2
how to cook a leg of lamb	2
pedometer	2
ı‡ÏÂÈ „‡‡¯	1
dinner on a cruise near sanibel island	2
fortune bay casino	2
why is my slideshow images not viewing the same across activello	2
how to edit popupally	2
amazon promo code	4
metro pcs	2
david bridal	2
linux	2
best metal home building kits	2
409 cleaner	2
4chan	2
indigo children	2
chicago cubs	2
heure couch? soleil horison	1
toshiba satellite a665-s5170 battery	2
yahoo	9
zyngagames.com	2
jcp.com	2
truck air horn	2
amc	2
tennis skirt porn solo galleries	2
define backdoor in movies	2
insulated glass panels for sale	2
booty o's	2
the battle of samothrace	2
1749 north arkansas, wichita, kansa	2
the new world order (wells)	2
nike shox clearance	2
rubmaps	2
what is the purpose of a commutator in an electric motor	2
walmart credit card payment login	2
ronjohnson8.le-vel.com	2
www.radioao vivo.net	2
bundesliga	2
suddenlink	2
nahant massachusetts	2
tmz	2
gust front	2
miradetodo	2
jaidefinichon	2
reddit	4
bang bros	2
livingston seed company red cherry large heirloom tomato	2
biolife	2
firehouse subs	2
codingbat java array-1 solutions	2
elmostrador	2
theclinic	2
chilectra	2
marcella gale hildebrand	2
mail.com	2
grey worm	2
dc 91 gjr5251400r0202 07dc91c 0052 0096	2
kentucky live doppler radar	2
freedompop netgear	2
nip slip	2
49ers news	2
uscca	2
panera	4
framerate drops in dark souls 3	2
pt requirements for marines	2
richard pryor	2
e portfolios generator	2
hippos devouring entire watermelons in one bite is just incredible	2
face book	2
jacob pitkanen soccer	2
yosemite high school sports divisions	2
boss watching hani rap monster	2
daniel ptak aia	2
miami dade case search	2
plant friendly wasp sprays	2
pisanje pisama	2
best weapons dark souls 3	2
dragon head stone	2
the young and the restless spoilers	2
listen to radio online	2
asian pron xhamster	2
powerball	4
how fast is a 1 amp charger	2
family reunion planning	2
government in america outline	2
homes for rent in visalia ca. with pool	2
homes for sale on e mill st freeburg il	2
murgi keno mutant	2
klickitat county public works	2
peripheral neuropathy	2
which of the following statements regarding the corporate form of business is correct?	2
youngest underground anal porn	2
american airlines	4
cerdas.com	2
frozen 2	2
convertible bench	2
batelco quick pay	2
post office change of address	2
trader joe's	2
kayak flights	2
hedges scott funeral	2
www tagged .com	2
surefire flickering	2
tori black double	2
steam summer sale 2016	2
ph61216	2
peliculas	2
kwoloon walled city guild wars	2
beasiswa bagi mahasiswa aktif	2
f1 results russia	2
tattoo artist in kolkata	2
full adder	2
columbine high school	2
yuneec st10+ changelog	2
c5 z06 torque tube bushings	2
liberation	2
$5 worth in 1969	2
rape culture commercials	2
hotels.com	2
craigslist mobile	2
hornbeck offshore	2
employee referrals	2
underground tv series	2
nex	2
benton ar hospital	2
esupcom aix en provence	2
pays africaine avec l'electricite le plus cher	2
crate and barrel	2
googlenews	2
orgasm are getting weaker	2
humbucker pickup pole piece	2
weather channel	2
free spider solitaire	2
leprosy	2
stephanie richards linkedin	2
how to play better dominos a open library	2
how to play better dominos a open librry	2
phyllis george	2
paytm	2
tata docomo recharge	2
movierulz	2
fofocas dos famosos	2
oneida county board of elections ny	2
hyperlite biggin wakeboard	2
classic potato salad	2
fantagazzetta	2
hitchcock shoes	2
warriors live update	2
credit one bank	2
belarc product key recovery	2
what happens if you don't make weight in usmc	2
here you will tread upon a spark	2
real time bill maher	2
red rooster hot sauce	2
klipsch ksf-s5 speaker	2
us weather radar loop	2
tips to survive navy boot camp	2
radiator express mobile,al	2
jake mclaughlin	2
2003 gmc safari radiator	2
gmail login	2
f	2
aerosmith i don't want to miss a thing	2
craigslist lexington ky	2
craigslist austin	2
gemini horoscope	2
karambit	2
home depot coupons	2
restaurants near woodland park zoo	2
leap motion	2
booking macbride garden tours on kauai on line	2
quick books online	2
annthegran	2
can i add fonts that i bought to my monogram works	2
thank you for raising your son to be the man of my dreams poem embroidery design	2
drogba	2
st kitts and nevis inn	2
amy joyner video	2
shion kozakura	2
backpage	4
tips for storing glassware in rv cabinets	2
solitaire	2
wwwyahoomail.com	2
cabdi hani	2
yurub geenyo	2
gun broke mules	2
miami heat	2
her pussy and ass is going to hurt	3
can koi fish live in a pool	2
honda parts	2
xx16teens	3
heaven health therapy, hilltop road, coopersburg, pa reviews	2
the paramount boston	2
bible verse old age	2
hearst castle	2
atari videos	2
designation for one who masturbates	2
squash skills	2
dotties donuts	2
cape dory22@sailboatdata.com	2
xnxx.com	2
build.com	2
drop ceiling tiles	2
free porn hub	2
irritable bowel syndrome	2
mapquest	2
prescription sunglasses	2
what is lucid dreaming	2
directive 8570.01-m	2
town of prentiss, town clerk, prentiss maine	2
goat moon spots	3
cotton button blouses	2
gtk+-2.10.13-setup.exe 32 download	2
harren interests austin	2
http://www.msn.com/?pc=eupp_ue07&ocid=ue07dhp	2
tate county schools	2
voyeur handjobs	2
farm bureau carseat program mississippi	2
craigslist tampa	2
craigslist albany	4
seaworld orlando	2
walt disney world careers	2
pizza hut	2
blu ray upscaled to 4k	2
4k blu ray	2
how to replace gutters	2
twc news jacksonville m/c accident	2
on the town sex tumbler	2
mature fuck tumbler	2
mature fuck tumblr	2
crosman airguns model 338 auto	2
richard l. campbell carsen nevada	2
bmw x5	2
turkey feathers pictures clip art	2
bob dylan fallen angels	2
freedom munitions	2
manually update note 4 n910v to marshmallow	2
amtrak	2
craigslist louisville	2
facebook login	4
engrade	4
psn	2
purchase lay's sausage gravy potato chips	2
make all lines polylines autocad	2
import cad lines into sketchup not working	2
cad lags when flattening	2
tips for closing lines in sketchup	2
create plane from flat surface. sketchup	2
avalon hotel chippewa falls	1
tractor supply company alice tx	2
us composites 635 heat cycle	2
la esclava blanca	2
american horror	2
18 inch tablet	2
i pad pro	2
nko	2
navy prt standards	3
rainer maria rilke	2
emerson best essays	2
gun camo paint kits	2
awesome minecraft seeds	2
bigbuttporn	2
radio shack roku	2
how to set up the roku 1 streaming player on an old tv?	2
craigslist okc	2
louisville ky	2
owner of 1977 corvette needs heat and noise barrier	2
wall chandeliers lighting	2
frankenstein book quotes	2
joe and jill set sail from the same spot with joe sailing	2
bibliography encyclopedic definition	2
palm desert ca hotels	2
iskysoft iphone data recovery not working	2
dove s outlet store	2
country primitive decor online catalogs	2
xvideos	6
used gretsch guitars for sale uk	3
16203 ironwood st 85374	2
cancelling dish tv service	2
dates of civil war	2
smione	2
amazon anti aging	2
ford	2
gunnar glasses review	2
chacos	2
paslode	2
lowes mulch	2
ns horse screen	2
discographie nightwish	2
convertidor	2
how to make bone in pork ribs in crock pot?	2
mustard chow chow pickles recipes	2
weather radar	2
como se escribe 17 en letras	2
redtube	4
best inverter generator for small rv	2
university of iowa parking	2
sudoku kingdom	2
loteria de boyaca	2
sf49ers	2
bookoo	2
?????????	3
freebies	2
des gros sein de point noir	2
xnxx rani	2
tri city hospital vista	2
camper racing site:youtube.com	2
amazon credit card	2
cortina d'ampezzo	2
dewalt table saw dwe7490x	2
trump	2
dominos	4
resilience in seniors	2
equipement installation electrique 2007	2
avg free	2
9gag	2
laptop keyboards keeping typing	2
pvris you and i lyrics	2
florida lottery winning numbers powerball	2
have a cached google page removed	2
trackandfieldnews	2
android tablet in teamwin loop	2
xhamster	2
mental effects of hunger	2
compulsions are best described as	2
which group of severe disorders is characterized by disorganized thinking, disturbed perceptions, and inappropriate emotions and actions?	2
dissociative disorders are most likely to be characterized by	2
40 super hot	2
galottery	2
spawn movie	2
bustyasianbeauty	4
xxx	2
iq test	2
yahoo news	2
keylessdoorlockwithdualkeypadsfor2waysecurity	2
lithium ion battery and lithium polymer battery hazards	2
pocket gophers vs voles	2
jeux de avengers	2
if i could save time in a bottle	2
valkyrie profiel gameplay	2
female fire emblem	2
jithan 2	2
jeb stuart	2
amzon	2
canap? haut de gamme	1
que es aborto	2
converse chuck taylor coated canvas	2
kathrine narducci	2
49ers draft picks	2
windows is not genuine	2
list apartment complex in odessa tx	2
jimmy johns	2
49ers	2
nude japan	2
chopperexchange	2
hoskinson funeral home	2
yepi	2
at&t store	2
romeo and juliet	2
romeo and juliet 1968	2
gmail account	2
sams club	2
dark souls 3 glitches	2
porn hub	4
world naked gardening day	2
eric stoltz	2
hyvee	2
craigslist omaha	4
como el profesional de enfermeria elabora un plan de ensenanza a paciente y familia sobre alimentacion a pacientes diabetico	2
cuales son los objetivos generales en un plan de ense?anza para alimentacion de paciente diabeticos joven 25 anos	2
introduccion para paciente con alimentacion diabetica	3
etiqueta de enfermeria para diabetes tipo 1	4
different types of psychology	2
custom yachts	2
wedding tent rentals east liverpool, oh	2
wedding tents with lights for rent east liverpool, oh	2
chris brown	2
rge	2
cox cable	2
kohls	2
the last lecture randy	2
home weather stations costco	2
my earthlink	2
jcpenney	2
examen de ciencias bloque 4 telesecundaria tercer grado	2
examen bloque 4 telesecundaria tercer grado	2
nvidia video cards	2
generac generator parts	2
american communities trust	2
california polls	2
pizza hut wings	2
biserica baptista portland or	2
gabe's	2
www.facebook.com	2
savage mark ii review	2
savage b-mag 17	2
pontotoc site:walmart.com	2
ammunition store	2
17 hmr ammo	2
t mobile	2
groupon	2
fete des meres	2
detelegraaf	2
test power supply	2
what's playing on tbs right now	2
icloud leak	2
jade castrinos	2
decorah sports now	4
sveba dahlen dealership in lebanon	2
xhamsters	2
electronics recycle location in santa barbara, ca	2
flowers houston texas delivery	2
autotrader	2
modelmayhem	3
aol mail	2
took birth control early	2
tarantulas superworms	3
reddit bleeding after sex birth control\	2
web.com tour	2
220 volt light switches	2
craigslist fort wayne	2
scott pilgrim vs the world	2
it's a 10 leave in conditioner	2
dinar guru	2
yakima craigs list	2
accuweather radar	2
microsoft how to fix 0xc0000022	2
6.8 spc ammo	2
bipasha basu	2
romanzi rosa nativi americani	2
drug interaction checker	2
cowboys draft	2
small dick porn	2
doom game	2
sku grid	2
articles on education during the reconstruction era	2
race and culture at the century's end: a social context for pudd'nhead wilson	2
houston texans	2
what is the main purpose when using geometry	2
information on geometry in daily life	2
excel ?? <?> ??	1
oddee	2
fallout 4 survival mode	2
cheap dog wormers orscheln	2
spotify	2
northeastern states	2
missouri hick bbq, cuba mo	2
cedar tree lebanon	2
aion korean voice pack	2
john deere 5520 price	2
what is the primary purpose of a political action committee?	2
laptop is connected to internet but no internet access	2
www.govdeals.com	2
what is your impression of alexander hamiltonís argument in favor of the electoral college?	1
haircut near waltham, ma	2
build your own saab	2
build a saab	2
aerisdies	2
social emotional learning curriculum high school	2
xnxx	4
mother's birthday poem	2
lego shop	2
bear lake manawa wisconsin homes for sale	2
1.9.2 minecraft mods	2
pound hounds sue marsh quilt pattern	2
corrected calcium	2
big gerb	2
san earth dealers	2
united states attorney criminal resource manual	2
definition of cool guy	2
willie nelson	2
homemade weed killer	2
montgomery bell state park	2
snes rpgs	2
xvideo	3
martina mcbride	2
tekonsha	2
weather	4
lee basselen, mesa az	2
lumber liquidators	2
how to set tv to only display on mac	2
foodlion	2
yaoi	2
butts expension girl	2
shark tale ending credits song	2
iwo 4.04a uva	2
meibergdreef 29, 1105 az amsterdam	2
tyoutube	2
is speaking in tongues real or fake	2
benefits of oatmeal	3
what food have engergy benifits	2
quinoa for breakfast	2
strep throat home remmedies	2
milfs	2
wwe	2
forecast for north bangor ny	2
honda	2
homestead of anoka	2
arbitersports	2
the saint (movie) script	2
wwe payback 2016	2
silicone sleeve for sigelei 75 watt temp control	2
intex excursion 5 with solar panels	2
green magic homes prices	2
black porn	2
mumford and sheet music	2
flower	2
rs file repair key	2
altspacevr	2
tangamix	2
instrument that sounds like stromboli	2
rune factory harvest moon	2
logo kawasan dilarang merokok	2
cerita pembebasan sandera 10 wni oleh abu sayyaf	2
big w sports balls	2
netbank	2
cc caller times	2
villa de appa jefferson iowa	2
free porno	2
footlive	2
new orleans saints	2
conferences in las vegas 2016	2
the red rooster	2
gavel	2
bicycle rack hyundai santa fe	2
tray-style 2 bic rack	3
swagman xtc	2
fitbit	2
mla citation	2
tn lottery	2
cuban sandwich	2
carolyn d'agostino qdro	2
mastic beach ny	2
cum in mouth	2
yakima federal	2
woodbine racetrack	2
terraria inventory editor	2
vikingos temporada 5 estreno	2
fiji water	2
xzxx	2
motherless.com	2
property management gilbert, az chandler, az	2
carafe keurig	2
yahoo.	2
farruko presenta carbon cam	2
maxgames	2
free black porn	2
galaxy note 5 specs	2
new life baptist church, clover south carolina	2
sada el bald hd 44	2
youm7	2
tractor supply	4
sweetwater guitars	3
sim racing central	2
forever 21	2
lori heuring nude	1
katie nolan gymnastics	2
porn	10
blackboard clemson	2
ccleaner	2
video mediaset	2
phil margera	2
where to cast from boat when fish finder spots fish	2
cheapest setup to bowfish at night	2
realtor	2
amal clooney	2
7/8 id needle bearing	2
weird porn	2
commands minecraft	2
the arach's champion	2
six flags over georgia	2
personal stories of a latino first generation student	2
country music hall of fame	2
2 player games	2
cara delevingne imdb	2
nascar	3
aplicaciones de la biotecnologia	2
qu? es la biotecnolog?a	1
que son los alimentos transgenicos	2
nc lottery powerball	2
tabc on the fly	2
skaden11	2
carlo carra	2
check email from other accounts with gmail how often	2
ali express	2
fox news	2
www.medlineuniversity.com	2
wegener's disease	2
alana rains	2
anal massage	2
how to remove and replace power steering pump on 1990 ford ranger	2
medical billing and coding jobs louisiana	2
sturgill simpson lyrics	2
credit karma	2
powerball numbers	2
autozone	2
garden of the gods	2
do i need a directory before the file name in a link for css file	2
nordstrom shoes	2
sodium bicarbonate 650 mg meq	2
d8bz13305a	2
eoaz-3d544-a	2
dana 61 39300	2
subway plainfield, in	2
amc full episodes	2
credit one login	2
keselamatan kebakaran slideshow	2
cara menggunakan fire alarm	2
html img position center	2
importing an excel table into google docs	2
lucy liu	2
havel's armor dark souls 3	2
john deere 4300 service manual download	2
amazon amazon books	2
what time does game of thrones come on	2
underground undercover	2
pirates of the caribbean	2
gwinnett braves	2
the whole ten yards	2
the flash season 2	2
vornado v8 ??	1
cheap snapbacks	2
ihop	2
pornmd	4
free photo editing app	2
is hillary clinton trying to take gun aways from citizens	2
hillary clinton gun control	2
difference between johnnie walker black and double black	2
dark souls 3 pickaxe	2
lands end	2
athleta	2
amazon.com	2
tip for $15 pizza delivery	2
hon. larry seilhamer rodriguez	2
google update download	2
samsung	2
deviantart	2
my ip	2
why is there so much hate against millennials	2
meteo corse	2
prunus pensylvanica	2
kohls mother's day promo code	2
miami vs charlotte	2
acs-education.com	2
orileys	2
tracfone	2
ssa office	2
verizon military	2
efmp	2
planning center online	2
little women la brittany	2
evaluation cm1	2
amazon prime customer service	2
love birds in tree clipart	2
setting margins for printing 5x7 cards 2 per page microsoft	2
honour	2
how to operate terex tx55-19	2
czech hunter 233	2
platonic+soulmates	2
sis	2
nsfw icons tumblr	2
facebook desktop	2
stroomkabel festool domino frees	2
acrylic paint	2
pastel	2
sales the lee house silver spring md	2
craigslist norfolk	2
docs	2
free porn	2
chicken stir fry	2
spicy spanish rice	2
national weather service	2
daily hottie	2
felicia day	2
gamestar	2
private money lenders	2
aol	2
affordable spaying for dogs	2
2000 dodge neon check engine light site:answers.yahoo.com	2
cisco 801.1x	2
westover space a	2
azrael dc	2
lost android	4
does fox have rights to ka-zar	2
jamestown	2
navajo	2
hershey chocolate and caramet candy	2
what a limo might be for crossword	2
autonomia titoli di credito	2
yard pest	2
richland county public library	2
mcdonald's menu	2
nationwide.com	2
stephen shoemaker homestead	2
roland cube ck-60	2
lancaster ca	2
may day	2
paint dupont ivy bronze	2
can you do mri with fillings and crowns	2
zerohedge trump	2
vegetarian dinner recipes	2
trade can make everyone better off examples	2
atlanta hip hop station	2
which of the following radioisotopes is naturally occurring	2
pet plus supply locations	2
sears outlet in clifton park ny	2
dealscube	2
song hindi	2
squash casserole	2
chaturbate	2
p1fcu	2
2004 chevrolet silverado 1500 ls extended cab	3
porn tube	2
??? ???? ????? ?? ????	1
??? ???? ????? ?? ??? ???????	1
terry pratchett	2
www.explosive growth in te church by john c. maxwell.com	2
wral weather	3
forced anal sex	2
burrito recipe	2
marc fisher jenna boot 7m	3
dark souls pyromancy	2
red and white checkered tablecloths cloth	2
fucking doggy style	2
google maps	2
denise deshields woodlawn high school	2
dashields woodlawn high school 1981	2
chronicles of shannara season 2	2
"28"" x 22"" x 14"" inch cm"	1
nfl draft	2
good morning quotes	2
sexy quotes	2
metal roofing suppliers near zip code 48414	2
hidden women piss camera	2
craigslist ri	2
farmers national	2
ask me another	2
mall of san juan	2
sonic menu	2
dictation program for word	2
uncg exam schedule spring 2016	2
will oblivion be backwards compatible	2
vegfest boston 2016	2
radio bonita	2
eagle cam	2
stevie nicks prince	2
sonic chevy	2
drake views	2
floor and decor antioch tn	2
netflix	2
town hall	2
????? ????? bahrain	1
pga tournament	2
the pirate bay	2
john deere x series for sale	2
how to put down mulch	2
kingroot apk	2
?????	1
espn streak	2
tgurls	2
tv de closet	2
download the shannara chronicles	2
projet citerne enterre	2
ztorrent	2
porno gratuit	2
how can i get wire my boat with stainless wire strips	2
who are the models on the porn videos drunk sex orgy	2
david keefer hocky	2
uncle henry's	2
cracker barrel menu	2
hbo go	2
cbd and breast cancer treatment at kettering cancer clinic in ohio	2
hotmail.com signin	2
sca armor	2
how are porn actresses able to produce milk	2
unilastin reviews	2
brewer schedule	2
bayern 1 - 1 m?nchengladbach type	1
beautiful mothers day quotes with pictures	2
greenwood cemetery map in ruston	2
zuko	2
which method of pain management is safest for a gravida 3 para 2 admitted at 8 cm cervical dilation	2
stcu spokane wa	2
sunny leone xnxx	2
google map of michigan	2
university of south alabama bookstore	2
24v battery 33643	2
how do you keep snoball bushes upright	2
slave porn	2
russell wilson	2
evelyn lozada	2
kourtney kardashian	2
kanye west	2
facebook login and password	2
fbc hamilton al	2
tom joyner cruise?trackid=sp-006	2
tawan dennis	2
prince dead	2
how to get alien goat goat simulator pc	2
direct express login	2
francis hennesy, lakeland, fl	2
richard novak obituary, fl	2
jimmy wyatt obituary, fl	2
gmx	2
vote posey county	2
ìkoinaka: koinaka de hatsukoi x nakadashi sexual life	1
stat3	2
george ford survey cowlitz	2
i cloud windows	2
??????	1
copy cd to cd windows 10	2
how to induce vomiting after eating bad food	2
alaska usa	2
undergravel plus power filter	2
libertarian	2
japanese maple tree	2
gmail.com	2
what is service learning	2
baby sacque, , booties and bonnet in shell stitch crochet set	2
antibiotic treatment for mrsa	2
craigslist joplin	2
wet pussy	2
dark souls 3 npc	2
1000 bulbs	2
verizon strike	2
msn	2
craigslist eau claire	2
k and n air filter	2
wells fargo login	2
miracast	2
feeders for chicken homemade for small coops	2
acs	2
truck bed extender mounting brackets	2
aronia berries	2
how to package and sell homemade food	2
hessen feiertage 2016	2
dark souls 3 highest damage weapon	2
weater	2
progressive	2
drudge report	2
taux minefi	2
samsung 6700 for sale	2
oriellys	2
students for a democratic society	2
idaho fish and game	2
abcya	2
prodigy	2
pool pump circulates water then stops	2
nude photos of mexican girls	2
bing	2
centurylink	2
indianapolis radar weather	2
updates of world	2
2nd wedding ceremony kids	2
when does the season 5 of mountin men start	2
lowes	2
cda tractor	2
emo hairstyles	2
supernatural season 10	2
credit one	2
lennod and maisy	2
www gm family first authorization com	2
basecamp	2
human trafficking term paper abstract	2
(6) the sociological approach reveals that	2
coined the term sociology quizlet	3
occurs against a personís wishes and generally takes place within a total institution.	1
is anything that meaningfully represents something else and includes signs, gestures, written language, and shared values	2
who focus on power relations in society suggest that the lifestyles considered deviant by political and economic elites are often defined as illegal. according to this approach, norms and laws are established for the benefit of those in power and do not reflect any absolute standard of right and wrong.	2
best price o yellow queen size cotton bed spreads	2
gazzetta	2
somosmovies	2
natural squirrel repellent attic	2
asian nudes	2
dorian gray	2
teen pussy pics	2
skout	2
in psychotherapy, threats of violence are likely to be ______.	2
lawson state community college	2
the first decade patch	2
????? ???? ta ra rum pum 2007	1
task force reel mower	2
american lawn mower 14 inch push lawn mower	2
3901 wakefeld columbia mo	2
1000 falcon columbia mo	2
canon mg2920 manual	2
hourly solar radiation data	2
ÌÓ‚ËÌË	1
·ÎËˆ	1
pike county ohio	2
how to make a unturned private global server	2
traci dinwiddie	2
syfy games	2
aging well, llc	2
porn hd	3
tigernet	2
kent nutrition group	2
gta v money generator no human verification	2
download gta 5 money hack tool	2
gta v money generator download no survey	2
bass guitar preamps	3
hello	2
disrespecting the maid	2
kaley cuoco	2
just be held	2
chive	2
wfls closings	2
kickass torrents	2
showbox apk	2
advantages of hilton hhonors silver	2
cameron diaz pink industry film	2
kendra wilkinson sex tape	2
snap on mt3000a	2
city colleges of chicago dual enrollment	2
orbitz hotel and flight promo code	2
flight hotel and car packages from stl to sna	2
walmart free samples	2
what happened to lilith adam's first wife	2
freedompop	2
rhea dancer obituary	2
css font-weight	2
jquery on lcick	2
full size bed maine	2
sell out of the money puts on margin for profit	2
ancestry	2
sprint	2
at&t	2
what happens immediately before a volcano erupts?	2
tree of savior armor sets	2
bicycle for salw sasebo japan	2
us bank	2
canonusa	2
random things mod	2
doofenshmirtz	2
rosetti purse ebay	2
how to add game to origin	2
convertisseur flac mp3	2
captain america civil war who dies	2
matrix 4	2
istanbulda sitroen par?a satanlar	1
gender roles in the apocrypha	2
torrents	2
peanut butter cake school recipe	4
yellow pages directory	2
iptorrents.ru	2
craigslist ohio	2
tube galore	2
angela cross	2
internet speed test	2
pittsburgh marathon	2
tv online	2
ebtedge	2
fdle basic recruit curriculum 2015	2
marca	2
remodeling a 1980's mobile home	2
wealth private bank ultra high net worth advisors	2
metro north schedule	2
training a endurance horse	1
the standard of intelligence of the average adult negro is similar to that of the eleven-year old youth of the species homosapiens‚Äù henry fairfield osborn	1
l√†mina de frutas y verduras	1
#–∂–µ—Ä—Å–∞—Ç–ø–∞	1
–≤ –∞–∫—Ç–æ–±–µ –∑–∞–¥–µ—Ä–∂–∞–ª–∏ –Ω–∞—Ä–∫–æ—Ç–æ—Ä–≥–æ–≤—Ü–∞	1
„Ç∏„Éß„ÇÆ„É≥„Ç∞„Ç¶„Çß„Ç¢ „Éê„ÉÉ„Ç∞	1
ÿ≥ŸÉÿ≥ ÿπÿ±ÿ®Ÿä	1
regarder viking saison 4 √©pisode 10 en streaming	1
istanbulda sitroen par√ßa satanlar	1
—Ö–∞–º–µ–π –≥–∞–∞—à	1
heure couch√© soleil horison	1
"avalon hotel" chippewa falls	1
‡πÄ‡∏î‡∏•‡∏¥‡∏ô‡∏¥‡∏ß‡∏™‡πå	3
canap√© haut de gamme	1
„É°„Éá„Ç£„Ç¢„Éó„É¨„Ç§„É§„Éº	1
cuales son los objetivos generales en un plan de ense√±anza para alimentacion de paciente diabeticos joven 25 anos	3
excel Âà†Èô§ <‰∏≠> ÂÜÖÂÆπ	1
what is your impression of alexander hamilton‚Äôs argument in favor of the electoral college?	1
"lori heuring nude"	1
qu√© es la biotecnolog√≠a	1
vornado v8 Èú≤Â§©	1
ŸÇÿµÿµ ŸÜÿ≥ÿßÿ° ÿ™ŸÜÿ™ÿßŸÉ ŸÖÿπ ÿ≤ŸÜŸàÿ¨	1
ŸÇÿµÿµ ŸÜÿ≥ÿßÿ° ÿ™ŸÜÿ™ÿßŸÉ ŸÖÿπ ÿ∫Ÿäÿ± ÿßÿ≤Ÿàÿßÿ¨Ÿáÿß	1
28" x 22" x 14" inch cm	1
ŸÇÿßŸÜŸàŸÜ ÿßŸÑÿπŸÖŸÑ bahrain	1
ŸäŸàÿ™Ÿàÿ®	1
bayern 1 - 1 m√∂nchengladbach type	1
‚Äúkoinaka: koinaka de hatsukoi x nakadashi sexual life	1
Ê°ëÂ≠ê„ÄÄÁÜäÊú¨Âüé	1
occurs against a person‚Äôs wishes and generally takes place within a total institution.	1
ÿßÿ∫ÿßŸÜŸä ŸÅŸäŸÑŸÖ ta ra rum pum 2007	1
–Ω–æ–≤–∏–Ω–∏	1
–±–ª–∏—Ü	1
