qvc	1
small block chevy numbers	1
small block chevy identification	1
phalarope spinning	1
world of warships	1
pointer to array of pointers	1
what happens to danse after mass fusion	1
riders on the storm	1
msn	1
gwen's new song about blake?	1
afrin increase heart rate	1
is cydiaios7.com fake	1
reuters one teen killed one hurt on carnival ride	1
washington post cancer drugs	1
youtube.com factorio	1
massage envy	1
panda the paige	1
the credibility gap vietnam	1
realities of war	1
benefit to limited war	1
private military companies and money	1
drop the mic	1
after the thrones	1
hodor	1
wild nettle root	1
rc willey	1
5e dungeon master's guide pdf	1
rev. hermann bauer	1
goal orientation problem solving	1
33 full movie free	1
cranberry cheer febreze	1
digital extremes	1
nude yoga	1
skyrim unlock spell mod	1
ark survival god mode	1
ark survival evolved server ranking	1
star trek wesley crusher meets native americans	1
novel of soviet occupation of united states	1
how to checj if ram is dying	1
what instrument is john cena song	1
checking disk removable disk stuck	1
kissanime	1
nhentai	1
spirits airlines	1
hunter raid wow	1
artie burns	1
reno police department keitzke meadowood mall	1
arellano felix	1
dragon cav	1
miss ms sr	1
macu	1
speach	1
amour jetable	1
facebook	13
we play season 3	1
nina dobrev	1
contour roam 1600	1
southwest airlines	3
star wars battlefront switch view	1
what is the d pad on xbox	1
bookoo	1
ikea	1
imdb jurassic world	1
barnes and noble	1
mayra hills blog	2
juno	2
speed test charter	2
fnaf game creator	2
swim meet of champions 2016	2
tanuki	2
types of settlements	2
types of human settlements	2
nike factory store las vegas	2
amplified bible king james version	2
peter bancel	1
ford 302 v8 engine complete engine	2
women's apparel, 100% cotton, linen mcs	2
solarmovie	2
vuela corazon lyrics	2
invitation templates	2
intruders	2
when a dc voltage is first switched across an lr circuit:	2
the man who shot liberty valance song	2
las vegas craigslist free stuff	2
las vegas craigslist tools	3
carros de venta en las vegas	3
bad credit credit cards	3
purple high top sneakers mens	2
find mp 3 s	2
is aleeve dangerous	2
springdale coffee shop utah	2
cobb tricked out forester	2
first german nfl player	2
message in a bottle bl2	2
battlefield bc2 serial key	2
cms commander	2
driscolls?	1
spinnerchief	2
one nevada	2
boa	2
craigslist reno	2
mpix	2
mpix first order coupon code	2
www.green valley ranch casino	2
centurylink	2
pewdiepie refugees	2
amazon	7
corset topless shemale	2
lesbian shemale	2
correspondents dinner video	2
san francisco box in apartment	2
beyond bed and bath	2
downcity	2
who does the voice of the fire in howl moving castle	2
grace bodas	2
cuando el amor entre nosotros era intenso, podr?amos haber vivido juntos en la punta de una espada	1
emana definicion	2
supeditado sinonimo	2
the us cost for wars in the middle east	2
what is the nash icon award	2
bank of america	2
saint mary's medical center	2
mlb	2
how to file complain to wells fargo branch manager	2
the file or directory is corrupted and unreadable	2
watch criminal minds	2
happy wheels	4
colony kongregate	2
celtic knot solver	2
browning buckmark review pistol	2
motorcycle	2
can a downloaded itune song be changed to hear it in different key	2
ddc codes	2
nevada humane society	2
melhores nerdcast sr k	2
cameron mcevoy talk technique	2
download twitter videos	3
whole foods 365 marketing	2
365 whole foods target market	3
jamaica	2
dante's inferno pictures	2
henry morton stanley	2
candide el dorado analysis	2
best armor ftb infinity	2
lovemyanime	2
solving trig equations worksheet	2
google docs	4
keeping up with the kardashians s12 e1	2
unidata	2
broadcast	2
olleh music	2
regular unleaded gas 81	2
home appliances with microprocessor	2
msn celebrity news	2
c sharp program that creates browser window	2
turbo 2 specs	2
riddles for kids with answers	2
parent link login page	2
best audiobooks	2
does bank of america do money transfers	2
dnd aasimar	2
avacyn	2
dnd red knight	2
frozen to death	2
further future	3
paypal login	2
the story of the sun for the vampire	2
gamecube roms	2
1876 ore coin	2
plastic shoe favors	2
dc universe animated	2
192.168.l.l	2
gina carano	2
mp560 airprint	2
cnet	2
tmcc cosmetology	2
16p 32t involute gear cutter.	2
sushi roku	2
northcutt site:youtube.com	2
yao guai	2
unreal tournament	2
how to choose what applications open on start	2
infowars	2
devotchka	2
how to hire more units in dungeons 2	2
paypal	2
safe link.com	2
protector of the concord dawn	2
best quality	2
fascism and authoritarianism	2
thin goth girl	3
upstream qos (optimize for gaming)	2
saltcityred	2
buca di beppo las vegas	2
pittsburgh newspaper	2
byd vs proterra	2
longest time on a charge with a power wheels battery	2
how to wash a lens cleaning cloth	2
riley reid cuckold	2
como vamos a acampar, cada uno debe llevar su	2
www.bankofamerica.com	2
on demand korea	2
nike plus	2
easy peanut butter cheesecake recipes	3
cassie turner facebook	2
tall stunning blonde massage	2
jack iin the box	2
francesca mae lee	2
karson bruce	2
pinko	2
pinko toy	2
guild wars reddit	2
prescription drugs list	2
cg3000drg authentication issues for new devices	2
google maps	2
jewel's bakery and cafe in phoenix.	2
opskins redeem code	2
dragon ball super 41	2
progresse chart	2
wordpress child theme template	2
child theme genesis free	2
eden of the east opening quotes	2
jerusalem cricket	2
remotelink.asus.com	2
las vegas craigslist	2
ikea las vegas jobs	2
indeed las vegas	2
tradutor	4
odyssey.com	2
amazon ipads for sale	2
san deigo state basketball	3
eos las vegas	2
tonir oven for sale	2
commercial tandoor clay oven armenian	2
call express scripts	2
cast to lg music play speaker pin	2
sslproxies24 blogspot com	2
bonnyville canada	2
winderfarms.com	2
powerpuff girls 2016 animation errors	2
delivery food las vegas	2
can illegal immigrants vote in california	2
examples of gender stereotypes	2
owl purdue apa in text citations	2
what does irish sound like	2
how to play flac files	2
30 days past false charge on credit card	2
vintage drum dealers	2
gretsch vintage drums for sale	2
the division exploits	2
switched at birth 2016 premiere	2
national sleep products brown comforter	2
wayne tanaka	2
stem paper airlplanes	2
may 2016 calendar	2
lms for elementary schools	2
online elementary curriculum	2
school within a school elementary behavior	2
fred gdp	2
real inflation rate	2
corporations moving headquarters overseas	2
what happened to andrea tantaros	2
convert vhs-c to dvd	2
cheapest convert vhs-c to dvd	2
first manufacturing	2
jbugs	2
rob paulsen	2
daily prayers	2
bing	2
is there such a thing as having too much potassium	2
jszip	2
luau party ideas	2
drudge	2
hulu zatoichi	2
torae entitled 320kbps	3
bobby fischer	2
samsung ssd migration signature collision	2
tim daly and tea leoni	2
aafes on masirah island	2
rollie eggmaster review	2
best linux for windows vista	2
old checks the address is wrong	2
mrsa	2
showdown	2
dew point calculator	2
web campus unr	2
youtube red benefits	2
boulder station movies	2
petsmart	2
mujeres peludas desnudas	2
david bowie you tube	2
davey miller surf videos you tube	2
kimber 1911 9mm	2
how to search chrome bookmarks by date	2
js code editor	2
yahoo mail	6
playstation	2
how do i train my voice for ok google	2
google settings app	2
andaman tribe	2
szechuan pepper	2
hotel deals reno nv	2
erich remarque bartanina	2
samsung forums	2
android 6.0.1 emoji	2
rx8 accessories	2
can't delete folder access denied windows 10	2
an example of a plant and an animal that have evolved together is	2
the flowers produced by angiosperms help ensure the transfer of gametes by	2
tips for installing porcelain tile	2
greatpeople.me	2
helicopters with cameras controlled by ipad	2
wellsfargo	4
khan academy	2
contractile ring define	2
graphing calculator	2
youtube videos have no video	2
bibliocraft book copying	2
centurylink fiber	2
cox fiber	2
cox gigablast	2
nabard golha	2
zootopia	2
katy b honey	2
ricegum	2
christian horner	2
what were pinkerton men?	2
ninja bl820 walmart	2
mtv first vieo	2
comfort inn kingman az	2
hualapai mountain resort	2
divergent girl	2
"what has a diameter of 54"""	1
what do you assess with bryant's traction quizlet	2
www.gmail.com	2
www.bubblewitchsagafacebook	2
adobe stock	2
integrating math into reading	2
we are the ship genre	2
essential tremor	2
pubfilm	2
?????????	1
facebook login	2
golden rice gmo	2
google earth	2
office 2007 update acrobat pdfmaker to acrobat dc	2
costco gun safe	2
most expensive motor oil brands	2
2016 in video gaming	2
recreation.gov	2
pokemon sage	2
what gives member contribution heroes of atlan	2
satisfactory academic progress	2
currency in panama	2
bl-52uh	2
pandora	2
wine searcher	2
skyrim symbol	3
google drive	3
soulcraft apk mod	2
richard cloward	2
regnerus wilcox	2
elko county nevada 4-h	2
haystack	2
rotten tomatoes	2
shiritori	2
dungeon crawler	2
traditional 401k vs roth 410k	2
do national guard get school benefits after service	2
tropical smoothie	2
hp pavilion dv7 drivers for windows 7	2
how to make my cat breath smell better	2
best shows on netflix	2
iccu	2
xnxx	5
thaumaturge	2
6/10 fraction	2
project free tv	2
autocad 2016 crack plus serial torrent download	2
http://thepiratebay.org	2
does the word olympic need a capital letter	2
gcw zero steam	2
national geographic guns germs and steel	2
netflix	3
lvl up expo	2
free erotica letters	2
engineer boat names	2
kestrel	2
bridal show ideas for vendors	2
apa citation generator	2
gary manufacturing custom windshield drapes	2
gary manufacturing custom pleated windshield drapes	2
obma gets defcit down by two thirds	2
hot chicken	2
volaris.com	2
ebay	2
goocubelets the algoorithm	2
crimsonland	2
elysium blood games-	2
paolo bediones sex	2
youtube	12
river bend rv park reno	2
eolus wind	2
why is to kill a mockingbird banned	2
sportsmans warehouse	2
what is the best flight simulator	2
sleep disorders center, 1101 medical arts avenue ne, building 2 albuquerque, new mexico 87102	2
freeporn	3
847 e birken st washington	2
805-301-5277	2
fiddleheads	2
boris zaks	2
dobby 15344 @hotmail.com	2
lordvessel	2
incon	2
hotels studio city	2
apple bees	2
japanese word diet	2
mad max english subtitles	2
nevada transgender laws	2
do you need ap calculus for video game design	2
cannon shooting pop bottles	2
matthew 2	2
1671 projector bulb	2
uber	2
according to levinson, if people do not go through a mid-life transition, they will live a life of:	2
quadrilaterals abcd will be reflected across the x axis	2
www.powerball.com	2
d-180 sugar	2
mist	2
malware detected by google chrome	2
dread crew of oddwood	2
minecraft shaders 1.7.10	2
submit url to google	2
piratebay wont let me download	2
guided by voices set list	2
nordstroms mens watches	2
123rescue@com	2
using standard free energy of formation values given in the introduction, calculate the equilibrium constant kp of the reaction cl2(g)+2no(g)?2nocl(g) the standard free energy of the reaction represents the drive the reaction has under standard conditions to move toward equilibrium from point a to point x in the diagram. express the equilibrium constant numerically using three significant figures.	1
consider the vaporization of liquid water to steam at a pressure of 1 atm.	2
the normal boiling point of c2cl3f3 is 47.6 °c and its molar enthalpy of vaporization is 27.49 kj/mol. what is the change in entropy in the system in j/k when 24.1 grams of c2cl3f3 vaporizes to a gas at the normal boiling point?	1
which one of the following processes produces a decrease in the entropy of the system	2
game thrones hbo	2
ring of the beast 3.5	2
lexus 1s 250 90000 service	2
season 6 monk builds	2
innas season 6 build	2
fwend	2
unilateralism	2
gmail	4
uhaul van vs 10' truck	2
goal zero	2
kodi 6.0 jarvis	2
orion catalog	2
walmart	2
fuck the teacher	2
snga	2
wise company owns 30% interest in the stock of dark corporation. during the year, dark pays $20,000 in dividends to wise, and reports $200,000 in net income. wise company's investment in dark will increase wise's net income by	2
dependent personality disorder	2
ross	2
the puzzled look on his face seemed a clear indication that he _____ know the answer.	2
lucidservices exe	2
bleach mod	2
tales of demons and gods 71	2
what is drake's biggest hit?	2
lines between blocks minecraft	2
best free pc game site	2
baby face text symbol	2
uf6450 lg miracast	2
walterfootball	2
sega cam lock	2
squishies	2
how much money does djibouti have	2
white house correspondents dinner 2016	2
chiropractic abbreviations	3
windows 7 lock screen 64 bit	2
mla generator	2
playboy bunnies	2
piroshki where to buy	2
mastering chemistry	2
calculate ?g° for the autoionization of water at 25 °c. kw = 1.0 ? 10-14.	1
if ?h = -70.0 kj and ?s = -0.400 kj/k , the reaction is spontaneous below a certain temperature. calculate that temperature.	1
google cats	2
st maarten	2
las vegas beekeepers	2
american airlines	2
lab 6.2.4.2 researching broadband internet access technologies	2
luke 10:29-37 summary	3
hulu	2
font	2
fallout 4 1.5 crack	2
george shooting lennie pictures	2
george shoots lennie	2
h2so4 arrhenius acid or base	2
how many hydronium ions can one molecule of a diprotic acid form?	2
why do gases naturally mix with each other when combined?	2
what is the molarity of an hcl solution if 125 ml is neutralized in a titration by 76.0 ml of 1.22 m koh?	2
library carson city	2
holy grail osrs	2
scholarship award letter	2
windows 7 updates download	2
hresult: 0x80070091	2
dis	2
losses on an exchange of plant assets that has commercial substance are	2
a factory machine was purchased for $125,000 on january 1, 2013. it was estimated that it would have a $25,000 salvage value at the end of its 5-year useful life. it was also estimated that the machine would be run 40,000 hours in the 5 years. the company ran the machine for 4,000 actual hours in 2013. if the company uses the units-of-activity method of depreciation, the amount of depreciation expense for 2013 would be	2
what would mary ann do?	2
phantom of the opera poster	2
702-369-6454	2
nfl.com	2
bane darkness quote	2
constantine	2
don't wake me box fox	2
gene simmons	2
happy birthday	2
mopeds craigslist vegas owner	2
nba scores	2
playdoh	2
how to take an astro picture with d5300	2
plan your garden online free	2
steve's carts	2
how to modify a steve's carts	2
ampacity distance derating	2
ultimate guitar	2
antique raincoat	2
find a beautiful mother of the bride dress for me	2
replace car title in nv	2
taco bell menu	3
tire center reno 89509	2
where to buy contemporary style patio pots and planters in las vegas	2
cher coulter	2
lexus ls400	2
city of north las vegas	2
industry mondays las vegas	2
(956)261-2225	2
star citizen	2
horizon zero dawn	2
sony xdcam x70	2
airvpn	2
shadowflame hearthstone	2
malkorok hearthstone	2
andy lieberman niemann pick	2
ross university school of medicine	2
saddlehorn drive	2
monique yingling	2
tim and jennifer herbst vegas	2
curse voice	2
only the good die young	2
is the puppy likely to urinate on the couch again	2
quest laboratory	2
winzip free code	2
people don't care unless it affects them personally	2
stuffed portobello mushroom recipe	2
jdownloader reddit	2
to use a microphone in a blackboard collaborate session you must	2
rhcsa certification time	2
chase bill pay	2
bill medley	2
falcondn 2	2
cardiac killer feet	2
rtc las vegas	2
what bus takes to the airport las vegas	2
aerosol tsa	2
rtc	2
sams club	2
las vegas transit	2
370z	2
order ca birth certificate	2
ca.gov	2
least expensive places to live in utah	2
deanna stucker beachwood burbank	2
sex on the pct	2
senior citizen community near langley afb	2
face	2
pink floyd then and now	2
a study at henry ford hospital in detroit, mich., found that patients living in high-poverty neighborhoods were 24 percent more likely to have a readmission when compared to their peers in higher-income neighborhoods.	2
star nursery	2
naruto butt move	2
st mary's chapel yolo ca	2
plateau of tibet description	2
msn news	2
recent synonym	2
wixvi	2
girlsdoporn compilation	2
crowded watchseries	2
kaiji 2 movie free streaming	2
it follows	2
how do they make foie gras	2
easy cut studio crack	2
apwh period 6 spice chart	2
warehouse jobs	2
why always split 8s	2
savage 93r17	2
orleans hotel layout map	2
razer deathadder vs mamba	2
brickforge	2
celine dion tickets	2
aliexpress	2
forever 21	2
rcp polls	2
speed jacks	2
many colors book review	2
centurylink how to say no the hollywood way	2
unr nursing requirements	2
ronald reagan jelly beans	2
jetpack america	2
southwest	2
send money online to the philippines	2
san diego zoo vacation package	2
whole class discussion framework	2
wells fargo	2
orleans casino	2
pain lands	2
carrentals	2
fox rental car	2
john cena make a wish count	2
air force 341	2
salvation army	2
how to take sweater off dog	2
horimiya manga	2
convert number into international dialing	2
last man on earth	2
divorce in las vegas	2
4x8 trailer camping	2
color melon	2
rzeczpospolita	2
canvas	2
club penguin	2
nhs	2
craigslist las vegas	2
antje22	2
jordan decomposition	2
online word games for grade 3	2
slitherio	2
woman smothered to death with money	2
metro pcs	2
george hw bush	2
washington dc population	2
dare vinta crackers	2
www.google.com as home page	4
avengers civil war full movie	2
arctic cat	2
ford 4.6 intake tsb	2
tinder pick up lines	2
elise builds	2
target	2
lego disney minifigures for sale	2
dream of pregnancy	2
sequential art	2
usps	2
alprazolam er 1 mg	2
plynomial degree	2
can i make a downpayment on a car with a credit card	2
haszn?ltaut?	1
shin sato	2
falcons fortune dragomon hunter lyalty points	2
difference between recreational and medical use of weed	2
ott tv box remote code	2
dissolution of fe(oh)3	2
is there a way to lose weight without getting loose skin	2
ap chemistry score to get a 5	2
free rice how does it work	2
spelling rules 3rd	2
eau sauvage cologne by christian dior on ebay	2
dior sauvage 3.4 oz	2
pluck foam for plano case	2
plano cases	2
chiropractic sports wellness	2
charlie in girls	2
ces devotional 2016	2
delirio	1
fbi reno nv	2
youtube pair	2
nhra tv schedule	2
google analytics	2
coenzyme q 10 skin	2
medihawk uk	2
bellavei	2
how can i fix the ui on my hannspree tablet	2
top salad dressings	2
cost of tooling required to make rifle barrels	2
cost of m1a kreiger barrel	2
replacement barrel for m1a	2
308 accuracy node load	2
physioadvisor elizabeth st, melbourne, victoria	2
kristensraw.com phone	2
how to reduce video size	2
elena of avalor	2
www.chase.com	2
adidas tubular gray radial	2
nike vapor golf balls	2
blues in the desert buddy guy	2
sons of anarchy season 6 episode 4	2
sagarin npera ranking	2
replacement boards for yard bench	2
blinds toppers	2
winter storm in february 2016 in reno	2
superpages.com	2
mood lights	2
jonathan m velasco las vegas nv	2
life tv show cast	2
????????????	1
observed effect of atoms	2
cheeto flavored vape	2
] in what order are edges added to the minimum spanning tree (mst) using kruskal's algorithm? list the edges by giving their endpoints.	2
google spanis	2
la ecologia problemas ambientales	2
cartier tiffany	2
desmos	2
how to take the password off an android	2
hotmail	4
daughters of the american revolution	2
nikon sd-9 battery pack for sb-910 and sb-900 flashes	2
premiere pro written tutorials	3
back to black lyrics	2
evernote forum	2
t18ssmx	2
ashtanur bread	2
ultra petroleum	2
konachan	2
lvvwd	2
clip champ	2
rotate settings flex 3	2
us bank, 89441 hours	3
2 player games online mario	2
emperor's new clothes lyrics	2
sara jean underwood dancing nude	2
for you david ryan harris tabs	2
twitch tv nude	2
sonnet 130	2
redwood national park drive through tree	2
garmin etrex 20x gps reviews	2
warcraft	2
internet solutions reno	2
guild wars 2	2
christian full movies 2016 youtube	2
what where the purposes and consequences of the cultural revolution in china	2
what are the causes and effects of the cultural revolution in china	2
swiffer wet jet	2
andiron steak	2
in ben 10 omniverse what aliens should i use	2
how to compress grf file rathena	2
nevada dmv	2
backpack curvature	2
tsa rules on firestarters	2
upload pictures from web to instagram	2
jap. wife fucks stranger at train	2
aol mail	2
oriental trading	2
iron maiden dance of death	2
petedge	2
cheap dog hair bows	2
semi truck accessories reno	2
mobile diesel mechanic in northern nevada	3
stoning	2
colin lane+	2
twitch html code template	2
cox internet promo code	2
nyc serbian orthdox cathedral of saint saba	2
porno mexicano	2
web browsing on curved monitor	2
expedia key bridge marriot	2
gram symbol si	2
learn to code	2
1 ml = 1 gram	2
penis text art	2
gmail wont connect to outlook	2
best bluetooth headphones 2016	2
little caesars	2
dvd rip windows	2
gran ca?on	1
fallout 4 spectacle island	2
vegasinsider	2
dog allergies	2
lennar las vegas	2
ps2 red ninja	2
anja dee	2
assylum openload	2
maine food stamps recipients party affiliation	2
tvg iptv mag254	2
applied bank	2
rewrite each of the following as an equivalent expression with rational exponents	2
the ones who walk away from omelas literary devices	2
jeremy bernal 2016 april pack	2
foretopmaststuns'l	2
jobs from home in las vegas	2
cannery casino jobs	2
stella by starlight lead sheet free	2
existential definition	2
autozone rethread kit	2
toronto raptors	2
home depot las vegas	2
using magnesium fire starter video	2
ghost town carnival lyrics	2
mangahere thegamer	2
starbound weapon effect enemy bomb	2
printable blank nv sales tax form 2016	2
how did spandam get his rank	2
platinum discount warframe	2
cast of game of thrones season 3	2
letcher county ky real estate	2
greyhound dog trainers standing palm beach	2
bank of america near somerset ky	2
free food washoe county nv	2
rv motorhome for sale by owner	2
crim neg	2
unlv database	2
dead space cheats	2
french bread recipe	2
wow build sporregar faction	2
john hancock preferred income fund	2
term life trailer	2
tmorph update	2
coin of many faces how to	2
vintagevegasentertainment.com.	2
homemaker data no longer present?	2
roblox	2
best rfid protection	2
how to get windows explorer back	2
pewdiepie happy wheels	2
tiiro	2
las vegas water district scandal	2
boy name meaning devastate	2
name meaning of mortis	2
davila twins planetsuzy	2
ariel rebel porn forum	2
sunrise hospital	2
cla fish oil l carnitine	2
unity statics	2
unity button text	2
unity getcomponent rigidbody2d	2
my girlfriend has a guy best friend	2
eyeglasses online	2
warframe planets	2
petta in washington state	2
ronald l funk 26211 348th ave se ravensdale washington	2
nude beach black guys jack off	3
voyeurs black guys jack off	2
holika holika pig-clear make up zero cleanser	2
olive young sulwhasoo	2
free cash flow equals cash provided by operations less capital expenditures and cash dividends.	2
if a company reports a net loss, it	2
in calculating cash flows from operating activities using the indirect method, a gain on the sale of equipment is	2
snail repairing foam cleanser review	2
philippine cobra	2
segregated restaurant	2
long gone	2
unboxing a rey funko pop	2
return to dr kuhlman	2
7006 amsterdam ave, citrus heights, ca 95621	2
port angeles, wa	2
retrograde analysis holmes	2
dr scholls inserts	2
dreambox kid login	2
what code does unity 5 use	2
irony in the old man and the sea	2
state of american workplace report	2
employee engagement gallup 2015	2
papa murphy's	2
martin dm 1996	2
peter case	2
a b0x up high talos pricinple	2
gateway one lending	2
sex porn	2
connect plus	2
come to the evil ledge	2
ambercutie webcam	2
create your own music	2
fife dog tribe called	2
verizon customer service phone number	2
dirty bomb kira porn	2
supreme commander good templates	2
bissell cleanview rewind pet	2
big ass anal	2
craigslist	2
alone season 2	2
asus x756ux review	2
asus x756ux-ms71-ca	2
azealia banks hey hi hello	2
moviespoiler	2
warriors	2
gastritis foods to avoid	2
campgrounds near auburn ca	2
us bank credit card login	2
lids.com	2
eq anguish bp	2
grocery outlet	2
seat checker	2
scala as400	2
play.api.configuration$$anon$1: configuration error[cannot connect to database [default]]	2
md319040	3
kilt	2
starbucks	2
crossout open beta	2
town of salem	2
environmental protection agency	2
terribles oil change coupon las vegas	2
how to import photos from iphone to windows 10	2
gamestop weekly ad	2
fry's electronics	2
list of once upon a time episodes	2
beethoven	2
best place to place crosshair csgo	2
priestess ring dark souls 3	2
orbeck of vinheim	2
cody kessler stats	2
mens warehouse	2
windows movie maker	2
virtual dub	2
minha oi	2
como fazer liga??o internacional vegas	1
cam sites	2
force recon equivalent royal marines	2
where did cheese originate	2
host of river monsters died	2
why do some websites load html	2
kickasstorrent.so	2
saya song anal	2
torrents	2
read game of thrones	2
he never died trailer	2
1996 pontiac sunfire maf	2
cool	2
where is the security code on a starbucks card	2
2315 stockton blvd	2
marriott sacramento stockton blvd	2
hotel med park sacramento	2
lg lrg3081st	2
lularoe	2
that shit had me feeling real serene	2
best type of fire extinguisher to use on an engine fire	2
grupos de interes de banco santander	2
quinoa	2
live stream manchester united	2
big b's texas bbq henderson	2
battleborn wiki	2
cloud storage reviews	2
how secure is google drive	2
z nation trailer	2
the joint at the hard rock	2
game beasts pc two player	2
hi im dora lets go explore some shit	2
dewey veterinary medical center	2
of monsters and men	2
play store app	2
speed and strength fog free visor	2
www.raisingcanes	2
burnt usa today review	1
zillow las vegas nv homes for sale	2
best mattress	2
playmonopoly	2
du hast mich	2
karen mart?nez	1
google maps las vegas	2
bluedevil pure -n-go	2
naughty dog contact	2
contact sony playstation	2
cannot find reference load in image.py	2
pygame mixer won't play music	2
1808 mackay	2
royalty free images	2
como hacer la raya en el pelo	2
bankofamerica	2
sound system lyrics	2
least i could do	2
ign	2
lost girl season 4 episode 13	2
foxy lady hendrix lyrics	2
the kinks “you really got me lyrics	1
korean air pay later	2
sandy valle azurite mine	2
jagdpanther entak	2
planet minecraft	2
bluebird card	2
hex color codes	2
hbo now	2
ranger chrono nixon	2
niaraki, fahimeh rezai	2
180 whispering oaks way jackson nj	2
youtubetomp3	2
hearthstone legendary confessor priest deck	2
susana gimenes	2
el rubius es illuminati	2
atlantic hotel hamburg	2
do girls send nudes to friends	2
narcomantas definition	2
carla hamel instagram	2
what does anti death do in gauntlet dark legacy	2
g2k	2
dying light weapons docket good for more than once	2
grassy field	2
"peter bancel"	1
driscollsâ€¬	1
cuando el amor entre nosotros era intenso, podrÃ­amos haber vivido juntos en la punta de una espada	1
karen martÃ­nez	1
the kinks â€œyou really got me lyrics	1
what has a diameter of 54"	1
à¸•à¸µà¸ªà¸´à¸šà¹€à¸”à¸¢à¹Œ	1
using standard free energy of formation values given in the introduction, calculate the equilibrium constant kp of the reaction cl2(g)+2no(g)â‡Œ2nocl(g) the standard free energy of the reaction represents the drive the reaction has under standard conditions to move toward equilibrium from point a to point x in the diagram. express the equilibrium constant numerically using three significant figures.	1
the normal boiling point of c2cl3f3 is 47.6 Â°c and its molar enthalpy of vaporization is 27.49 kj/mol. what is the change in entropy in the system in j/k when 24.1 grams of c2cl3f3 vaporizes to a gas at the normal boiling point?	1
calculate Î´gÂ° for the autoionization of water at 25 Â°c. kw = 1.0 Ã— 10-14.	1
if Î´h = -70.0 kj and Î´s = -0.400 kj/k , the reaction is spontaneous below a certain temperature. calculate that temperature.	1
hasznÃ¡ltautÃ³	1
"delirio"	1
å¥³æ€§è¿½åŠ ãƒœã‚¤ã‚¹ï¼’ï¼‘ã‚»ãƒƒãƒˆ	1
å¥³æ€§è¿½åŠ ãƒœã‚¤ã‚¹ï¼•ï¼”ã‚»ãƒƒãƒˆ	1
gran caÃ±on	1
como fazer ligaÃ§Ã£o internacional vegas	1
"burnt" usa today review	1
