how many times has trump gone bankrupt	1
melee you're not perfect	1
johnny manziel	1
planet darkages bow skills	1
going rate for photo shoot in albuquerque	1
boulder co weather camera 5/1/16	1
phh mortgage	1
side effects sulfasalazine dogs	1
empire state of mind lyrics	1
fb	1
can two people family share on game at the same time?	1
verify adobe flash	1
ladon	1
sandia prep	1
battlenet	1
windows system performance rating windows 10	1
se 255 cam spec's	1
2016 road glide special with se 255 cam	1
lexington kentucky	1
emw gas company estancia nm	1
battlefleet gothic cheats	2
el modelo	1
hastings entertainment website	1
hastings internet inc	1
diy projects arm gauntlets	1
6940 marble canyon drive, el paso, tx	1
face	1
childers nursing home amarillo tx	1
shutterfly	1
emulator ultima quest of the avatar	1
nmsu calipso	3
majestic 12 project constellation orion excelsior osborne	2
gpos montauk	2
operation montauk scp	2
hawaii airlines	2
rent a layinghen	2
best life insurance age 59	2
hash oil	2
misha hearthstone	2
sci-hub	2
poplin	2
qlandkartgt wmts	2
amazon	8
teamfourstar	2
google maos	2
cost calutlator building barn	2
susana martinez	2
xhamster	2
logical fallacies	2
how to setup a minecraft alpha server	2
minecraft alpha server download	2
high amp anl fguses	2
skull	2
krqe	2
game of thrones season 6 episode 2 watch online	2
michael kors outlet	3
i've seen enough hentai to know where ths is going	2
lose weight in two months	2
25 body fat female	2
fat girl	2
eggs in modern mtg	2
erica cambell tumblr nudes	2
pet sitters albuquerque	2
christian healing ministries	2
honda transmission	3
arc length calculator	2
trigonometric graphing calculator	2
trigonometric ratios calculator	2
delta airline	2
mothers day ideas	2
moyhers day gifts	2
time zones	2
shock reservoir clamp	2
energy suspension	2
starcraft 2 voice chat	2
prezi	2
process monitor show ip	2
dog training methods	2
michael corky bryan	2
fine cigars	2
best ios games	2
modem speed test	2
cat armor	2
rapid growth that soaks up cash more rapidly than cash is generated	2
actresses who died this year	2
xnxx	2
godlike productions	2
nintendo.com	2
how much to charge to design festival passes	2
noise windows makes when you connect and disconnect	2
monofilament sword	2
new mexico tax withholding 2016	2
how to uninstall skse	2
entertainment furniture	2
white and wood crib	2
chicken paella	2
yahoo mail	5
consumer labs	2
53 inch wide baby gate	2
speed test	2
tnt overtime	2
freud's theory on personality	2
eye wittness accounts of electricution	2
micro sd micro usb card reader	2
micro sd to micro usb	2
fallout 3 spawn item code	2
logistic jobs in carlsbad nm 88220	2
hormone to make stomata open	2
stopping sight distance	2
snap on 3/8 torque wrench	2
hail ceasear	2
mitchell/richards	2
pork chops with green chillies	2
how can you clean scale from waterlines	2
ebay	2
google	2
whisper	2
pirate signs	2
wendy mileta, raton, nm	2
los alamos ranch school	2
harmonica key labels	2
win home inspection	2
voyager episode prey	2
roblocks	2
ea	2
how to get call of duty to work on windows 10	2
classic call of duty windows 8	2
8051 lyndon b. johnson freeway dallas tx to dallas convention center	2
manzanita oregon	3
(lymphocide)	2
cimzia	2
biologic therapy systemic sclerosis	2
new balance	2
the well-educated mind torrent	1
etemaad urdu	2
lcps blackboard	2
https://sites.google.com	2
do beard combs work	2
ivanhoe sir walter scott	2
father brown pbs	2
qttabbar	2
skeleton pathfinder	2
gmail	4
airbnb	2
facebook	6
kh unchained beloved item	2
facebook login	4
example of mission statement for sports arena	2
examples of long term goals in sports management	2
industry analysis of albuquerque sports	2
lawyer letter to exempt all allegations	2
fbi investigation hillary	2
fbi vs hillary clinton	2
bissell 3 in 1 stick vacuum	3
2002 s2000 manual	2
positano italy map	2
missouri x-ray calibration	2
merle haggard	2
apa citation for a movie	2
the orion project video game long load times	2
endocrinologist in albuquerque	2
raiders	2
msn news	2
abq forecast	2
house santa fe	2
high rise	2
christina ratliff	2
"christina loren and plattsburgh, ny"""	1
powerstroke fourms	2
river city diesel	2
6.7 oil crankcase delete	2
four p's of marketing	2
fastest way to level mining runescape 2007	2
husqvarna 129lk	2
ncsa login	2
terraria meaning	2
top news today	2
cdot	2
albuquerque restaurants northeast heights	2
msnewnew89	2
savaseniorcarelogin	2
tube kitty	2
pornhub	6
shining force review	2
xvideo	4
dog food vs real food	2
the blacklist recap	2
cbd oil	2
in n out secret menu	2
exercise for carpal tunnel relief	2
clovis news journal	2
manfrotto tripod 390	2
in the shadow of jew suss	3
vanilla cake recipe simple	2
no brand girls	2
sunny day song cosplay	2
bosch fuel pump 67658	2
wells fargo	2
which of the following organs removes toxins from the blood and turns food into the fuel the body needs?	2
a ______ is a replacement for the missing bladder created by using about 20 inches of the small intestine.	2
which structure or structures transmit information to the brain to ensure that equilibrium of the body is maintained?	2
the _____ of the eye is lined with the retina and filled with vitreous humor.	2
which condition is characterized by the loss of central vision?	2
the condition _____ occurs when the ovaries stop functioning before age 40 due to disease, a hormonal disorder, or surgical removal.	2
which treatment is patient-guided in which individuals learn to control muscle tension, pain, body temperature, brain waves, and other bodily functions?	2
devargas funeral home	2
euro truck simulator 2 cheats	2
american airlines	2
gct travel	2
one piece voice actors	2
supermarket sweep	2
online piano	2
baroque vocal ranges	2
sensei golden tail edh	2
cnm	2
2 floors air handlers on one floor	2
nob hill bar & grill albuquerque nm	2
easy bib	2
why are marketing managers finding it more difficult to set prices in today's environment?	2
if a firm needs additional capital from equity sources	2
approaching nirvana wikipedia	2
tongue tied album	2
red hot chili peppers city angels album	3
virtual riot sugar rush	2
apocalyptica i dont care	2
hanging sheetrock by yourself	2
bathtub disabled	2
hulu	2
omnilife usa	2
citation styles	2
deep sympathy notes	2
fdihb.org	2
sims 4 disc 2	2
java send keystrokes	2
autoit run batch file	2
mount olive baptist church	2
the sims 4	2
netflix movies	2
nonstop flights from albuquerque to oakland ca	2
kodi hyper tt live tv	2
how to watch nascar online	2
compare and contrast mountain lion and tiger	2
owls feathers sound absorbing	2
interesting facts gorilla	2
how bird raptors hunt	2
renta de carros en juarez	3
carros de renta en juarez chihuahua	2
homes for sale in destin florida	2
darksydephil	2
gwyndolin	2
abq weather	2
hispanic population by state	2
chase.com	2
money management software	2
rpod sewer hose	2
youtube to mp3	2
don't starve together character guide	2
if the genetic code used four bases as a code instead of three how many code units could be encoded	2
relate gene regulation and mutations	3
photo editing software	2
youtube to mp3 that works on android	2
factorio commands	2
50 plus milfs interracial	2
gta 5 windows 10 fix	2
gta 5 running poorly on windows 10	2
smite guru	2
dead pool	2
debra lynn dadd	2
jaredashley	2
case club .30 cal foam	2
creating a executable jar file	2
metallica	2
koat tv	2
whale tail forum	2
good luck in italian	2
muslim names with d	2
best homemade 69	2
evolve party system partially unavailable	2
atari games tanks planes	2
atari emulator	2
tp link ac1900	2
plenty of fish	2
network attached storage enclosure sata	2
catholic churches albuquerque	2
small business ideas	2
residential natural gas line codes san juan county nm	2
bike in a box motorcycle kits	2
caledonia bb king	2
malachite leak	2
african countries	2
the dell crossword dictionary	2
american express login	2
adobe digital editions	2
nmsu login	2
can roundup be used in a vegetable garden	2
amazon spdif converter	2
firestone audio bravo	2
how does starbucks make iced coffee	2
aol	2
how to get the renegade ac4	2
slow baked pork ribs amazing ribs	2
how to fix school funding	2
python logging	2
/mu/ archive	2
dungeon locator terraria	2
video tdr failure windows 10	2
how to get a jungle key	2
how to find plantera's bulb	2
tap sports baseball 2016 working hack	2
chase	2
make money online	2
most energy dense foods	2
kob	2
pre employment non dot ecup epassport	2
take aspirin thc	2
my healthevet	2
how to facetime on oc	2
crawdad festival madrid nm	2
utube	2
sullied grace	2
sodium hydroxide	2
anand sahib with english translation pdf	2
nowotny cheyenne	2
man from uncle cast	2
free porn	3
2010 flagstaff micro lite 18rb xlt travel trailer value	2
5ug-f5180-20-00	2
govx	2
competitive cyclist groupon	2
cheapest midwest slow speed handpiece	2
train 571 steam engine	2
dialogue young lovers parting after summer	2
albuquerque nm chair repair	3
vegas world	2
ford ranger transmision 15paa	2
me before you	2
harbor freight	3
fuzzy navel	3
how many tiles do i need	2
ellen smith controller, samba safety	2
usaa cashiers check	2
my big campus	2
mesilla valley pro music	2
on ameridan's trail	2
good movie night movies	2
fifth harmony	2
truman sworn into office	2
salomon ellipse aero	2
ipage.com	2
why is it important to have a standard operating procedure for robbery investigations	2
amla	2
diet for chronic sinusitis	2
political differences memes	2
chickabug	2
teacher appreciation gifts starbucks	2
drake 100	2
giovanni's pizza albuquerque coupons	2
how long are chia seeds good for	2
baking in air fryer	2
hotmail	2
paul newman drunken chicken	2
diana guide	2
dr med geoffrey delmore	2
me me pickle pee	2
the truck store las cruces	2
animas river	2
2006 coachmen spirit of america m525tbs	2
roast chicken breast	2
where is the itunes gift card pin	2
copeland furniture	2
best velocimetry to measure turbulent flow	2
hotschedule	2
agario	2
360 security for pc	2
nhra	2
yelp granite connection	2
rio rancho nm phone book white pages	3
how to get redistential phone numbers only	2
ace combat zero aircraft	2
sourceforge	2
overwatch game server connection failed	2
what foods have bismuth	2
amcas	2
mouse anti rat n cadherin	2
alexa fluor 488	2
mowiol calbiochem	2
aol password change	2
duke nukem forever crash fix	2
duke nukem forever steam crash site:forums.steampowered.com	2
brea ca	2
royal enfield classic rear brake adjustment	2
our lady of the most holy trinity *church	5
clarks men's varick hill chukka boot	2
marshall jvm4 series	2
qbar	2
doubletree albuquerque	2
tamaya albuquerque	2
k1200gt 2008 price	2
zayn malik penis	2
la maja	2
youtube	5
"albuquerque nm latitude 35.104 35 degree 8'25.44"" longitude -106.4877n 106 degree 29'15.72""s"	1
matches tree of life	2
tree of life oil	2
terriaki steak	2
nesara	2
blacklisted news	2
locklip	2
daily mail	2
worldnews	2
steve quayle	2
hollow earth network	2
kitco	4
aryansexd0ll	2
hotbooty cam	1
sexy_bigbootyx	2
tenshi webcam	2
sexynojitsu webcam	2
flyliteflyrods	2
l magazine	2
g3 perfusion, bbp resistant,	2
forever 21	2
payless	2
comfort touch gel pad	2
alinaygerardo	2
at&t gophone login	2
gm	2
hp color laserjet 11 x 17	2
how to connect hp printer to laptop	2
unm mail	2
watch online move telugu 2016 sarinodu	2
60 minutes	2
ethical theory and moral practice	2
craigslist	2
vaxxer	2
????	1
hbo go	2
what to get in order before death	2
doggie treat maker	2
amazon fire tablet 2016	2
donald trump	2
auto loan calculator	2
check your privilege	2
how to set word 2013 as default	2
how bad are black widow bites	2
pirate bay	2
gpu not at 100% but not getting 60 fps	2
wikipedia	2
butane torch	2
unm final dates and taimes	2
west angeles church of god in christ	2
christian sermons for easter	2
nfl	2
mmd carrot pillow	2
space pants song	2
kingdom hearts unchained x unions	2
how do you find the critical value of a term in an equation	2
ikurstee twitter	2
mothers day crafts	2
larry dinner correspondants	2
usaa	2
mayfield graduation 2016	2
jcpenney jobs	2
best $30 knife	2
motorola desktop for krzr k1	2
motorola phone tools	3
pc suite	2
lensik performaing arts center santa fe	2
reappropriate quantico	2
berlin airlift	2
now	2
best gba games	2
borderlands 2 op8	2
sewing needle sizing chart	2
tide pods he?	2
el shaddai the breasted one	2
vegetation tolerance to salt content	2
usps	2
southwest airlines flights	2
a system where the boundary permits the exchange of energy but not of matter is called quizlet	2
exalted wiki	2
clockwork three sparknotes	2
flepow 3-outlet surge protector	2
compression socks	2
game of thrones season 6 episode 2 leak	2
sculpting figures with clay	2
elastic with plush side	2
cnn	2
amarillo tx fun to do	2
piedra lisa trail	2
tres pistolas trail	2
albuquerque square dance center	2
float division in haskell	2
chase ultimate rewards	2
craigslist new mexico	2
recipe forbked acream of mushroom soup and chicken	2
kreg screws	2
yoga 900 side buttons	2
peg ratio	2
personal tracker	2
janice jordan	2
noiseblocker fans	2
master seidon 120/v	2
lga 2011 narrow ilm cooler	2
student loans for parents	2
property tax estimate	2
we were soldiers once	2
am1 fm2 socket	2
nicolai fechin chess player	2
sensitive skin season 1 episode 2 locations	2
moctesuma esparza taos talking pictures	2
forrest fenn the caliph	2
reading la biblia reyna valera 1960	2
200 amp panel	2
huffman tx	2
free sex	2
trijicon ta45-4 review	2
mtg bees deck	2
columbia titanium fleece jacket	2
ingomar pa	2
stabilized reflector platform	2
navy prt standards	2
pandora	2
how to cite a picture	2
how many people are is a ton	2
chinese pistache	2
nmhu.edu	2
maiara walsh	2
south park	2
retro dining set	2
persian stuffed squash recipe video	2
huffington post	2
nik wallenda	2
houston astros	2
snapchat	2
homer hickam's children	2
trevis cups	2
xbox live free games	2
xbox one backwards compatible	2
skip bayless twitter	2
refurbished tvs	2
may games with gold	2
dark type good synergy with what type?	2
best ssd 2016	2
theaster of light vista	3
us eagle	2
john d'arcy straight razor	2
john d'arcy company st louis	2
best shampoo for fine gray hair	2
prom queen carlsbad high school nm 2015	2
what is uv radiation definition for kids	2
wot french autoloaders pen everything	2
the drowned god	2
children of the 60's	2
chemist perk	2
resistance to change	2
lightning trike, v-8 trike	2
v-8 trikes	2
how to make hair texture	2
clip converter	2
fast gathering leveling black desert	2
the secret of kells	2
your lie melodica scene	2
your lie in april cover	2
airport shuttle in germany	2
tier 3 battle appetite for destruction solo	2
roku 3 skipping	2
sell your home	2
french horn cadenza	2
enhanced conservation easement incentive	2
which of the following is the major regulator of oxygen consumption during oxidative phosphorylation?	2
department of justice in nm	2
how to install accordion door	2
what is the standard resolution for poster in photoshop	2
2015 movies	2
1st grade mathematics lesson plan	2
fillable tea bags walmart	2
coutchtuner	2
how remove windows 10	2
truecar	2
john stephen akhwari	2
scontent-lax3-1.cdninstagram.com	2
civic duty	2
gayroom.com	2
helix studios	2
psat/nmqst new mexico	2
freshman junior high school grades	2
public service loan forgiveness (pslf)	2
fifa 16 career mode	2
hooking your laptop to your tv hdmi	2
windows 10 uninstall greyed out	2
astro cps r12.00.00	2
who we are lifehouse album	2
wisconsin rapids	2
yahoo news	2
hotmail.com signin	2
eroge download game small screen black edges	2
john goodman journalist	2
ohio medical board	2
walmart	2
canvas nmsu	2
mazda cx 5 4wd	2
sofa pillows	2
red wedding	2
om meditation one taste you tube	2
2005 hyundai tucson motor oil viscosity	2
christine van blokland age	2
osrya pillars of eternity	2
raedric's hold	2
cowboys depth chart	2
terrance williams	2
matt cassel	2
jl of bhood	2
armstrong eliminator allen actual dimension	2
5470502 valve plate	1
correct network driver for lenovo thinkpad t530	2
where are windows 7 drivers stored on thinkpad t530	2
iphone remove duplicate photos from camera roll	2
phnom penh	2
email hack rbnhd	2
bing	2
power window rolls down but not up	2
power window intermittent operation	2
captain dickead sleepycast	2
bark box	2
homestuck character stats	2
dish network internet reviews	2
mature naked phillipinos females	2
dq menu	2
iphone 5s icloud lock	2
watch pan online	2
nm gb98 application	2
unm blackboard	2
escondida lake surface area	2
ray inequalities worksheet	2
inequalities worksheet	2
how many days between may 4 and december 10	2
play video on ps3 from usb	2
nm lottery	2
tuthmosis iv	2
shrimp scampi	2
asiatees	2
rats web	2
ambient piano by christian aen	2
patthenespunk	2
weedles	2
kenny g carless whisper five hours	2
google drive	2
rachel shelley	2
1911 40 s&w	2
purified coke ffxiv	2
why does 12 houe alegra keep me awake when i take a evening dose?	2
legal ways to get free amazon gift codes	2
new barcalona jersey with number on back	2
ourtime	2
lacafelouisiana	2
old spice look at me ad	2
for sale by owner arizona border collies	2
silver streak travel trailer	2
find x and y intercept given equation	2
miraculous ladybug and cat noir	2
distance from ephesus to jerusalem	2
thror's hammer	2
1 bed house for rent long term in lake havasu city az	2
frida kahlo you deserve a love poem	2
download tumblr videos	2
roger hodgson	2
pr 24005 mjq	2
msn	2
nbc app	2
590a1 breaching barrel	2
washingtonfederal.com	2
walmarts that allow free rv parking	2
fight news	2
shitposting	2
usps tracking	2
placitas realty	2
99 luftballons german lyrics	3
skin tone and eye color and hair color and clothing	2
how to bring warm tone with clothes	2
how to bring warm tone with clothes for men	2
dating advice from women	2
utorrent compatible sites	2
hentai manga	2
abq trolley wine co tour	2
feminine fonts free download	2
big hin represent the boss	2
total rewards	2
empire state building dedicated	2
tax formula 2016	2
liga mx	2
milf with teens threesome porn	2
vintage incest porn	2
couple fucking son's girlfriend	4
budgeting biweekly paychecks microsoft word	2
"the well-educated mind" torrent	1
"christina loren" and plattsburgh, ny"	1
albuquerque nm latitude 35.104 35 degree 8'25.44" longitude -106.4877n 106 degree 29'15.72"s	1
"hotbooty" cam	1
태조왕건	1
"5470502" valve plate	1
