sims 3 can you give babies up for adoption	1
luminosity vs complexity	2
tv tropes captain america civil war	1
doctor strange	1
service credit union	1
car shows starkey ford	1
ford falcon door panel installation	1
wmur	1
learn to fly 3	1
twc central	1
weight watchers login	1
craigslist nh	8
hearthstone arena winnings	1
syrian civil war	1
temperature rise in insulated room with watts input	1
btu's required for temperature rise per volume	1
power and ground pins differnt numbers on schematic and layout virtuoso	1
1992 kudwig mercedes 190 16v evo	1
dick bahre	1
darrell waltrip wiki	1
nascar convertible series	1
bobby labonte wiki	1
innas sset dungeopn	1
nostralius	1
plain letter	1
black diamond farming for charger quest	1
osrs ge	1
pcsx2 download save games	1
water slides	1
n.h. power ball	1
conveyor belt project part 3 answers	1
cvs	1
ford	1
raymond school district	1
reviews dell laptops	2
icelandair	2
name badge holder arm	2
cooper tires	2
good clash royale decks	2
charleston sc airport car rentals	2
woodsville guaranty savings bank	2
uporn	2
tanner stages	2
thomas steensma gender	2
brendan s. abel	2
sara bonetta	2
set time on one touch ultra mini	2
belmont nh	2
things to do near stamford ct	2
blade and soul ui set up	2
women's shoe stores concord nh	2
steeplegate mall	2
barbara name	2
rpg maker xp tutorial -vx -ace	2
4health cat food coupons	2
curtains	2
french bread recipe	2
recipe for calypso beans	2
calypso beef soup	2
nasacort	2
pogo - no worries (hybrid minds remix)	2
fioona_flower	2
deindustrialization greece	2
where does greece spend their money	2
2013 edge oil change reset	3
reddit malwarebytes premium key	2
renee coen	2
surf portsmouth	2
amazon shipping puetro rico	2
where to buy diatomaceous earth food grade	2
dewalt dwv012	2
hepa shop vacuum reviews	2
pornhub	2
facebook laugh emoji	2
free game memberships.com	2
free e invitations	2
sears manchester nh	2
shooting star bad company	2
hotmail	2
mkissmanga	2
kevin faulk draft brady	1
colonial ford plymouth	2
git gud	2
around the beading table	2
minecraft jukebox	2
shari's berries	2
actresses hired for their looks	2
farrah fawcett	2
amy schumer weight	2
nashua nh school district	2
enterprise rent a car los angeles	2
can you be denied for a pre-existing condition	2
qvc	2
videos bachata	2
roll20	2
alewife station	2
country woods	2
unicell box truck	2
trucks for sale manchester nh	2
cargo vans for sale nh	2
advast	2
uri womns soccer	2
warby parker	2
eso thieves trove locations	2
grand estates londonderry nh	2
dna is just data	2
can birds eat aloe vera	2
sears	2
cold hollow cider mill	2
ambercutie forum	2
hulu	2
pay pal	2
gravitational colonic system for home	2
town of tamworth	2
wifi hotspot software	2
air lingus arrivals logan airport	2
top rated construction design software	2
pinterest fruit dip	2
beats by dr. dre wireless studio	2
nikki haley	2
nikki haley record	2
south vietnamese soldiers nathalie	2
heat pumps reviews	2
heat pump reviews	2
2015 toyota camry bolt pattern and wheel size	2
2015 toyota camry wheels	2
zillow	2
darksouls 3 servers	2
how to change linux splash screen	2
36 x36x15 raised plastic planters	2
90 civic shuttle hp	2
jurassicraft	2
glitterboo	2
fort leonard wood	2
highest paying gta jobs	2
kasen kanesada petit nendoroid	2
horde races	2
can i transmog one handed mace to axe	2
duck game	2
reimu is a bully	2
northwaybank	2
aol mail	2
dmvnh dmv	2
phosphorus contents and soil scholarly	2
brazil nuts leaching mercury	2
square root of 1728	2
edgewater farm nh	2
deírunnya wilson, te/wr, miss state	1
what helps sick cats	2
online capture audio from youtube	2
hdmi tv	2
meds for dizziness	2
nissan 350z for sale	2
how to gain access to dragon peak dark souls 3	2
thanksgiving potluck invitation	2
surprise wedding	2
babymoon ideas in new england	2
linen camp shirt women's	2
barnacle billy	2
st mary's bank	2
trap music	2
aws pricing	2
my harmony app error parsing error 0xc00ce556	2
uber how to call rider	2
netflix	2
hindi full movie 2016 do lafzon ki kahani online	2
blue bay seafood wakefield nh	2
domino preistly free porn	2
losing belly fat and love handles	2
youtube	4
image search	2
amethyst su	2
diy metal frame for barn door	2
603-341-3310	2
game of thrones	2
new technology law enforcement	2
tumblr milfs shaved vagina	2
college sex tape	2
www.rovafarm-rcc.org	2
john deere omgx24537	2
john deere omgx24537 battery	2
laura frame data	2
redbox	2
"professional choice 6"" stainless steel gina miles double break snaffle bit"	1
back protection for treeless saddle	2
tracfone	2
iphone 6 not connecting to itunes	2
backtrack linux	2
progenitus	2
exeter hospital jobs	2
saudi arabia	2
muslim define	2
oblivian armor	2
exercise 24 special senses visual tests and experiments	2
houses for rent in three oaks, sarasota, fl	2
cheap caribbean	2
red carpet nail polish	2
food for people who have few teeth	2
parable of blind men and an elephant	2
denyherorgasm siterip	2
beethoven symphony 9	2
smcc attendance policy	2
ariana grande coco dog	2
president george w bush	2
who presented maddie and tae with radio disney award	2
movies like deadpool	2
what is medical coding?	2
amazon	2
walmart	4
sikhism	2
watts death dying bereavement issues	2
is motivating employee workplace challenge?	2
integration in excel	3
hearing aid battery holder key ring	2
girl names	2
things kids can do when they are bored	2
can you attach amouse to the ipad pro	2
spring hornpout	2
golden shiner fishing tips	2
gmail	6
marketing unh brand	2
craigslist new hampshire rideshare	2
woofing	2
equity	2
kant	2
starz	2
univision	2
intuit inc	2
pristine leather	2
woman chases pervert who was filming her inside target	2
money from youtube per views	2
dumb and dumber - it's ok! i'm a limo driver script	2
van halen	2
latchis theater	2
hotmail.com	2
paypal	2
facebook	7
asv rc50	3
old navy credit card	2
spotify keeps crashing every 10 minutes	2
cl nh	2
harley hotels	2
etsy	2
hearthpwn mage	2
hearthstone arena rating whispers	2
blood bowl should i dodge or block first	2
craigslist	2
hd jock girls nude fucking	2
ebay	2
greatest living gambler	2
solitaire	4
new hampshire	2
meadowbrook pavilion gilford	2
old orchard beach pier	2
billboard top 100 itunes	2
dominos	2
chron	2
woodysgamertag	2
photoshop shapes free	2
tidens mand	2
justin bieber photoshoot	2
citroen ceo	2
pvc pipe costs	2
firefox	2
citizens bank	2
ohio murders	2
muscle weakness dr axe	2
league of legends status	2
non acceptance synonym	2
bug bites while sleeping	2
china post	2
scottish highlands 1800 electric scotland	2
ÎÂ˜ÂÌËÂ ÌÓ„ÚÂÈ Ë ÍÓÊË ÔÂÂÍËÒ¸˛ ‚Ó‰ÓÓ‰‡	1
is effective rate of interest the same as market value	2
an increase in interest rates affects aggregate demand by	2
free porn sites	2
323-992-9940	2
panzer tractor motor	2
yahoo	6
6037937040	2
ford f 150 sport mode	2
syntax for linking stylesheets in html css	2
best cigar	2
"vanity fair 11811 2xl 24"""	1
real estate in springfield, nh	2
real estate in wilmot , nh	2
growhaus denver	2
hbo	2
peroxide uses	2
how many accounts has tyler1 been banned on	2
pinterest	2
sears mastercard login	2
obama trump roast	2
integral of inverse function	2
bazarynka	2
214-974-9636	2
???? ????? ??? ????? ???????? 2016	1
wow circle	2
ui and ux	2
amphibious	2
hentai	2
ground air in dash majestic q400	2
can dash q400 be started without apu	2
wicker laundry hamper kmart	2
nx.g36aa.006	2
uninstall windows defender	2
guitar center nashua	2
hunter transmog	2
youtube firstgardenin	2
youtube potatoe	2
mimicks	2
badger realty mortgage calculator	2
storage units in valentine ne	2
cock hero corruption 2 porn hub	2
what would happen if you become chemically dependent on a drug	2
maine unemployment	2
space western	2
2 piece hat and gloves set gray spider-man walmart	2
marvel 2 piece hat and gloves set gray spider-man	2
danskin now girls noshow socks, 10-pack	3
rockport shoes	2
turn garmin daily steps into an activity	2
garmin vivoactive best buy	2
fitbit	2
garmin vivoactive	2
garmin iq	2
myfitnesspal	2
things to do near old orchard beach me	2
maine wildlife park	2
runesacpe guthix robes	2
mit symphony	2
on the wings of love jeffrey osborne	2
serbian orthodox church	2
rarelust	2
wendigo	2
news	4
gang fuck his wife	2
sun joe	2
garrett wilson kentucky sex offender	2
sarcos	2
cheap tickets from boston to medellin	2
specialized pitch sizing	2
says i am in a league game though the game is over	2
venison back steak	2
skip howard	2
activities best suited for large multinational organization	2
streaming wii u on twitch	2
slow cooker pork roast with carrots and potatoes	2
missing catan pieces	2
royal sonesta boston	2
suppose after hurricane irene the average income in cape charles	2
electric car sales	2
electric car sales projections	2
mma gloves	2
hayabusa tokushu regenesis mma	2
bubble ass indian girls tumblr	2
what to stop for security in windows 10	3
mcdvoice	2
sunday nashua telegraph	2
watch attack on titan episode 9	2
add password to a pdf without adobe acrobat	2
harvard business review	2
topographic maps google earth	2
pristine realms	4
soap and glory	2
30 caliber air rifle	2
joepye cafe - antioch university new england	2
pileated woodpecker call	2
thesaurus	2
will ferrell george bush snl	2
michael conforto fantasy	2
north face women's pants drawstring	2
schugmann greenwich ct	3
real estate nh	2
black book waking dreams reset perks dragon soul	2
shrek movie script	2
horseshoe clip art	2
fallout 4 something crashed from the sky	2
angelina jordan amy winehouse	2
battlefield 3 pc vs ps3	2
conservative review	2
alien isolation trailer	2
baoyu's wedding dream of red chamber	2
tooth enamel erosion	2
miniature roller chain	2
mercedes benz sl55 amg	2
obama bernie comrade	2
vhdl conditional generate	2
the forest medicine recipe	2
call of duty black ops 3	2
?? ????? ??	1
dearly departed marianas trench lyrics	2
bbq guru	2
daenerys targaryen sex scene	2
trailer wheel bearing torque specs	2
valley news	2
recipes with baking chocolate	2
chocolate pudding	2
hentai bestiality	2
recolor wipe	2
3 plate hanger holder	2
triple triangle shape plate hangers	2
inspirational saying stencil	2
rheumatologist austin tx	2
adventure capitalist on facebook not working	2
velvet revolver	2
nh craigslist	2
indexhangseng:hsi	2
forgotten avril lavigne lyrics	2
maria the virgin witch reddit episode 9	2
spirit of halloween new london	2
ap chem score cut	2
bike reg nees series	2
abc	2
saxophone sales by me	2
best cannibal movies	2
saul alinsky	2
antoine roussel reverse hat trick	2
hot xxx	2
pyle boom arm	2
groupon	2
leonardo da vince spinning wheel	2
home depot	2
how to set up ladder scaffolding	2
formula for converting cm to feet and inches	2
porsche	2
should college students have to take general education classes	2
putlocker	2
335 1r cypress street #1r	2
guitar hero xbox one	2
td bank	2
olympus	2
kentucky derby contender, maine owners	2
google drive login	2
pof	2
boloco vegan	2
md.com	2
medical websites for diagnosis	2
what hormone is pg	2
100 % wool blankets	2
blanket wool	2
pokemon go	2
brazzers	2
holly cove rv park whittier nc	2
nh boat laws	2
resume for no job experience	2
decking options	2
marshmallow jello salad	2
danny elfman batman	2
edging video	2
ph of 10 molar hcl	2
achalasia diet delights cookbook	2
evolution dictionary	2
internal burning chest	2
akaipro	2
tcm schedule	2
nowhere boy	2
rpi housing roommate send message	2
this is the westernmost us territory?	2
multihost wikipedia	2
safeway flower arrangements	2
dartmouth secure windows	2
forge 1.4.7	2
mazda miata sway bars	2
ramuntos	2
yahoo mail	2
nioh stream twitch	2
vengaboys	2
elva carlene eastman muzzey	2
giadas eggplant stuffed peppers	2
amaon	2
wwe payback	2
revzilla	2
little feat	2
candella in mass	2
nh charity foundation	2
jaffee grant	2
wal ma rt	2
damien bradley james pool scene	2
ben whishaw	2
second battle of el alamein timeline	2
lee enfield	2
nh surplus auctions	2
exchange 2016 multitenancy	2
pto sprayer pumps 8 roller	2
hannaford	2
crane restaurant	2
blitzkriegsler	2
camtasia	2
facebook login	2
multiple response crosstabs in spss	2
polo ralph lauren factory store	2
aleppo mosque destroyed	2
umayyad mosque	2
hbo go	2
coefficient of variation excel	2
macdonald triad	2
the psychopath whisperer mont vernon	2
new shocks rough ride	2
amazon redshift	2
alex rodriguez plans to retire	2
akiba's trip undead & undressed mod	2
???????? ?????????	1
eat pasture butter with fermented cod liver oil	2
2560x1440 wallpaper reddit	2
mr softee jingle	2
i don't roll on shabbos	2
best college shirt design	2
mtar	2
257 weatherby	2
preschool teacher jobs	2
assistant clerk in post office	2
windham nh school bus driver	2
armstrong 2767d	2
roy clark	2
bluehost wordpress html page	2
bhaagi review imdb	2
stealth hawk tv antenna	2
redeeming staples epromo card online	2
xhamster	2
the 100	2
old person who suddenly gets nervous	2
dark souls 3 build planner	2
sage's ring dark souls 3	2
gopro rotate 90 degrees	2
eso how to mail an alt	2
dayton convention center	2
tooka dolls clone wars	2
andre kohn fine art scottsdale fine art gallery	2
xtc live youtube	2
wattpad	2
mrkh wiki	2
united states of america ususjfkf	2
feed me and tell me i'm pretty shirt	2
force awakens theme	2
2010 ford key programmer	2
klein knockout kit	2
beauty of the pacific ocean in the life of pi	3
netzero	2
sexual compulsivity scale	2
where is my mind ukulele	2
overstock	2
atlas o 0514	2
paper sorcerer trainer	2
paper sorcerer cheats	2
uml online login	2
uml onlien login	2
t critical value calculator	2
middle lyric	2
little gidding	2
lose physical attraction after long relationship	2
citations machine poems	2
our god is an awesome god carmen	2
"kevin faulk" draft brady	1
de‚Äôrunnya wilson, te/wr, miss state	1
professional choice 6" stainless steel gina miles double break snaffle bit	1
–ª–µ—á–µ–Ω–∏–µ –Ω–æ–≥—Ç–µ–π –∏ –∫–æ–∂–∏ –ø–µ—Ä–µ–∫–∏—Å—å—é –≤–æ–¥–æ—Ä–æ–¥–∞	1
vanity fair 11811 2xl 24"	1
œÄŒøœÑŒµ ŒµŒπŒΩŒ±Œπ œÑŒøœÖ Œ±Œ≥ŒπŒøœÖ Œ≥ŒµœâœÅŒ≥ŒπŒøœÖ 2016	1
ÏóÑÎπ† Ï≤≠ÌÖåÏù¥ÌîÑÏù ÍπÄÏñë	1
‡∏£‡∏±‡∏Å‡∏•‡∏≠‡∏¢‡∏•‡∏° ‡πÄ‡∏£‡∏∑‡πà‡∏≠‡∏á‡∏¢‡πà‡∏≠	1
