blue book for campers	1
malawi	1
blue beetle	1
cvs	1
black desert node costs	1
black desert alchemy	1
facebook	3
christian song there is a king	1
ups tracking	1
norwex catalog	1
the siren critique	1
tomes dark souls 3	1
velopharyngeal function in childhood dysarthria	1
ndcde	4
athlon ii x4 980 be	2
food protein calculator	2
vba is considered to be a(n) ____ programming language because instructions are executed on objects in the database.	2
which term identifies a field that appears in two separate tables and may be used to connect records in the separate tables?	2
golf courses fargo nd	2
western state bank sun city az	2
vivsiepop	2
the cliptomania web store case study	2
north dakota powerball winning numbers	2
pinky presents mz booty atomicgdog torrent	2
gop definition ap gov	2
fenton pink rosalene basket value	2
fenton rosalene basket	2
2014 mazda 3 specs	2
best used crossover vehicles	2
1847 rogers bros is flair pattern pickle fork	2
superior wi places for rent	3
1623 n 21st st, superior wi 54880	2
google docs	2
3290 e. jump off joe road, valley, wa.	2
ati radeon x1200 igp for photo editing	2
nfl draft	2
free pic series	2
jong chul song	2
rugs in front of toilet	2
scheels arena safety for kids event	2
bill clinton defends repeal of glass-steagall	2
how government caused the housing crisis	3
what does it mean to be on layoff and subject to recall	2
rachelle olson coming home at last star tribune	2
why do americans hate the french	2
best keto recipes	2
diatomacious earth water spray	2
directx 11.1 windows 7 download	2
free video recording software windows	2
free video and audio recording software for windows 10	2
feel up wifes tits nipples	3
feel up moms tits nipples	2
ark dinosaurs	2
online 1080p porn movies	2
free online 1080p porn movies	2
kxmb	2
what pop star just released a country song	2
better twitch tv	2
random facts about me	2
herald of the titans	2
10 player ulduar	2
hbo now	4
bismarck tribune, obituary, frances perman	2
zillow	4
clip art giraffe in airplane	2
denver airport	2
capital credit union bismarck	2
minneapolis airport noise map	2
how much is a 12 ft x 18 ft x 4 inches of cement	2
hotmail	6
women's cobbie cuddler boots	2
north dakota industrial commission website	2
kazoo kid	2
muscle bike parts	2
interest groups on abortion	2
rageblade	2
helomonster	2
space engine	2
lantana apartment homes	2
apartments near u of a	2
gated communities in tucson	2
tales from the cryptkeeper new	2
dissociative identity system roles	2
bcbsnd	2
amazon prime music vs spotify	2
squeegee for tippman flatline	2
beretta cx4 storm	2
prepper gun shop grand forks nd	2
xm radio	2
full throttle	2
mynor corporation manufactures and sells a seasonal product that has peak sales in the third quarter. the following information concerns operations for year 2—the coming year—and for the first two quarters of year 3:	1
ultimate guitar	2
cubic yard to dry gallons	2
north dakota breaking zero tolerance	2
cookie cutter hallmark	2
oil	2
"a ""flat affect"" is marked by monotonous voice, immobile face, and no signs of expression"	1
vegan chili slow cooker	2
renew cancel index	2
runescape slayer	2
zaryte bow	2
facebook login	2
jessica von braun	2
yahoo	2
mature pussy	2
navy beans	2
adjust trunk latch chevy cruze	2
jon snow	4
bcbs nd	2
gym equipment that burns arm fat	2
amazon	2
ayman alqasem treasure	1
kristen lang minot	1
best cellphones	2
it's a boy cigars	2
thor bjornsson nutritionist	2
home for sale 531 macon drive, bismarck, nd	2
lolking	2
buzzfeed	2
grand archives slab	2
tube kitty	2
harmonic oscilator hamiltonian	2
sperm donor creampie	2
chrysler airflow	2
ups ground estimate	2
free dxf files	2
fleet farm	2
1/2 metal drill bit	2
courage under fire story	2
how many gallons in intex pool	2
allen edmonds	2
where is the statue of liberty	2
literotica	2
brace yourselves tupperware	3
free meme generator	2
julie skyhigh 10 man gangbang	1
shyla ryder freeones	2
amazon hearthstone	2
tribble enemy zelda classic	2
would you press the button	2
rule 34 samantha carter	2
chicks with dicks	2
cooking planit app keeps closing	2
lowes circle mosiac tile	2
delta trinsic hand shower	2
slithio	2
do job fairs in school help students decide on a major in college?	2
poe wiki	2
harbor freight	2
clearance patio sets with umbrella	2
ryan sheckler	2
shiwala mop	2
autotrader	2
lutherans and hell	2
when to plant carrots in north dakota	2
hotmail.com signin	2
tara rader spokane	2
north dakota lottery	2
seat for yard machine riding mower	2
gex video game	2
d&d 5e factions	2
roastingkid1907	2
new egg	2
scion fargo nd	2
falloout 4 drugged water	2
bills gun shop fargo nd	2
free vr porn	2
und student email	2
league of legends	2
msu women's volleyball roster	2
review the second amendment a biography waldman	2
what do you mean we kemosabe	2
what you mean we kemo sabe	2
art of doom book	2
neata battery nt6-5.0	2
premiere video minot nd	2
los angeles neighborhood map	2
vikings uncut amazon prime	2
budget suites dallas 8150 n stemmons reviews	2
10222 walton walker dallas, tx 75201	2
13907 montfort dr. dallas, tx 7524	2
sterling hotel dallas	2
$50 night dallas	2
autozone	2
capital credit union	2
lakota rv	2
youtube miriam makeba	2
time zones	2
digital landscape	3
lawnmower man	2
dragomon hunter	2
hastings filters	2
lexapro refills	2
dark souls estus in pvp	2
north dakota plane crash today	2
sams club	2
gcc include header	2
finest hours	2
polarcomm.com	2
mario kart ds	2
carson wentz	2
dragon age inquisition hole or rituals	2
peroperouunp l,overslab	2
pc exclusive animation path	2
alduin into a sweetroll with the wabbajack	2
skrim nexus books books books	2
skrim fnispeace 2	2
unp naughty remodel - standalone	2
tennessee hd wallpaper	2
uppose that two american investment banks negotiate a merger agreement because a financial crisis threatens to bankrupt both firms.	2
1963 impala inner rocker	2
1963 impala rocker inner reinforcement	2
"1964 impala ""rocker inner reinforcement"""	1
islamqa	2
bismarck tribune open houses	3
metal buildings site:menards.com	2
metal buildings	2
echinacea purpurea bismarck	2
counter to justin bieber's love yourself	2
judy hopps r34	2
capital one credit card sign in	2
imdb	2
oreylis	2
lowes	2
sg100-24	2
4.6 manual transmission	2
craigslist fargo	2
little big planet pc download	2
phil housley	2
girdling trees	2
flywheel wood splitter	4
iracing free download	2
vidalia onion	2
gmail	2
oriental trading	2
pioneer auto club	2
eggplant nutrition facts	2
pinterest	2
esea	2
mynor corporation manufactures and sells a seasonal product that has peak sales in the third quarter. the following information concerns operations for year 2â€”the coming yearâ€”and for the first two quarters of year 3:	1
a "flat affect" is marked by monotonous voice, immobile face, and no signs of expression	1
"ayman alqasem" treasure	1
"kristen lang" minot	1
"julie skyhigh" 10 man gangbang	1
1964 impala "rocker inner reinforcement"	1
