outlast 2 demo	1
trump wwe releasing money	1
ape escape trailer	1
alienation	1
square steel tube	1
klein tools cl800	1
uei dl99	1
uei	1
hulu	5
which of the following terms describes the software interface through which a computer communicates with a print device	1
moo.com student discount	1
curse chat	1
pcc login	1
linguistic criteria for subject	1
average rent cost for a 2 bedroom houses oregon	1
1 bedroom houses for rent in salem oregon	1
staff pages	1
flowers delivery	1
portland opera	1
moscato marinade pork	1
how to name a column to a query in access	1
movestrong parallel bar	1
gmail	16
homo sapiens	1
acquisition cost	1
solve function ti 89	1
shareholders equity	1
financing cost ratio	1
comfort suites portland airport	1
frederick lee clift mountain view missouri	1
debbie clift in missouri	1
medford oregon shooting	1
vaping house slimy	1
wow pet power leveling	1
exploration mission master	1
kgw drew carney	1
sex positions for two guys and one girl threesome	1
best buy weekly ad	1
witcher 3	1
vegemite	1
makenzie greif	1
makenzie greif port angeles	1
mutilate a doll hacked	1
wells fargo	3
miss sweden	1
ehentai	1
sports authority	3
adidas ultra boost	1
amazon	12
hollister	1
sherwood middle school	1
urban dictionary	1
amtrak seattle	1
default value won't change ms access	1
check for windows updates	1
jonny turgeson jacks skateboard	1
timing belt 2003 toyota tacoma manual transmission	1
motorhome prices usa	1
buy treasure hunter keys	1
roundabout yes	1
ffxiv best buy	1
ffxiv heavensward ps4 download	1
guildhest	1
gamestop card balance	1
pokemon emerald rom	1
wwe	3
zoo show no education	1
code of ethics & animal welfare	1
pediatric services of america in vermont]	1
c-stop certification	1
houses for sale in salem oregon	1
facebook	20
facebook desktop	1
golf cart tires	1
rocky mountain nursery	1
rick's fencing and decking	1
portugal the man created lyrics	1
general anxiety disorder neurotransmitter	1
seattle attractions map	1
why rent an apartment cheaper than a house	1
translate	3
asian massage hidden cam	1
scholarships oregon	1
kraftwerk 2	1
gardening know how nasturtium	1
gardening know how tatsoi	1
gardening know how chayote	1
kayak	1
google rewards for pc	1
true story 2015	1
alexander skarsgard	1
portland escort	1
natalia bently portland	1
oregon cam girls	1
women athletes in subway ads	1
hearthstone c'thun zoo	1
clomiphene citrate	1
rob peter to pay paul	1
daytime emmys 2016	1
trailblazer flexplate	1
gogole docs	1
diy non toxic candles	1
calculate the amount of heat (in kilojoules) required to vaporize 2.58 kg of water at its boiling point.	1
hviii brand	1
are there snakes in ireland	1
bill cosby little old man	1
drfat grades	1
garrick kalmeta	1
mariners schedule	1
joel pitts snap on tools grants pass	1
general insurance login	1
propane regulator for fire pit	1
free 3d printer design software	1
dmv medford oregon	1
delivery chinese food corvallis	1
guild wars 2 revenant dps build	1
walmart	2
ford lgt 165 ignition switch	1
parkrose rental	1
ebay	3
if my neighbor's kid comes on to my property and gets hurt am i liable?	1
paw patrol bike	1
purple jeans 3t	1
does xprotect go follow motion	1
the long dark map	1
mobile suit gundam sub	1
the big bang theory season 4 wikipedia	1
cher love is a lonely place without you	1
28 inch scabbard for stihl chainsaw	1
progressive voters guide oregon	1
eagle crest properties	1
logic net worth 2016	2
android add button after textview	2
android refresh activity after button	2
r134a a c leak detector interdynamics	2
panel/trim removal tool	2
cable park but i do wake board	2
neck tattoos	2
the voice of the turtle	2
gas moped scooter reviews	2
honda motorcycle dealers oregon	2
ceanothus	2
corvallis crai	2
xfinty	2
where to find router user name and password comcast login	2
leblanc vs zed	2
best gear for alistair	2
gear for alistair	2
hillsboro librar y	2
do i have adhd	2
trump and fascism	2
kleenex free sample	2
origin of 86ing something	2
can i turn off the touchpad on my lenovo laptop	2
a mixed reference “locks”, excel	1
_____ functions find values in tables of data and insert them in another location in the worksheet such as cells or in formulas.	2
find vs lookup in excel	2
petsmart	4
drake	2
dioniz name	2
big trouble in little china	2
ksp mouse-aim dogfight	2
domestic rabbit eat grass	2
fright rags	2
pat and jen battle gear mod showcase	2
kindgirls	2
guitars and amps on craigs list north oregon coast	2
vytorin	2
jimmy johns	2
meme machine	2
neuroracer	2
oregon asthma events in may 2016	2
saurs flat on 199 oregon highway	2
ft island to sing, to laugh, to cry	2
brother hl-3170cdw digital color printer	2
vlamingi tang	2
how can i lower my car	2
spotify free premium	2
true tra	2
baking soda and peroxide whitening	2
coastal stores	2
dragon ball z soundtrack mp3	2
weather.clom	2
searscard login	2
best gaming mouse	2
what is this flower	2
the tog shop	2
how high is coney island above sea level	2
natural factors lactase enzyme	2
desi posing pics	2
superheroine belly punching videos	2
black girl belly punching	4
silicon valley online free	2
youtube	11
american eagle	2
best anime on netflix	2
in an e-mail address, everything after the ____ symbol represents the domain name.	2
to view e-mail headers on yahoo! click the ____ link in the mail options window, and then click show all headers on incoming messages.	2
to retrieve e-mail headers in microsoft outlook, right-click the e-mail message, and then click ____ to open the message options dialog box. the internet headers text box at the bottom of the dialog box contains the message header.	2
led replacement bulbs for 2000 mercedes e320 instrument cluster	3
r o water	2
kanye west doing his kanye best	2
minecraft 2.0	2
michael leung portland	2
cac demon	2
reddit	2
ups	2
lapidary tools	2
ant farm simulation game	2
cout is ambiguous	2
variable is ambiguous c++	2
ternary form	2
hbo go	4
sir mix a lot	2
gray butte trail	2
diocese of portland	2
image search	2
movies eugene oregon	2
countertop convection ovens	2
cuisinart	2
boxplot calculator	2
comcast hbo channel number	2
xfinity hbo on tiny boxes	2
how to use a polaroid	2
sidereel	2
churches in grand junction	2
roosterteeth reddit	2
myuhds	2
allied waste stayton oregon	2
8660 southwest carmel circle, wilsonville, or	2
how to fix hazy photos in lightroom	2
hentai games	2
brendan williams	2
withdrawal symptoms anti depression drugs	2
reich inequality for all ackman	2
robert reich board of directors	1
cyber sleuth wargrowlmon	2
moochi pixi	2
penny auction	2
touchscreen laptop	2
liscegenation	2
leatherback sea turtles population oregon	2
craigslist roseburg	2
twitter	2
salem bmw	2
propranolol	2
pornhub	2
unconscious bias video	2
nothing never paxton fettel	2
dripping faucet repair grohe	2
watch the man in the high castle episode3	2
how big is 7 feet at 13 seconds	2
social security	2
government camp history	2
critters.com	2
slitherio	4
sploofus	2
dark souls 3 avelyn	2
sous vide	2
nascar today	2
birds of montreal	2
hillsboro cinco de mayo	2
julia louis-dreyfus	2
moving truck for sale craigslist	2
used shipping containers for sale	2
little latin lupe lu mitch ryder	2
cory monteith death	2
oregon law 18 year old on title?	2
oregon law 18 year old car ownership insurance	2
cable to connect mac laptop to projector	2
celeste di porto	2
italy: the black panther, william murray	2
gypsy moth infestation, portland	2
grilled cauliflower	2
how will you be marked with the sign of the cross at confirmation	2
pirate bays se	2
legendarylea	3
osrs 2007 calculator	2
multnomah county elections	2
metromile login	2
caroline 3x01	2
thomas mann	2
charlotte mckinney instagram	2
nobody left in this world to hold me tight	2
staz nair.	2
tree of savior enchant table	2
online birthday cards	2
how to prepare for ib engllish paper 1	2
what is it called when a poem is split into different parts	2
asus x99-a	2
how to paint a motorcycle fender	2
double decker portland	2
reverse mortgage rules	2
statesman journal	2
netgear router setup	2
costco eugene	2
danica patrick	2
black river fingerboards	2
craigslist portland	9
p&g everyday	3
how do i change my steam avatar	2
adam helm great falls montana	2
kathy schrock	2
free vocal samples	2
eugenemarathon	2
2b hex to decimal	2
abstraction and reuse subprocedures	2
meatloaf recipe	2
fh	2
how to do surveys in word 2016	2
brent huck murderer	2
adobe photoshop how to scan a negative	2
how to set a citizen chronograph wr100	2
citizen quarts 6850 g81384	2
junk 96 olds cutless	2
adult friend finder	2
emma portner	2
ups tracking	4
simpson electrical construction	2
eugene oregon dmv practice test for driver's license	2
snip n clip reviews	2
smoothi king	2
saddle blanket seat covers bimart	2
round pen calculator	2
bank of america	4
colourpop	2
can you make cookies without butter or oil	2
windshield for bmw r1100r	2
anna grundling , ancestry	3
peter smith jr. - elizabeth webb	2
wolf ring	3
play scales piano	2
a=1/2(a+b) for a	2
mustang forums	2
henry v was so successful in taking territory from france during the latter part of the hundred years’ war that he was able to force the king of france to: quizlet	1
although leonardo da vinci was born in florence, he ended his career in: quizlet	4
raphael’s school of athens is of interest in part because: quizlet	1
the last muslim territory to fall in spain was: quizlet	2
amy winehouse detachment	2
hello, my name is doris vodlocker	2
dean chalkley amy winehouse	2
amy 2015 watch online vodlocker	2
jigsaw puzzles	2
comcast email	2
akaso x5c	2
how to do a 3 day smoothie juice cleanse	2
reddit diy raised bed	2
happy anniversary flintstones youtube	2
fox news	8
amanda berry's daughter	2
merging rivers	2
coleman aktivsport 1080p hd helmet camera review	2
qum rugs	2
frontier fios portland	2
fallout nexus	2
infundiendo	2
movie madness	2
stairway to heaven	4
andrews pizza	2
la grande oregon city map 201 crook	2
arc-126md	2
igloo 120 quart	2
bolt® ion 2-in-1 lightweight cordless vacuum 18v | 1312	1
tree of savior	2
dark souls 3 wolf blood grass	2
california resources corporation	2
puma	2
llbean	2
league of legends	4
yahoo mail login	2
luaus on kauai	2
innova	2
colossus disc golf	2
tiefighter outline	2
from software	2
all fan leaves died y week 5	2
problems with fox farm ocean forest	2
clarks originals faraway meadow	2
chet chance	4
putman family reunion	2
nbc nightly news	2
millisecond wrist watch	2
linear technology	2
things to do in ashland oregon	2
csgo pins	2
mortgage payments rate drop calculator	2
overwatch beta date	2
civil engineering blue sheet pdx	2
vnexpress	2
evga geforce gt 610 2048mb far cry 4	2
hp compaq 8100 elite convertible minitower parts	2
final fantasy 6 steam torrent	2
best graphics card for 320w	2
composting tumbler	2
corn salad perennial	2
business structures for dummies	2
floating city in china	2
mens gq	2
funeral suits website	2
rational expressions calculator	2
kurzweil mark 110	2
craigslist	10
pressure cooker versus crock pot	2
how to setup site to site vpn with dynamic public ip	2
asa 5505 security plus license	2
comcast speed test	2
sb6121	2
congresswoman suzanne bonamici hillary	2
john snow alive	2
movie theaters portland	2
correspondents dinner 2016 bernie sanders	2
oral b replacement heads	2
oral b sensitive replacement heads	2
oral b sensitive brush heads 4 pack	2
fishes swimming for cats	2
j	2
dollar tree	2
today high 97401	2
tiptronic shifting explained	2
trained dogs for sale seattle	2
trained puppies for sale	2
seeing eye dog rejects	2
wood drill bit vs metal	2
how to deal with people who don't get back to you email	2
not replying to emails rude	2
business ignoring emails	2
es	2
20985	1
alyssa charlston	2
priscilla faia	2
espn	2
craigslist bend	6
nct01691508	2
"· pavord id, korn s, howarth p, et al. mepolizumab for severe eosinophilic asthma (dream): a multicentre, double-blind, placebo-controlled trial. lancet. 2012;380:651-59."	2
where to go on my computer to edit what starts up when it starts	2
springfieldpolicecalllog	2
weight loss reviews	2
dr. nila jones md	2
car stereo with navigation and backup camera	2
touchscreen gps multimedia car	2
blue veined boobs	2
best soy bean for soy bean milk	2
subaru hillsboro	2
what is the best hair gel to spike your hair	2
humble indie bundle	2
112 w troupe st. mabank, tx	2
w.warren st. wolfe city tx	2
round resin deck box	2
game of thrones episode 2	2
terraria endgame	2
dark souls 3 armor	2
ds3 dancer armor	2
bill weir	2
how to prevent loose skin after weight loss	2
??? ????	1
michael bremont	2
oregon travel adventures, inc., high street, eugene, or	2
call of duty 2 no cd patch	2
fed ex	2
tom and jerry tales tom screams	2
nick jr (formerly noggin) new	2
fallout ttw doc mitchell vigor tester bug	2
loafers from hawaii	2
camp 18	2
cape falcon	2
wuuky yruup	2
coretec flooring home depot	2
drake views from the 6 stream	2
gold pms color	2
daily mail	2
recon teemo	2
outlast 2 returning characters	2
minecraft bending servers	2
microsoft office 365	2
ehr selection and implementation projects	2
sharks predators press conference game 1	2
how to get someone to stop stalking you	2
best buy	2
global expedition vehicles	2
lowest price on asus555da	2
soundcloud phaeleh	2
regal cinemas	2
mapquest	4
oregon symphony	2
classic neon clocks	2
osmosis mascara	2
does disability insurance cover you if you are not injured at work	2
fred meyer ad	2
missouri democratic party delegate selection	2
hillary schedule 4-30	2
twitter sign in	2
estimated south bend indiana crowd	2
domus sanctae marthae reservations	2
obama's chances of winning 2008 democratic primary	2
states obama won in 2008 presidential primary	2
what does hillary spend on consultants	3
bowflex adjustable dumbbells	2
what is purgatory thought to be like	2
next power climber mountain bike	2
evite	2
grindr xtra free download android	2
how to search audible by price	2
eel river cafe garberville ca	3
arians girlfriend	2
republican clown car	2
ret paladin stat priority	2
tricks with siri	2
lane county high school	2
wayfair	2
deficit in non associative learning	2
teacher swallows	2
how to make chick fil a grilled nuggets	2
how to make chick fil a grilled chicken	2
clickworker	2
who counters graves	2
hoqw to veiw all pc settings like temperatures on windows 10	2
illyriad	2
kryptonite	2
new gifs	2
test	2
fallen london	2
is being by the ocean good for asthma	2
ec blends	2
in touch ministry	2
sipunculida lack segmentation	2
ffxi ost + goodnight chocobo	2
ebtedge	2
portland oregon general contractors	2
kelowna, bc	2
fa	2
teen masturbation party	2
dark souls 3 nexus	2
oregon rules of civil procedure pdf	2
what does business day mean?	2
google translate iphone no camera	2
best train movies	2
simple ocean pattern	2
instaink.com	2
pogo.com	2
asthma high blood pressure	2
silkpaint airpen	2
glaze sheets ceramic	2
radiohead	2
saucony running shoes	2
which of the following is a possible cost of using renewable resources?	2
how does biofuel use differ from solar, wind, and geothermal energy use?	2
forrest creek apartments	2
sugar potential alcohol calculator	3
tobacco uses other than smoking	2
alaska airlines	2
carson uo	2
fairy tail wiki	2
legend of the cryptids daily reset	2
2003 chevy cavalier recalls	2
netflix	8
mcmennamin edgefield	2
pet friendly resorts oregon coast	2
nikon d3300 wiki	2
nikon d7200 video example	2
suntour blaze brakes	2
gta online character offline	2
soccer shot coupon code	2
reality tea	2
colorful things in sports	2
who was the oldest first lady to take office	2
tpl gamecube	2
p3d0 explorer	2
party bus salem or	2
infinity limo tours salem or	2
best buy email	2
web cam south beach crescent city	2
how to improve the sound from your computer	2
z? povinho	1
how to use math.random	2
saint mary's enrollment deposit	2
how to reply to college acceptance	2
retroarch chrono cross crash	2
xebra setting up controller	2
pokopom xinput pad plugin	2
connie jahns lebanon oregon	2
craigslist oregon coast	5
sam waterston narrator + ken burns national parks	2
chimayo pepper	2
artist lil sin	2
logitech g710 windows key not working	2
nasa lies	2
dark souls the abyss	2
best photography hosting websites	2
hidden sex cameras	2
how to apply plugins in stalkersoup	2
9/11 conspiracy debunked	2
meet single women in oregon	2
powerdvd 10 dual monitor	2
bluray software	2
blu ray software arcsoft dual monitors	4
adam kovic	2
how to delete temporary files on windows 10	2
firewall physics	2
one punch man original webcomic	2
trail christian fellowship	2
biblecc.com	2
princes of the apocalypse details	2
gmail.com	4
11103 muirfield dr 91730	2
shrubs	2
farmville2 zynga.com	2
skype	2
no bake cookies	2
ukulele scale	2
amc 232 transmission options	2
global fish food	3
elder scrolls wallpaper hd	2
sports clips west linn	2
sweepstake	2
sweet and sour mix recipe with cane sugar	2
house in forclosure central street st johns or	2
reed college psych department	2
659a.350 legislative history	2
oregon discrimination in education	2
action 52 remake	2
jimmy fallon	2
banks stinger system 5.9 12 valve	2
judge of the supreme court position 4 oregon	2
princess.com	2
cruise critic ports	2
unity game engine	2
game of thrones end of season 4	2
craigslist seattle	2
tumblr cuckold wife	2
joust hades build	2
electricity related words	2
sshs	2
quizet lindsey barton	2
cum swapping couple	2
smokey and the bandit 8 track e bay	2
trails with water access near eugene springfield oregon	2
river lake trail near oakridge oregon	2
mckenzie river trail weather	2
hood scoop 2001 cadillac	2
dark souls 3 how to get to pontiff suliyvah	2
wwe network says i'm not subscribed	3
village missions	2
rosa wichuraiana variegata	2
cam4free	2
used serrano motorhomes for sale	2
facebook login	2
ryobi charge stand 7.2 volt	2
byu musical theater program	2
ch?c ai ?? s? v? nh?c h?n	1
to love ru hentai	2
gravity sort algorithm	2
oregon health plan	2
portland houseboat rental	2
alan turing	2
cube timer	2
xbox one bundle	2
xbox one backwards compatible list	2
he andado muchos caminos	2
sexy grannies in oregon	2
sexy grannies in prospect oregon	2
new escape games	4
jessy miller	2
jessie young	2
jessie marie young	2
wedding sparklers	2
õîìÿê è êàëüÿí	1
videogame price search engine	2
david reimer	2
ark pvp quetzal platform	2
verizon	2
google docs login	2
john deere x320	2
cherry fruit fly traps	3
mailpix	2
aaa washington	2
prosartes edible	3
michael spears	2
plant roots osmosis	2
prosartes berry	2
charles lister florida	2
toyota near me	2
he burned my patch	2
best hotel medford oregon	2
socrative quiz sbac	2
annie build	3
watch rocky putlocker	2
glenda jackson russian invasion	2
wenatchee	2
hot mud vs all purpose	2
fallout 4 companions	2
green man gaming	2
can you execute if statements in game maker lite?	2
spacewar 1962	2
forms of self harm	2
oregon's best delivered	2
new business ideas	2
osrs scarecrow	2
the walking dead 6 temporada	2
used suv v8 4x4 southern oregon	2
competitive vaping	2
historian	2
shingles	2
8200 sw 87th ave 97223	2
60 minutes	2
dengue fever	2
backlog oculus rift	2
tong yang radiators	2
1991 jodie foster role	2
google search	2
9346 se washington st. portland, or 97220	2
msn	2
dennis richardson judge grasty	2
grants pass jatc	2
face	2
speakers in shower	2
xairs15	2
roblox	2
nobodys listening	2
if i stay fandom awards linkin park	2
google app for iphones to make phone calls	2
anthem blue cross	2
ddish code	2
los coches adobe	2
erisolsprite	2
google autocad	2
green shard emerald	2
jump the shark	2
fruit snack challenge	2
call enum from another class java	2
k 391 electrode mp3	2
young girl get fuck	2
arrow property management llc	2
spiralizer	2
collocation in a sentence	2
words containing dox	2
why do humans experience adrenaline	2
haedrig's gift	2
android tablet battery booster	2
dark souls 3 best secrets	2
dark souls 3 grave key	2
dark souls 3 patches	2
autozone	2
mother hentai	2
denver broncos	2
byron scott	2
ak-69	2
tumblr handjob	2
baddiewinkle	2
goldtoes plunder	2
1850 settlers map	2
good vibrations beach boys	2
bob dylan’s first album to include electric songs was	1
hank williams began his career on quizlet	2
“ballad of a teenage queen”	1
queen	2
where is rathian dragon lady	2
bacon asparagus	2
catalyst mh3u	2
photoshop 6 hdr	2
csgodiamonds	2
lies remix	2
bonnie hayes	2
how much cost to repaint mcdonald	2
happy wheels	2
dc universe online build in metropolis or gotham	2
dc universe online escrow	2
dc universe online rage build	2
question 7 saved what is the implicit marr when you are using the simple payback criteria and the cost or benefit is after the payback requirement, i.e., cash in five years when the criteria is simple payback in three years?	2
silverdale bicycle shop	2
eva air	2
states minimum age requirement	2
a green-roofed hobbit prefab home	2
watch series	2
easy virtue movie	2
dena honald hood river oregon	2
liberator gt5 online	2
thaumcraft 4.2.3.5 tutorial	2
happy panda	2
audiobooks service	2
flat plug power strip	2
trump	2
little north santiam trail	2
test an isuzu distributor	1
ff7 source farming	2
weyerhaeuser washington	2
fancy a	2
lonesome's pizza	2
wordpress gallery open image in new window	2
how can i access files on a synology nas	2
i cannot remember my synology login	2
priscilla is aldrich	2
roads that go off to the middle of nowhere	2
how do you prevent your cheesecake from cracking	2
discord	2
target gift card balance	2
okcupid	2
manual clean braun 790cc	2
braun series 7 790cc manual	2
chase.co	2
osu pet policy	2
estate auctioneers in grants pass, or	2
craigslist medford	2
we three mcminnville oregon	2
porno free mujeres con animales	2
porno free mamas con hijos	2
zillow	2
loaf 'n jug	2
how do you say red in welsh	2
mobinogi mining drill	2
the comes punk band	2
damian lillard	2
avis convertibles maui	2
hyatt residence club maui	2
deadspin	2
character creation in animal crossing new leaf	2
the laste window dusty card	2
rio bravo	2
99 chevy blazer has erratic dash lights and gauge movement	2
dash lights only come on when key is turned in 99 chevy blazer	2
most likely awards	2
mock rock oregon state 2016	2
serpent's skull character descriptions	2
fling pokemon	2
melanie martinez	2
hiren trip	2
i am bored at level 100 wow	2
bit tit whores	2
word counter	2
eglx bracket	2
eglx zero	2
osufed	2
labanna babalon	2
game of thrones john alive	2
youube	2
can't connect online to star wars empire at war	2
christian choruses lyrics	2
define mortgage rate	2
bikini sports ponchin english lyrics	2
shanie love	2
kyliemaria	2
robinson annulation khan academy	2
galvanic v electrolytic	2
the galactic empire wars book 5	2
asa akira and malena morgan	2
vgiq410-3rt orifice hoods	2
vgiq410-3rt orifice	2
cheaper rent eugene or salem	2
stop it immediately	2
no more room in hell	2
alex louis armstrong	2
rs shops that sell hatchets	2
greater runic staff	2
jordan river basin surrounding countries	2
interpolitical	2
solarmovie	2
war on drugs science	2
how to tell if a nose is broken	2
blender ocean modifier game engine	2
craigslist salem	2
samsung galaxy note 4 storage	2
flowtron handy hauler replacement wheel	2
zika virus	2
jobs search	2
where children play 2015	2
getcomponent script	2
unity method	2
log power rule	2
seaweed stardew	2
pathfinder nasa	2
oregon live	2
clatsop community bank	2
catholic prayers	2
convert word to pdf	2
3355 salmon river hwy #2 otis, or 97368	2
r/gameseals	2
??? jiito.net	1
walmart photo	2
espn nba	2
carmax	2
capital one	2
mcdonalds jobs	2
old cowtown museum	2
u.s. cavalry museum	2
drive	2
sex in the city 2	2
where i can buy jordan	2
oregon unemployment	2
rotten tomatoes	2
oglaf	2
nana mizuki	2
code of points rings skills	2
compatriots synonym	2
krokodil effects	2
foreign intelligence surveillance court	2
dark souls 3 beating the dancer	2
just like mom	2
dark souls prepare to die steam key	2
how to fix hdmi port on tv	2
geocaching	2
pinterest	4
if you were me hey little ant	2
yu	2
xfinity	2
shyvana build	2
full episodes of blindspot	2
full episodes of blind spots	2
tvmuse	2
tumblr	2
family policy institute of washington	2
cfbu 103.7	2
yahtzee	2
young man with hair loss	2
priceline flights	2
colorado state university	2
loganwhitehurst	2
evil flight piano	2
bns bosses robot	2
america catholic review	2
spyro 3 skip all moneybags	2
hulu one piece	2
pro choice countries	2
trials in tainted space spank	2
rust out water softener salt	3
frontier mail	2
thornless evergreen blackberry plants	2
thornless evergreen blackberry nurseries in oregon	4
thoses nights at rachel's	2
game of thrones tyrion lannister	3
mackie onyx	2
onyx mackie	2
livid midi	2
rack shelp skb	2
agatha christie and then there were none walkthrough	2
rare wild cats	2
1997 jeep grand cherokee 4.0 for sale	2
puzzles	2
2002 kia spectra clutch master cylinder and slave cylinder price	2
rathuum warframe	2
426 power bomb	2
thousand trails	2
reactivate sensipar card	2
tracy reifkind	2
how to backup windows 8.1	2
tandy hx 1000 monitor adapter	2
tandy cga to vga	2
4 mm outside o rings	2
burpee seeds	2
samsung gear vr and steam	2
eugene marathon 2016	2
oregon what does a precinct committee person d?	2
multnomah county sbhc report	2
minecraft sky island in water	2
whats my ip	2
study space	2
vst bridge audacity	2
gesa2go.com	2
derivative multivariable mathematica	2
do things get delivered on sunday	2
korean netizens	2
sega store	2
craft heat gun	2
how's everything answer	2
omegle	2
clip black dog nails	2
sf giants	2
4925 fontana se salem or	2
about vitamins	2
henry v younger brother	2
how do payday loans work	2
work life balance for pharmacists	2
google maps	2
christ be all around me lyrics	2
y	2
silicon valley s03e02 720p torrent	2
bosch code reader	2
crock pot model scvp550 replacement stoneware	2
cold brew coffee	2
ap psychology people quizlet	2
insight learning	2
when do kids start walking well	2
increased levels of cortisol are associated with an infant experiencing	2
factorio	2
yahoomail.com	2
deplin	2
roblox login	2
best search engine optimization for wordpress	2
probability of rolling a 4 on three d8 take median?	2
wwe network on wii u	2
taylor series table	2
syria war map	2
daddies board shop	2
adultfriendfinder	2
usps tracking	2
bishop cavitt fowler san diego	2
mount and blade warband how to deactivate cheat menu	2
why are people quick to anger	2
ichigo vs ganju	2
naruto jushiro ukitake fanfiction	3
register guard	2
glassdoor	2
mens warehouse	2
mico headphones	2
side jobs at home	2
gmr transcription reviews	2
sublime feels like i going insane	2
topmax and lamictal interaction	2
is warner brotehrs going to keep zack snyder	2
warframe black screen on launch	2
uscis case status	2
727 sw bridge st grants pass, or 97526	3
verizon wireless	2
boke dim sum	2
survival blog	2
katu	4
eve customs office resistances	2
cuases of c5 nerrve pain	2
worship songs power of christians	2
beyond belief movie	2
swiss army 24176 watch	2
swiss army.com	2
do laptops have nfc	2
youtube anime man	2
a struct variable can contain an array.	1
earin	2
can you save 5% yearly	2
oregon low income housing assistance	2
health insurance for family of 5	2
average monthly cost of health insurance for family	2
jobs for professional oboists	2
define roary	2
hearthstone most fun class	2
high culture	1
high culture examples	2
recreation	2
oregon state bar lawyer referral	2
landlord liabilities for marijuana	2
clarity phones	2
balaram drum	2
lenin rise to power timeline	2
kyron horman	2
ibook g3 clamshell for sale	2
watch anne of green gables online	2
4825 commercial st. se in salem, or	2
parchment paper	2
forever 21	2
dark souls 3 warpick	2
untrue dark ring	2
leo ring	2
spanish castle-style flat roof line	2
osu federal	2
video one	2
why were the buffers asymmetric – that is they seemed to handle added sodium hydroxide with relatively small changes in the ph while small quantities of hcl caused the ph to decrease substantially?	1
flipboard my magazine	2
v neck t shirt 5x	2
do dogs get chiggers	2
sarah smith oregon	2
perception game	2
erie enterprise	2
is galimsky a jewsish last name	2
game of thrones review	2
usb player portable with earbuds	2
ccss.ela-literacy.rl.2.9 compare and contrast two or more versions of the same story (e.g., cinderella stories) by different authors or from different cultures.	2
paladins fernando	2
south umpqua rent	2
vikings series leader of vikings season 1	2
hillary clinton super predators	2
who is calling from 6282226244	2
t-rex porn	2
home depot ladders	2
man from the side	2
cuban girl names	2
maps	2
how to breed vanoss in monster legends	2
steph curry kne injury	2
thrush	2
taste of home recipes	2
rebel rebel	2
tanzania	2
deadpool full movie megashare	2
evil within	2
casa del matador nw 23	2
jeep j6	2
how to get your music on cdbaby	2
capitol records sample rights	2
master classics records the orchard	2
wills and trusts attorney portland oregon	2
darkmoon faire treasure map quest guide	2
turbotax	2
correspondents dinner	3
rail italia	2
100% orange juice	2
what is intel graphics driver 5500 equivalent to	2
monopoly with friends	2
cod online	2
enshuryu	2
ethics	2
is ought problem lesswrong	2
social security death benefits	2
met life ofegli	2
age of wonders 3 cheats	2
united shades of america	2
sword coast legends mechanically locked bandit	2
meniscus rehab without surgery	2
santa rosa ca travelogue	3
474 18th ne salem oregon	2
cars.com	2
teen mom 2 episodes online	2
can't delete songs from ipod mini	2
newsboys your love never fails	2
bank of the cascades	2
seattle seahawks	2
how to send photos in windows live mail comcast account	2
round and round lyrics ratt	2
sammy hagar lyrics baby's on fire google play	2
danner boots	4
boot knife	2
black jack knives	2
how to temper a blade	2
bridge city pizza menu	2
val hoyle	4
oregon state baseball	2
kaiser	2
lane community college federal school code	2
aol.com	2
dracula box set four pack minimates	2
garfunkel and oates show	2
mikledet	2
princess leia creampie	2
hp envy 34 curved all-in-one desktop (intel® core i7-6700t processor	1
outliers chapter one	2
malcolm gladwell university of michigan	2
multnomah county zoning city limts	2
200 gallon organic soil amendments marijuana	2
piratebay	2
airwolf	2
i 693	2
twin princes greatsword	2
n'zoth hearthhead	2
legal twinks	2
kbb car value	2
small hard on's	2
microsoft expression tutorial	2
shrubland average precipitation	2
dancing with the stars	2
nw natural	3
nightforce shv f1 for sale	2
mcdonalds milkshake calories	2
yahoo	4
lookbook photography	2
dragon girl	2
snacks that go with tea	2
what is isotope number mean	2
archdiocese	2
pork paprikash slow cooker	2
gopro handlebar mount	2
corn channel intermediaries	2
taylor caniff	2
where does sam elliot live	2
newslinq wiki	2
craig neil	2
alphagamers	2
https://www.vitatchek.com/order-status-sigon.aspx	2
removing toolbar from chrome 2016 windows 8	2
may day traditioins	2
how much radiation fukushima	2
gaia pokemon items	2
whomp whomp in the woods	2
wump wump sounds animal	2
nintendo rewards program	2
battleborn open beta review	2
windwalker monk rotation	2
elotes recipe off the cob	2
metaslider replace slide	2
dark souls bastille blacksmith	2
dark souls 2 leave message	2
yahoo mail	13
triangle normals	2
therapy store st johns portland	2
experiences synonym	2
"words to the song ""hallelujah"""	1
buffalo in golden gate park	2
oregon presidential primary polls	2
ca trans cameras	2
bridge bay web cam lake shasta	2
pillars of rome	2
motorcycle bent handlebar	2
sousei no onmyouji 31 raw	2
lightweight weed eaters	2
cocrophagia	2
break point chikorita	2
make iso from bin and cue files	2
quasit token	2
smart balance charger discharger	2
got talent paddy and rico	2
eckenfelder correlation	2
msg walmart	2
flu incubation	3
oregon community credit union	2
hp printer help	2
mitch jones	2
torque sequence for cam bolts on 1993 toyota t100 3.0	2
are the 6 point head bolts torque-to-yield on 1993 t100 3.0	2
redundant steering wheel controls town car	2
mercy medical center	2
shout carpet oxy fresh scent stain & odor remover, 32 fl oz	2
cable tie gun walmart	2
how to invite someone from another country to the usa	2
kona hawaii	2
voice commands tf2	2
ark building guide	2
never too late tab	2
galaxy s7 specs	2
drm removal software free	2
the du crazy noisy bizarre town	2
gogoanime	2
marijuana cliiacs disease	2
oregon deadly force law	2
burglary law term	2
sue indian	2
1 7/8 is how many mm	2
myuhaul.com provides a quick way to open a file	2
copart	3
max full movie	2
opb tv schedule	2
sample thank you note for lunch	3
groupon	2
mankey evolution	2
jeld wen	2
lamp shade 5 x 10 x 9	2
"10"" bell lampshade"	1
cbcs favebook	2
my chart ohsu	2
is minecraft ascending safe	2
bend broadband	2
carnac	2
smartshoot yelp video	2
preterite ver conjugation spanish	2
portland oregon secret garden	2
prince rogers nelson altars	2
minnesota	2
mechagodzilla t shirt	2
kuka titan	2
guess the emoji roblox answers 26	2
samsung washer and dryer	2
stardew valley feeding the dragon	2
maypole dance	2
canvasuo	2
trends identified in the now statement of purpose	2
chicago women’s liberation union	1
e transcript viewer	2
hbogo	2
cake by the ocean dnce meaning	2
walmart bakery	2
product form competition	2
is skype 3 way call free	2
do converse chucks run big?	2
watch tv seies	2
captain america: civil war free hd stream	2
barracuda submarine floor plan	2
schmidt and bender short dot review	2
stoeger arms	2
junction 48	2
how to buy a phone that will be unlocked and usable in haiti	2
can you send pictures with a tracphone smartphone	2
instagram	2
google mpas	2
prinvilleoregongolfcourse	2
beltane	2
news	2
story of the red dragon and the white dragon	2
legal shield	2
javascript stop iframe redirect	2
revenue-based financing saas	2
zubie tablet support	2
routiific multiple stops before dropoff	2
vintage halloween costume	2
the great leap forward	2
yam	2
salt and straw	2
where to buy black garlic in portland oregon	2
definition of orthodox	2
maps finding cheapest travel	2
how many smoke detectors are required	2
ceramic coated gears	3
sunnyside seventh day adventist 10501 southeast market street	2
polska kielbasa	2
black ops 3	2
pogba	2
rebuild 2	2
samsung 27 inch+ led 1080p review	2
american polls climate change belief	2
obama staying in washington	2
can you open jpegs in cmaera raw	2
radioshack	2
1256 sw 12th st, troutdale, or 97060	2
blood elf names	2
bgh hearthstone	2
find critical value with level of significance	2
google docs	2
doctor who episodes	2
eso builds 2016	2
planetside 2 pre paid game gard	2
stromkirk captain	2
rewards high stakes gwent	2
coldplay, joe satriani	2
how to copy cells from one sheet to another in excel using formula	2
marketing insurance through social media	2
2016 nfl draft grades	2
dog lethargic not eating	2
negative term for free spirit	2
residential storm screen doors	3
buildings at risk seismic	2
interstellar what happened with the watch	2
safeway jantzen beach	2
spunky angels tgp	2
dota 2 leaderboards	2
what does soylent 2.0 taste like	2
calculating current in a parallel circuit	2
libra daily horoscope	2
sutherlin family church	2
sample agreement between franchisor franchisee	2
what is the difference between coconut milk , hemp milk, and almond milk	2
ground chicken nuggets baked	2
how to check the power steering fluid 2002 subaru forester	2
maintenance schedule for 2004 subaru forester	2
2009 subaru forester	2
sodium hydroxide	2
osaa	2
mmtci	2
knife grab shirt	2
interzone	2
village green 55+condo american fork ut	2
dr melvin carter hurricane utah	2
chesapeake bay bridge\	2
sprained knee recovery	2
john sandford torrent	2
essa	2
upromise	2
reset my iphone 5	2
nfl	2
myspace login	2
udub	2
hearts	4
coast to coast am	2
restaurant carne asada	3
a printer for ipad air 2	2
gifts for mother's day	2
gifford family dental	2
small kiln for ceramics	2
airb&b	2
porltand thorns	2
cover letter making	2
gabapentin	3
puffs pub	2
the district bar gresham menu	2
warframe transmutation	2
quizlet	2
refer to figure 6-18. buyers pay how much of the tax per unit?	2
refer to figure 6-18. sellers pay how much of the tax per unit?	1
primewire	2
lil candy xxx	3
where to view black bears near great smoky mountain national park	2
kgw	2
tamale recipe	2
injustice ios riddler staff	2
all good teenagers take off their clothes	2
penis in little mermaid	2
ashley lane xxx	2
rylie richman reverse prayer hogtied	2
rylie richman bdsm	2
fallout 4 nexus	2
whois	2
how to grout vinyl floor tiles	2
vudu	2
america - ventura highway	2
rei solar camp light	2
kubota parts	2
lg volt photos not going to microsd	2
act up group against aids	2
black panther	2
apple student discount	2
russia gp kvyat	2
dotagasm	2
prefinished plywood home depot	2
hahn machine m14	2
www.401k.com fidelity login	2
angies list	2
linkedin	2
earthwerks vinyl plank flooring installation	2
yamaha c3	2
dell service tag	2
site:vipergirls.to femjoy.com vika	2
leauge server status	2
kalista boit	2
cbs 2016 fall lineup	2
agrarian skies 2	2
mower casters	2
watch wrestling	2
at the beginning of the novel jonas describes himself as apprehensive	2
no mans sky limited	2
game of thrones season 6 episode 2 watch online	2
konosuba	2
train puns	2
lularoe	2
dessert subscription box	2
adding a run from my suunto to strava	2
kellogg company	2
nra benefits	2
usbank	2
dennis richardson oregon	2
christian oregon governor election 2016	2
we couldn't complete the updates undoing changes windows 8.1	2
windows 8.1 restart loop	2
landon tewers music video	2
mcdonald's menu and prices	2
the oregonian	2
freedom of movement pathfinder	2
craigslist charlotte	2
debate of the century	2
portland thorns	2
have you or someone you know suffered	2
incubation period for mallard duck eggs	3
john e l tenney	2
disneyland refurbishment schedule	2
disneyland halloween 2015	2
bower.json homepage	2
noragami ep 13 english dub	2
noragami	2
wayne's world guitar window	3
wayne's world guitar live in the now	2
older lesbian resources	2
rotten tomatoes civil war	2
psychiatrist salem oregon health plan	2
how to play shadows of the night on guitar	3
houses for rent around eugene oregon	2
googlemaps	2
shadow lane spanking	2
amd	2
best one liners	2
harbor freight	4
wine shops tigard	2
burgers tigard	2
vinotopia beaverton	2
visual studio coming up as virus	2
c++ displaying last line twice input file	2
delta airlines flight tracker	2
safeway	2
charles mingus ah um	2
extra tall stay up stockings	2
mlb 16 dynamic hitting difficulty	2
hormones and weight gain	2
auto music visualizations	2
grenda gravity falls	2
north korean minimum wage	2
immigrants to north korea	2
country club estates gresham or	2
hotwire	2
www.msn.com/en-us/tv/celebrity/2016-daytime-emmy-awards/ss-bbsvfhx?li=bbnb7	2
supercuts	2
how we got the bible	2
xnxx	4
turns brown eyes blue permanently	2
how to measure hips	2
institutions in controlling deviance	2
bing	2
cat condos vancouver washington	2
buy ice skates	2
magnetic power adapter for laptop	2
who can inspect immature clones ommp	2
agario	2
thai beer menu	2
natural diuretics for edema	2
g6 airpark	2
ngula	2
town of salem	2
deskstar 5k3000 firmware	2
hgst read element failure	2
steam sale	2
tint reflection comparison	2
how to pick an architect	2
tanana alaska	2
worksource oregon	2
crocks	2
forced striptease porn	2
john do the windy thing	2
milk after workout bad	2
portland may day	2
forest grove tv on air listings	2
opb	4
microsoft login	3
beethoven sonata 17 3rd movement sheet music	2
u of o aaa library hours	2
milk isn't just for tadpoles	2
linux serial communication c	2
star trek marines	2
fastest way to rank up in cs go	2
gorgon planetside	2
capital manor salem oregon employment	2
game of thrones prince doran	2
companion planting black beans	2
google news	2
estate planning attorney spokane diane	2
woods memorial trail portland or	2
you missed when time and life shook hands and said goodbye lyrics	2
canon rebel eos t5 shutter count windows	2
facts chocolate truffles	2
youtube live subscriber count	2
wingdings translator	2
bbc news	2
truthfinder	2
nhl games	2
pirate bay	2
herb fairies	2
toys r us drivers	2
rhythms renderings	2
rhythmsrenderings square	2
mafia 3	2
mafia 2 small crosshair mod	2
which watershed can contribute most nitrogen to stream	2
cbs 2016 fantasy football commissioner	2
family group record	2
cipa 49805	2
angle of a triangle	2
mark grace	2
"lombard i;;inois"	1
free games online	2
mate	2
how to tell which transmission is in my suburban	2
98 gm rpo codes transmission	2
covered sandbox plans	2
battery 4 factory library	2
rick and morty netflix	2
diamond minecart youtube	2
nvidia nforce networking controller vista 32 bit	2
kiznaiver	2
electronic oven thermometer	2
jcp.com credit card login	2
pacificpower.net/pay	2
torgeson, holly jean	2
boston red sox score	2
idaho 8 yr old pocket beagle to good home	2
frankie brown obituary in ca	2
4 west 16th street ny ny	2
french apple pie	2
tradewinds sample database	2
mclaughlin ford	2
tangled double trouble	2
imgsrc.ru	2
livestream with vimeo	2
new gumby show	2
vitacost	2
sun requirements for calla lily	2
yt	2
micayla grace	2
grass valley, california	2
vinyasa beweave it skechers sandas	2
vinyasa beweave it womens sandals	2
legalizacion de autos americanos	3
2007 celebrity 240 cuddy	2
solstice and equinox	3
imgur	2
buy yellow geranium seeds	2
oven chicken legs	2
chicken legs	2
parentvue 4j	2
famous medical nurses	2
dave mustaine	2
mae whitman nude	2
crows feet on lucidchart	2
pond5	2
new dvd releases	2
metzgeroutdoors	2
best disney movies	2
mail.yahoo	2
xvideo	2
fb	2
fault in our stars free	2
saw shops eugene,oregon	2
have home prices been reduced in santa barbara,ca 2016?	2
zillow com st helea california	2
enma2 moves	2
harmony house salem oregon	2
broadway shows	2
vmoda boom pro works what which headsets	2
free games	2
carrack cruisers	2
don't touch my mustache	2
alepisaurus	2
how long does sunfrog take to fully dry	2
lija peachy	2
indesign text centered in circle	2
olive tree ministries	2
dustin prep georgia fba	2
509j oregon school enrollment numbers	2
return address for graduation announcement	2
return address for graduation announcement student or parents?	2
def jam iso psp	2
steam backgrounds anime	2
st charles parish jail	2
pcc drafting degree	2
optifine	2
lightweight clothing for hot weather	2
oregon elections	2
rv share	2
trex decking grey 1985	2
google map directions 11110 se vista view lane to metzler park clackamas oregon	2
christinadollx livejasmin	2
richest person in america	2
why moolah act 3	2
pricegrabber	2
tweekbit driver update crack	2
boris karloff	2
facebook messenger code	2
jurassic park theme	2
pornin15secounds	2
japanese curry recipe	2
david fincher.	2
monster musume no iru nichijou read online	2
maria elena, a 1941 hit from jimmy dorsey	1
13 hours megashare	2
how come i can't hear anything on my laptop	2
how to delete roblox places 2015	2
roblox how to activate plugins	2
disney fast pass	2
virtual desktop htc vive controller	2
set default value for new field mvc	2
classified pay schedule chemeketa community college	2
skyrim ordinator perk trees	2
powerball	2
the arrow	2
clash royale chest order	2
most viewed youtube videos	2
most subscribed youtube channels	2
providence email	2
why is fruit of the spirit a triad	2
breaking bad teddy bear	2
hillary clintons' proven lies	2
how to make water flow faster	2
6710 sw 22nd way bushnell, fl 33513	2
quik shade weekender elite parts	2
wouxun kg uv3d unlock software	2
2001 saturn water inlet fix	2
big imdb	2
amata pueraria mirifica	2
transformation comics	2
2399 s. pacific hwy medford oregon map	2
airfax underground	2
melvins	2
ikea	2
outdoor sectional	2
if you knew sousa pbs	2
bibimbap recipe	2
7031 n westanna ave portland or	2
san francisco 49ers	2
the house of hades summary	2
jenkem active ingredient	3
flakka	2
2015 national superintendent of the year by aasa	2
xvideos	2
jailbait	2
pyromancy hand dark souls 1	2
calapooia middle school	2
chromium os iso	2
euron greyjoy wiki	2
hoyt defiant 34 review	2
ipod shuffle keeps stopping	2
??? - ???????	1
??? - ???	1
pof	2
log2*10^-8	2
graphing calculator	2
jacksonville oregon population 2015	2
portugal plug	2
israeli passport	2
delaware memorial bridge	2
using patio furniture indoors	2
vikings season 4 episode 2 free online	2
find my i phonw	2
the argent champion title account wide	2
hornbunny	2
purple rain	3
for structural-functionalist emile durkheim, social integration and interdependence are important because	2
experience sociology, croteau symbolic inter	2
main assumptions of the functionalist, conflict, and symbolic interactionist perspectives	2
st scholastica kenya	2
how to make cortana searches open with firefox	2
how to make windows 10 search open firefox	2
autohotkey frameless fake fullscreen	2
how to alt tab out of garrys mod	2
amazon.com books	2
streamig porn	4
what does it mean to be kind book	2
edgefield	2
puccini arias	2
croman and associates	2
docs	2
eugene venues music	2
iwilldominate criminal	2
tyler1 youtube	2
cordless earphones	2
thedicetower	2
rondo tripod	2
google drive	4
how can gmos improve the environment	2
matchlock pistol	2
youtube obama press conference	2
www.pussy.org	2
at&t plans	2
free computer program that runs well with avast to optimize	2
free optimizing junk file remover software for windows 10	2
transcribe me	2
baasteer weapon	2
how to delete megabackup on windows	3
vector images	2
pharmacy technician jobs in oregon	2
game grumps	2
tow the line	2
wendy griswold cultural diamond	2
paul hirsch cultural production model	2
oregon unemployment weekly claim	2
hollis mason	2
the price elasticity of demand measures the responsiveness of the change in the quizlet	2
total revenue is quizlet	2
juanita's chips	2
long beach washington humane society	2
league of legends friends list clearer	2
didier drogba	2
animals associated with earth	2
game exchange albany	2
1997 dodge ram 1500 gear ratio 3236	2
new rv	2
breitenbush campground	2
lower breitenbush hot springs	2
breitenbush hot springs	2
pirited away meaning	2
kubota garden tractors	2
real clear politics	2
gop polls	2
nikon d-50 dslr	2
dark souls 3 spook	2
mass effect console commands	2
mass effect 1 does using the console break the game?	2
copper mule mug white spots	2
mass effect how long from ilos	2
diablo 3 rebirth	2
dat biology portion breakdown	2
panama craigslist	2
cruising sail boats for sale in tahiti	2
fetlife	2
hbo now	2
corvallis oregon events	2
aol mail	2
www.michigan.gov	2
argentine steak chimichurri recipe	2
instruction manual for 18 volt ryobi hybrid weed eater	2
pdx mugshots	2
how is presidential campaign money spent	2
n600 mtu value	2
pokken get out of being pinned	2
rifts kickstarter	2
komaru x komaeda	2
addiction solitaire	2
long white tee shirt dress	3
takeoff procedure for c-130	2
msi icons 2016	2
eat 24	2
orileys	2
processes focus on the identification, recording, and reporting of it components to include versions and the interrelationships between the components.	2
information steering committee	2
how many kids named violet were born in 2015	2
peace corps	2
hearthstone the ancient one	2
d&d 3.5 persistent spell	2
hen gap lai anh tvhay	2
young living	2
white board	2
bandon camping	2
nicotinamide riboside	2
colossus the forbin project font	2
celestia sun logo mlp	2
netfllx	2
lonely stoner kid cudi lyrics	2
balon greyjoy	2
roose bolton	2
plus size sleepwear	2
portland to vancouver bc driving time	2
major dwarf sideshow baltimore md	2
major charles burdett baltimore md	2
yahoomail	2
great lakes	2
make flash cards onlien free	2
puzzle quest challenge of the warlords wii torrent multi	2
shutterfly	2
portland harborside hotel	2
copyright laws using logos	2
mee gin menu	2
bob's burgers season 6	2
ygotas playlist	2
gdp during hoover's administration	2
axl rose	2
nintendo	2
'99 suburban with 4l60e transmission has hard, jerky downshift atfter long highway cruise	2
bamboo fencing	2
white side table	2
model 70sx security door	2
milgard doors	2
celebrity constellation cabin 6143	2
i want to get away	2
verizon tradein annoying comedians	2
verizon trade in horrible comedians	2
barakakodon anime review	2
baker 3631 louis xv desk	2
yamaha flute	2
surya bonaly backflip	3
facade pronunciation	2
speed test	2
deq near oregon city oregon	2
dot com bubble	2
number of elements in the stars	2
carl sagan cosmos	2
npr book ends trivia	2
evan boone kayaking	2
dolls to practice face ups with	2
hyper fennec fox	2
dantdm horror map girl scream	2
dantdm horror map stolen my close	2
you want a piece of me britney spears	2
cheers leathaire review	2
dumbells walmart	2
tonneau cover	2
iconographer juneau alaska	2
deitering	2
donald joseph deitering	2
mistress t	2
winco hillsboro	2
daily reflections aa	2
what is described as the holy grail in the battle against disease?	2
gayboystube	2
fear the walking dead recap	2
on my mind lyrics	2
adventure time season 7	2
reddit stolen	2
baby shower game for co ed and kids	2
baby showers with kids	2
android silent eye app	2
en9800gt	2
grundig	2
visibly clogged pores under breast	2
lost boy	2
monkey quest	2
minecraft warrior cats server	3
mary garsia	3
collateral movie soundtrack	2
how to play everlong	3
watch dragon ball super	2
lds.org	2
alabama severe weather	2
lcm calculater	2
the division fred location	2
blade and soul thorns of the black rose puzzle	2
yoga pose standing holding big toe?trackid=sp-006	2
wallpaper for samsung galaxy s7	2
otome	2
$ windows commands	2
twin peaks michael cera	2
h.c. burmister ocean park	1
odot	2
realty trust group	2
state farm mortgage	2
athen greece bike rental	2
playground gym	2
beautiful ocean sunsets	2
acid etch metal	2
aipom	2
fordson snowmobile	2
60 minits may 1st.2016	2
how to treat hemorrhoids	2
academic success center osu	2
small area steam carpet cleaner machines	2
11923 sw 25th	2
comsol fluidized bed model	3
safety dance	2
amatuer porn	2
bickham script practice sheets	2
fastest feats in dcuo	2
best irish whisky	2
game of thrones season 6 episode 2	2
reviews of trello	2
how to send someone home second life	2
applied energistics 2 wiki	2
manual for stihl weed eater model fs 90 r	2
gift list strange 25 buzzfeed	2
best pet for catching pets wow	2
free api game ratings	2
dish tv	2
kep school system in new orleans	2
coming ice age	2
mucho gusto medford	2
willow shields	2
watch the simpsons movie online free	2
sojourner truth aint i a woman speech analysis	2
crazy noisy bizarre town full	2
www.jfvideo.com	4
active positive presidents defintion	2
success thesaurus	2
do flex points roll over lewis nd clark	2
apa citation example	2
raekors dunfeon	2
printer is online but shows offline for office	2
bastions revered	2
naked secretary videos	2
dragon age origins hide helmet	2
information rights privacy and freedom in the internet age	2
firefox adblock plus	2
firstrowsports	2
when did people start keeping pet fish	2
apollo 8 earthrise	2
how to reinstall windows xp without having to reactivate	2
home depot medford	2
oregoneft	2
malarkey roofing highlander	2
certified certainteed roofers portland oregon	2
how long does it usually take to get a check once the settlement agreement is reached	2
types of roof valleys	2
cape kiwanda	2
gshadoan	2
greg shadoan	2
pomegranate syrup recipes	2
chicago fire season 4 episode 19 cast	2
best muzzle for jack chi	2
lighting bolt best album	2
sleep vs paralysis unchained	2
cesar chavez newspaper articles	2
making stuff smaller site:youtube.com	2
what is development	2
the lighthouse gospel song sheet music	2
logmein hamachi	2
jennifer lawrence measurments	2
trillium lake from home	2
how to sleep in jeep unlimited	2
black widow	2
peta jensen profile	2
nocona boots+salem, oreg	2
men's denim jacket	2
raiders latest news and rumors	2
johnny's seeds coupon	2
marion county fair	2
animal jam	2
bendbroadband	2
party planning checklist	2
1995 mustang vacumn control motor	2
national geographic	2
stream game of thrones season 6 episode 2	2
watch game of thrones season 6 episode 2 online free	2
watch game of thrones season 6 episode 1 online free streaming	2
compartment syndrome	2
bnsf article 9	2
jennifer lawrence nude	2
ryan dunn	2
progressive	2
2885 sw ridgewood ave portland,or-97225	2
gnome child banner	2
metroidvania	2
bolt bus	2
office 365 businness allow sharing outside organization	2
uoregon 365 cant share	2
cant straighten fingers on left hand	3
fixing outside faucet that does not come apart	2
codtco	2
ign	4
chase login	2
ginger aid recipe	2
young and the restless message boards	2
water pipes	2
craigslist eugene	2
family council agenda lds sample	2
cartoon network games	2
texasdirectauto	2
mya has just surveyed 100 students to get their reaction to a new textbook she is reviewing. she has one data series that she wants to represent graphically, and she needs to display her data in a way that lets her visually compare the data values and see how much contributes to the whole.	2
rather than creating a new chart that includes only those selections, she can ____ an existing chart.	2
nvivo 10 problems with avast	2
electric bed repair oregon	2
graph theory examples with solutions	2
chaturbate	2
watch game of thrones free streaming	2
salem oregon pollen levels	2
northern lights pub	2
20 sided sex dice	2
laser cut toyota smart key in portland oregon	2
how much of the korean language comes from english	2
zillow terrebonne oregon	2
thank you for bee ing a great teacher free printable	2
teacher appreciation ideas	2
mark callahan	2
damerow ford	2
compare f150 bed lengths	2
slogan maker	2
how life changed earth	2
are you allowed to take a picture of your primary ballot	3
couchtuner	2
blank calendar may 2016	2
sugar pill	2
neighborhood watch portland	2
toyota yaris reviews	2
craigslist homes for rent red bluff ca	2
four winds diesel class c	2
online ruler actual size	2
powerpuff girls peeing porn	2
windsor model 575	2
weaver serial number	2
precise mountain shadows knife	2
jared goff recruiting	2
tarantella	2
abyss lord archer glitch	2
love radio manila	2
a mixed reference â€œlocksâ€, excel	1
"robert reich" board of directors	1
henry v was so successful in taking territory from france during the latter part of the hundred yearsâ€™ war that he was able to force the king of france to: quizlet	1
raphaelâ€™s school of athens is of interest in part because: quizlet	1
boltÂ® ion 2-in-1 lightweight cordless vacuum 18v | 1312	1
020985	1
Â· pavord id, korn s, howarth p, et al. mepolizumab for severe eosinophilic asthma (dream): a multicentre, double-blind, placebo-controlled trial. lancet. 2012;380:651-59.	2
ë§ˆìŠ¤ì¹´ ë‚ë¬´ìœ„í‚¤	1
zÃ© povinho	1
cháº¯c ai Ä‘Ã³ sáº½ vá» nháº¡c hÃ n	1
Ñ…Ð¾Ð¼ÑÐº Ð¸ ÐºÐ°Ð»ÑŒÑÐ½	1
bob dylanâ€™s first album to include electric songs was	1
â€œballad of a teenage queenâ€	1
"test an isuzu distributor"	1
ë² ë“œì‹  jiito.net	1
"a struct variable can contain an array."	1
"high culture"	1
why were the buffers asymmetric â€“ that is they seemed to handle added sodium hydroxide with relatively small changes in the ph while small quantities of hcl caused the ph to decrease substantially?	2
hp envy 34 curved all-in-one desktop (intelÂ® core i7-6700t processor	1
words to the song "hallelujah"	1
10" bell lampshade	1
chicago womenâ€™s liberation union	1
"refer to figure 6-18. sellers pay how much of the tax per unit?"	1
lombard i;;inois	1
"maria elena," a 1941 hit from jimmy dorsey	1
æ¢é™èŒ¹ - ä¸ºä½ æˆ‘å—å†·é£Žå¹	1
æ¢é™èŒ¹ - å¶éµé›¨	2
"h.c. burmister" ocean park	1
