gsn	1
getonuptryme	1
1 dennell dr, lincoln, ri 02865	1
miles avery	1
massachusetts medical cannabis caregivers	1
agar.io private server	1
ford	1
nick moreno	1
beeg	1
how to glue vinyl	1
dragon age inquisition hair mods	1
dragon age inquisition mod manager	1
international bazaar freeport	1
cohoes garden city	1
el paso	1
arrows faithful	1
websites for youtube video promotion	1
1968 high jump gold medal	1
avicii high jump	1
kamen rider ghost zyuohger	1
katrina scott mgh	1
agario	1
hangouts	1
joe sylvestre cranston ri	1
providence marathon results	1
american airlines	1
who is next president of america	1
wikipedia	1
craigslist ri	1
wedding shower puzzles to buy	1
limos in ri	1
dcu	1
traductor	1
como conseguir vivienda bajo costo en lowell ma	1
viviendas de bajo costo en lowell ma	1
dollar tree lowell ma	1
middlesex college lowell ma	1
information on usda american grown prime beef	1
one pan meals	1
filmstrip	1
cox webmail	2
launch birthday girl colourpop	2
colourpop favorites	3
mesijesi beauty	2
blue hills nyc	2
facebook	6
"access ""changing the filter or sort order of a form or report"""	1
access create report object in collection allreports	2
access create report object from collection allreports	3
topshop usa	2
my hue	2
adocare	2
http://www.usmagazine.com/customerservice	2
how does shakespear describe love in romeo and juliet	2
romeo and juliet rosaline quotes	2
chaucer's canterbury tales	2
chaucer's canterbury tales sparknotes	2
craigslist	4
kent hospital nursing	2
how to cancel zipcar membership	2
luxe burger	2
woodstock lemon blueberry beer	2
i'm your girlfriend	2
westbrook maine wedding	2
us battle net sc2 forum	2
forza 4 event list vs world tour	2
forza 4 what does differential do	2
mitsubishi fto gp version r	2
yuvi pallares porn	2
aftersexselfie to prove you had sex	2
lancia delta integrale forza 4	2
forza 4 best c class cars	2
lancia 037 stradale 1982 tuning forza	2
forza 4 tire pressure dumbasses	2
if atoms are empty space why are things hard	2
companies trying too hard	2
ever been obsessed with a video game	2
why do all cars eventually die	2
build your own car	2
pornhub	2
2016 deca icdc	2
turn to 10 weather	2
dominos	2
cite this for me	2
dark souls 3 chloranthy ring	2
outlook sign	3
uk guardian photos of the day	2
windows narrator keyboard shortcut	2
waking up startled	2
is e-19 virus on netflix?	2
golden valley foods, inc. case study	2
cowtruck munroe dairy	2
toto africa	2
getting started with functions in excel	2
convertkit	2
spencers	2
pikachu build a bear	2
pikachu big face tank top costume	2
windows 95 cd iso download	2
cd rom driver floppy image	2
home depot bathroom vanities with bowed dors	2
lowes bathroom vanity curved door	2
who is david weber	2
42re snap ring	2
larry wilmore white house	2
531 smith st providence, ri 02908	2
color house paint ri	2
south county independent[	2
ge glass stove top remove front plate	2
ge stove burner knob shaft	2
muse.redirect.redirect	2
oven cleaner	2
glastonbury, england, shops	2
lottery ri	2
angiosperm classes	2
ww2 trainer aircraft	2
me.mainform error	2
the morrigan	2
tabacon hot springs	2
whiteside	2
acura usa	2
mediterranean quinoa salad	2
how many states have primaries	2
flather jennifer	2
3 edelweiss ave 02865	2
projo obits	2
vintage shoe clip that looks like ivory carved like a flower	2
onyx rites of passage ceremony	2
how to program dish onto new tv	3
one piece wiki	2
what is cpt	2
human service jobs	2
rennlist	2
palm restaurant boston	2
sims 4 digital download	2
ruinas pelicula completa en espa?ol latino	1
what driver shaft do i need for callaway great big bertha	2
thermostat replacement 2003 honda civic	2
www.healthiestyou.com	2
paganism	2
apa in text citation for chapter of a book	2
apa how to cite a quotation within another work	2
anyfine can happen	2
kripparian	2
iiee citation	2
yahoo news	2
www.sovereignbank.com online banking login	2
puma blaze by limited edt 1	2
april 8 mull leter iran sanctions	2
heathrow	2
2015 mustang ecoboost	2
ford f350	2
86 bit	2
patriot ledger, wed. feb 13 1991	2
beijing bicycle analysis	2
lana's big boob	2
engadget	2
blue alley studios	2
worth of roger williams park rhode island	2
roger williams park rhode island	2
can trump win the delegates	3
g920aucu2aof4 marshmallow	2
braces + pussy	3
iron inquisitor kayle	2
grossgore krepo	2
urgent cares in ri	2
coventry police department rhode island	2
coventry ri town hall dog license	2
sacred 2 boss list	2
adobe premiere pro free	2
trackview	2
youtube	4
gonintendo	2
emily rogers	2
joyce omaiye	2
blur out picture app	2
blur a spot in a picture	2
slither.io	2
game of thrones	4
view @model	2
mvc view intellisense keeps disappearing	2
html displayfor list	2
html displayfor with list	2
mvc where to store viewmodel	2
l desk for multiple computers	2
summer infant wifi monitor	2
are extended warranties worth it	2
gilt	2
outlook 365	2
white flight google books	2
lesbian community in eugene	2
aol	2
riliving	2
christina lucci porn	2
where to buy in store pinnacle powerstep inserts	2
68 osceola ave warwick,ri	2
steak quesadilla recipe	2
define embellish	2
snow plowing rates	2
gaspee days 5k results 2015	2
lynch 5k ri results	2
diaperedonline login	2
diapered online	2
wings over providence	2
gmail	3
camerata roman	2
stardew valley	2
ford explorer for sale	2
credit mutuel	2
porno	2
pampered chef outlet	2
watch shameless online free	2
what is the difference between an autosave and a hard save skyrim	2
305 into an el camino	2
chicago citation guide	2
318cm	2
marcato pasta maker	3
d day	2
in which states is abortion illegal	2
my bib.com	2
yahoo mail	4
td bank	2
why does ice age happen	2
woonsocket altitude	2
best dyson fan	2
fresh off the boat season 1	2
solar movies	2
pewdiepie	2
jersey boys	2
drake views from the 6	2
gerald espanola portsmouth ri	2
economic growth weil chapter 8 solutions	2
oopsie daisy homophobe	2
ottoman attack on constantinople	2
champion.gg	2
season 6 diablo dmo	2
hsrp configuration with multiple vlans	2
bibb lettuce description	2
traditional speakeasy drink containers	2
text to speech yoda	2
tumblr app flipped pictures	2
captain america civil war ost	2
my ip address keeps getting blacklisted	2
verizon ip	2
stop and shop gas points	2
paula pomposelli facebook	2
what can i expect after a hysterectomy	2
teresa johnston ri	2
acrylic paint	2
volatility of acrylic paint	2
consumer reports	2
gone wild	2
how do you prevent clothes from pilling in the wash?	2
what do mp and pn stand for in progress reports?	2
rwu c store hours	2
what is cluster reduction	2
easybib	2
uri library	2
verisae	2
xnxx	2
jack nicholson	2
amazon prime	2
rob reiner	2
science behind frankenstein	2
brown tennis reservations	2
gold prices forecast	2
how to calculate hvac load	2
mexico years ago	2
redds cans	2
casinos scope	2
ebay	2
diablo 3 how to get enforcer gem	2
quickest way to get mask of jeram	2
realtor vs real estate agent	2
nito installer	2
google play music	2
oracle mid site:youtube.com	2
nick adams	2
meta knightmare returns	2
pan seared scallops	2
jamie caldwell days of our lives	2
alto-shaam 1000 th ii cook and hold oven	2
fnaf world	2
fnafworldcomcebook.com	2
call of duty infinite warfare	2
terra tech	2
silver eagle microphone convinection	2
videos de juan gabriel	2
practice typing	2
plant fertilizer contents	2
scrub daddy walmart	2
nic cage abc	2
dijkstra min max longest path why doesn't work	2
modify dijkstra's longest path min max	2
ebtedge	2
copy and paste multiple text boxes word	2
romanian psl parts	2
www.gaymen33.com	2
gaymenold videos	2
wheeler walker jr	2
cs go monthly players	2
csgo highest rank	2
stress quiz	2
shiny selectinput multiple output	3
gmail.cokm	2
my hero academia ep 4	2
dakota crossing shopping center	2
living in contentment tao te ching	2
define: animal spirit guide	2
baseballstinks	2
legotechmancer175	2
normal calorie intake for male	2
lee's nail salon	2
lonely ron paul	2
supreme equine sports jacket	2
tsw which issues do i own?	2
tsw healing stats	2
porn gynacological table	2
tsw fist blood healing build	2
chained to a sex swing	2
rwu.edu	2
hdr streaming content	2
directv	2
cool hand shakes	2
rothschild	2
prank dial	2
mkb memorial	2
mkbm memorial	2
mini mason jars	2
air max 1mid fb	2
legogame	2
loses	2
how to get free rubies on kickback	2
duality 2012	2
3 week old seedling	2
putrescent egg	2
vray for sketchup	2
saving an indigo render as a jpeg	2
peep show best episodes	2
avis rental car	2
car rental usa	2
ana de armas imdb	2
penn station maryland train schedule to asheville no carolina	2
find minimum mathematica	2
tank bag for sale	2
dsp tries it meme	2
tampa bay rays tickets	4
ign	2
chronicles of elyria magic	2
tree of savior classes	2
promo code gnc.com	2
watch avengers age of ultron	2
jobs.bidmc.org	2
pineapple chicken bowl	2
lord of londor king of hollows	2
7 years lyrics	2
radiohead	2
howard johnson williamstown	2
espn	2
quiz answer the second law, which is the law of competition, works only if there is no manipulation of the market by anyone	2
average pay for zoo design	3
netflix.com	2
citizenship classes in ri	2
dunns corner market	2
pokki	2
sonic cd	2
fatman on batman	2
us v windsor	2
logmein login	2
i took a pill in ibiza	2
barely legal casting couch	2
best buy	2
krill	3
pennisetum ginger love	2
ornamental trees	2
gazing balls	2
facdebook	2
dvc	2
ria	2
roger williams law school bookstore	2
vapor marvel	2
young avengers	2
tmz	2
blake shelton	2
rick and morty episode guide	2
wow tauren shaman	2
netflix	2
hood for 2001 toyota 4runner	2
straightnakedthugs	2
login microsoft office word excel	2
millenials	2
8 ball don't count on it	2
foremost insurance	2
pets in diablo 3	2
lisa oliver raleigh nc	2
charlie daniels live	2
ghost in the shell	2
mortar and pestle cumin	2
build a compost tumbler	2
downy target	2
literotica mother spies on nude son	2
raging stallion	2
toby turner	2
aiken south carolina	2
slocum woods ri pdf	2
paul iorio	2
malia obama birth records	2
youtou	2
how to convert word to pdf	2
etsy	2
green screen where to buy	2
how elisa is used in food safety and quality	2
rhode island teleserve	2
rilot wild money	2
diversity tomorrow	2
port function verilog	2
politico	2
qr decomposition givens rotation	2
invisalign ri	2
thiomucase	2
how long does it take to get default judgement in ri district court	2
vengeance tbc realmlist	2
copts united	2
sweet binks rabbit shelter	2
murray 2 pole 30a	2
dxheat	2
38 hagerstown road warwick ri	4
mechanicsfiles.com	2
swarthmore ploy	2
swarthnmore improv	2
swarthmore college vs brown	2
neeltje henneman	2
bind us apart pdf	1
raff, charles	2
political theory racism is an inadequate explanatory	1
racism effect rather than cause	2
citizenship and identity/belonging	2
batfish	2
imdb the crow	2
i saw the devil american remake?	2
quantico tv series	2
time and date	2
sharp calculators	2
gunbelt	2
where to farm bloodstone chunks	2
ludwig weaknesses	2
you and i are not so different	2
ri teleserve	2
logs potentially required by law include:	2
what is the purpose of a year end physical inventory?	2
weird text	2
pov anal blonde facial	2
hertz rental car warwick ri	2
storzand bickel	2
why do i always have a cal mag deficiency	2
how to fix magnesium deficiency in cannabis	2
heartland season 3 plane crash	2
uncharted 4	2
selling points on trump	2
malcolm mitchell	2
294 gorton lake blvd warwick ri	2
toronto	2
wurm survey	2
the highway repo	2
befriend alphys	2
core stability vs lumbar stabilization	2
closet flange installation	2
alamo car rental free double upgrade coupon 2016	2
tdbank penny arcade not working	2
nvidia shield k1	2
yahoo	2
elnuevoherald	2
offline raid protection ark	2
12 am est is what in germany	2
hltv cloud9	2
cnsp cnsl 3502.3 sfrm	2
apponaug softball	2
mla in text citation	2
molecules tabs	2
getting from glasgow to edinburgh	2
bleacher report wwe	2
markdown separate quotes	2
calculate speed difference hit gaps in highway	2
learning automotive repair	2
fbi tor	2
citizens bank online	2
minecraft capes free	2
therunawayguys	2
what is the name when a couple sit with each other and pay more attention to thier phones	2
translate	2
google drive	2
consumer reports sign in	2
voltaren rapid 50 mg tablets	2
how do i add 10 more minutes to my electric pressure cooker	2
access "changing the filter or sort order of a form or report"	1
ruinas pelicula completa en espa√±ol latino	1
"camerata roman"	1
"bind us apart" pdf	1
"political theory" racism is an inadequate explanatory	1
