a midcap stock is one issued by a company that has a capitalization of up to $300 million.	1
f the record date is friday, april 7, then the ex-dividend date is tuesday, april 11.	1
leisure living salem sd	1
slither io less lag modslither io less lag mod	1
minecraft nei 1.7.10	1
d3 ros calamity	1
heartburn remedy	1
great clips sioux falls kids haircuts	1
montana of 300	1
price of oil	1
porn stars	1
msn news	1
us 24 widening colorado	1
rc tekkit staff application	1
yahoo	3
ipad2 mini with retina replacement screen	1
what percent of northern state university lives off campus	2
wal mart	2
brodie mueller aberdeen, sd white pages	2
cropkingseeds	2
caribbean vacation spots	2
baymont inn and suites lakeville mn	2
spectra energy liquids	2
american country music awards	2
facebook	6
webadvisor sdsu	2
kidnapped sex slave porn	2
fallout 4 nexus	2
slotomania free	4
imerssive hud	2
skyrim farm mod	2
skyrim eagal nest	2
dark brotherhood mod	2
trade routes skyrim	2
bob brinker	2
ed	2
bighead littlehead	2
examples of high titer low avidity antibody	2
how to get walmart receipt online	2
jane hampton cook napoleon	2
paladins failed to launch game	3
invokers set 2.4	2
lon thorns build	2
victsing shower radio	2
hotmail.com	2
color contacts online	2
prescription eye contacts colored	4
prescription contact lenses color	2
john deere db series decals	2
compre electric toothburshes	2
consumer reports best electric toothbrush	2
can you sue an insurance company that your not a policy holder with	2
model a rollcage	2
craigslist	2
belkin iphnf8z894ae	2
mtk usb driver windows 10	2
wine awesomeness promo code	2
keira knightley london boulevard	2
game of thrones season 6 episode 3 teaser	2
kiki williamson rapid city xxx	2
ideal protein alternative plan	2
mobilehome parks for sale	2
undead bone shard locations dark souls 3	2
aston shores at waikoloa	2
kona hawaii thhings to do	2
ora lohr flandreu sd	2
coal tar soap	2
total war kingdoms	2
pornhub	2
sims 3 store content free	2
design color schemes	2
coach f18820	2
mortgage payment calculator	3
does taking pancreatin cure diabetes?	2
swensons bro marine	2
replace front shocks 1966 mustang	2
riding lawn mower	2
walmart extended warranty laptop	2
kraft hockeyville 2015 winner announcement	2
brain games	2
faze roster	2
level cap for clicker heroes	2
escape from tarkov	2
unlocking the bible	2
menards	4
southern oregon seeds review	2
southern oregon seeds lemon og	2
dancer of the boreal valley	2
anoma hotels	2
mystery ranch	2
isaiah 43 clipart	2
dominos	2
youtube	2
digimon racing gba rom	2
yamaha super tenere accessories	2
craigslist sd	2
big e	2
myrosinase activity	2
"nub by oliva 358 cameroon (gordo) (3.7""x58)"	1
"joya de nicaragua dark corojo el martillo (5.5""x54"	1
man o' war humidor - 100 capacity 100 capactiy	2
windows 10 disable sign in screen	2
dish network	2
depo shot severe cramping	2
jonah hill gif imgur	2
buick park avenue	2
general rand	2
what is the wavelength of the longest wavelength standing wave pattern that can fit on this guitar string?	2
jayron kearse scouting report	2
what is the magnitude of the magnetic force in figure (a)?	2
office 365	2
no skill decay rimworld mod	2
gallstone jewelry	2
la times crossword solution, 1 may 2016	2
rhubarb banana muffisn	2
chevrolet 3932688 block casting	2
best child car seat for airplane travel	2
gog in the bible	2
zedekiah	2
wow beta test invitation	2
bolivia salt flats	2
9th & bay morehead city nc	2
scott grady morehead city nc	2
1508 dill street morehead city nc	2
losmovies	2
agar.io sx	2
eddie bauer	2
photography how to	2
edison bulb	2
restraunt supply store	2
lego worlds items	2
rcas	2
hummingbird and roses	2
windows 7 games for windows 8	2
dragon age inquisition truth or dare a dangerous game	2
ford ranger for sale near me	2
1980s tama swingstar double bass	2
dns_probe_finished_no_internet	2
how far from sedgwick co to edge mount sd	2
stress level wine labels	2
straight talk	2
sears push lawn mower sale	2
game of thrones	2
???	1
home remedy for healthy stomach	2
farming simulator 2015 mods	2
kof 2002 um orochi chris	4
cerafill hair product reviews	2
youtube videos to gif	2
youtube video to gif with text	2
energy balance concept	2
mprove cardiorespiratory endurance	2
hispanics have the highest rate of diagnosed diabetes cases	2
charles stanley	2
pinterest	2
track wrestling	2
omaha nation	2
debenhams	2
phone stylus how it works	3
delegate count	2
classroom	2
3.3.5 client	2
wow 3.3.5 download full client	2
weather	2
valley city state university	2
boys and girls club brookings	2
what is the paleo diet	2
stainless steel tfv4 coil	2
head wrap for short hair	2
plantar fasciitis	2
big bang theory	2
judge jeanine	2
ron perlman	2
minecraft maps 1.9.2 planet	2
f	2
fashionback.com wyskakuj?ce okno	1
final fantasy customer support number	2
danica patrick fappening	2
you]	2
s d lottery	2
matthew shepard and james byrd jr. hate crimes prevention act	3
matthew shepard act summary	2
history of violence against lgbt in america	2
mail.yahoo.com	3
levelling guild hall guild wars 2	2
whitepages	2
benjamin 397	2
gravity google	2
journal of virological methods	2
colapso de traqueia medicamentos	2
criminal case potato chips	2
the fall of innocence episode 032	2
the feminist approach	2
types of feminism	2
baked broccoli	2
twilight zone the arrival	2
longwood the bronx	2
pike county ohio	2
united nations millenium goals	2
icum creampie	2
fallout 4 crafting menu broken	2
nani ni shimasu ka	2
ultimate vault hunter mode.	2
precipitation sioux falls	2
mid america council boy scouts	2
internet live stats	2
internet facts	2
how to cite a government website	2
nascar games	3
email	2
chad becker racing	2
driftless area big trout	2
blagsvedt creek	2
organic farming in eastern tennessee	2
joy henderschott mason city,ia	2
principal quantum number n	2
2011 kawasaki ultra 300 lx specs	2
swift miralac antacid	2
constitution mandates regarding indians	2
basement baseboard waterproofing system	2
hyvee ad	2
looping for anova	2
obs screen tear	2
ripsaw razer obs	2
ricky the raindrop	2
atdhe	2
reddit creampie gifs	2
duncraft	2
finest cooking ingredients black desert	2
baldur	2
nub by oliva 358 cameroon (gordo) (3.7"x58)	1
joya de nicaragua dark corojo el martillo (5.5"x54	1
棋靈王	1
fashionback.com wyskakujące okno	1
