invictus games venue	1
zygarde	1
legendary pokemon	1
hard thing on inside rib	1
bbc gay comedy	1
providence stadium 8	1
copy	1
tobu & marcus mouya - running away download	1
italian roof	1
free ancestry account family search	1
abyssal persecutor	1
mtg card search	1
thallid mtg search	1
calendar	1
steps to drawing realistic faces	1
how to stop programs from opening at startup	1
ksl	8
ceh vs cissp	1
rey star wars	1
eirc bana the beast	1
findagrave	1
actresses born in 1945	1
pleasant view police department	1
slitherio	2
chocolate bread recipe	1
salt lake gallivan center	1
peel smart remote what to choose as tv service provider	1
mls#1365957	1
utah winds today	1
facebook login	6
facebook	16
how to replace the heater core in a 1997 jeep wrangler	1
att login	1
bluetooth smart chipsets	1
bluetooth smart adapter	1
lds.oprg	1
what is garnia spawn timer	1
kenny viano	1
servis senter mesin cuci lg di surabaya	1
myvaporstore	1
is x86 64 bit	1
ÿ¥ÿßÿ∑Ÿäÿ° ÿßŸÑÿπÿ±ÿßÿ©	1
christos anesti	1
nazriya blowjob fantacy hot in exbii	1
android backup settings	1
helmet guy enter the gungeon	1
ibomb companion app	1
trivago	1
app that will scan business cards and export info	1
obama jugde supreme court	1
ken curtis	1
jeep grand cherokee 2001 ticking engine cold	1
nina talbot	1
b-21	1
how hard is it to get alimony in utah	1
firefighters credit union utah	1
come what may and love it	1
swrcb cleanup fund	1
1z278e040310601897	1
how to plumb sewer vent	1
fire emblem fates how old is kana	1
atelier heidi	1
jeffery clark md, utah	1
dopl utah	1
dc shoes	2
big tree hike utah	2
afton apartments logan	2
cal state stanislaus	2
arras	2
mct oil	2
honeywell central vacuum h703	2
cobalt boat decals	2
what does seasons represent in thoreau's walking	2
trafalgar tours london paris	2
macys promo codes	2
mcdvoice	2
hiload	2
after spray tan instructions	3
breakfast casserole	2
poverty editorial cartoon teacher i cant see	2
phineas and ferb last episode	2
hulu	2
matlab idtf fitpercent	2
google drive	2
tamriel online	2
tutorial membuat cv untuk bumn	2
the big short	2
158.69.26.36:28231	2
cooler trailer	2
bulk ammo	2
arboria mtg\	2
why won't windows media player recognize my dvd	2
finding minecraft password	2
anderson, et al. v. pacific gas and electric	2
vector projections of b onto a lamar	2
craigslist utah	4
aleks	2
sofa seat depth measurement	2
how do you treat a yeast infection in a dogs ear	3
thomas c. griggs	2
papa john's	2
gmail	11
huc jobs 84119	2
byu aim	2
halo wars can you control the flood	2
laws of exponents	2
mcase fuese	2
buzz fuse automotive	2
craigslist boise	2
continuation gestalt	2
beyond rangoon soundtrack	2
wife first lesbian experience compilation videos	2
holiday theatre park city	2
moonfang	2
lemontastica	2
u of u cis	2
carole king	2
greed fullmetal alchemist brotherhood	2
bear lake home builders association	2
game of thrones free	2
game of thrones season 6 free	2
twittter	2
2 sets of ram with different timings	2
marriage counseling fountain colorado	2
rv handrail	2
electronic keypad keyless single cylinder satin nickel deadbolt lock clearance	2
electronic keypad keyless deadbolt lock clearance sale	2
mlb.com	2
wife selfie tumblr	2
gaming cpu	2
cheap gaming pc	2
how to share videos from pc to apple tv	2
french life expectancy 1770	2
ashley furniture	2
how to rice cauliflower	2
benefits of the gi bill	2
dennis rich facebook	3
jan peterson utah	2
familysearch	4
familysearch.org	2
family support center cedar city utah	2
homes builders in stansbury parkway ut	2
gamestop	2
about the family of general mickeal dubie	2
onkyo tx-nr646	2
flash	2
armor games	2
griffin gray dc	2
puerto rico beaches	2
travel guide to madagascar cost of food	2
mi ranchito salt lake	2
4 hp electric motor single phase	2
davis county food handlers permit online	2
steam download	2
what is a good salary in utah	2
university of utahís occupational therapy prgram w	1
vildhjarta	2
reddit is a circle jerk	2
graduation announcements	2
jcpenney kids suit	2
runescaape	2
reddit/r/runescape	2
lucky equipmenmt runescape	2
f2p clue scrolls	2
runescap how to switch out of legacy	2
www.hd porn.com	2
are wnba preseason games televised	2
who was the first person drafted to the wnba	2
houston rockets championship history	2
biggest industry in box elder county	2
bumeran colombia	2
ksl weather	2
microsoft malicious software removal tool	2
adventurous treasure island (1996)	2
watch neighbors 2	2
meatballs	2
yuotbe	2
?????? ???? ????? ? ???? ?????	1
avco 5026-39 ablator flight no1 april1981 auction	2
shuttle flight 1 stuff for sale	2
utah valley university	2
asagao academy wiki	2
magical angel creamy mami	2
tanaka-kun	2
why is naruto so overrated reddit	2
chii: maid alice amazon figure	2
best anime figure makers	2
nui harime figure	2
kiss-shot acerola-orion heart-under-blade	2
silverfang one punch man	2
does tatsumaki wear underwear	2
viz manga one punch man	2
difference between classic vibe 50s and 60s	2
skilsaw table saw 3310 manual	2
84647 tv listings	2
twenty one pilots	2
youtube	13
d&d 5e ability score modifiers	2
pof	2
dr. demension john dechance	2
la club the music machine	2
side effects of aspartame	2
take all white out of pic photoshop	2
formidable wordpress	2
does walt have two wifes breaking bad	2
sugardoodle primary	2
amazon	5
quicksilver submersion where is the crate	2
master riding wow	2
badlands movie	2
jon snow returns	2
midway motel caliente nv	2
mod organizer	2
elder scrolls arena	2
saddest movies	2
osha long hair around machinery	2
skirt steak	2
carnivale hbo s1 e3 avi	2
seligman depression	2
the profaned capital	2
old macdonald had a farm lyrics	2
kbzk	2
peppermill resort reno	2
asocials in nazi germany	2
the biodeterminist guide to parenting	2
potatoes eggs cheese	3
show html multiple file	2
red baron	1
"transformation ""woman"""	1
what level start as demon hunter	2
foster to adopt utah	2
gorge ampithearter	2
google	2
slowest light ever recorded	2
cross fit tooele	2
abandoned hotel new orelans	2
maptools	2
the function is f(x)=x^2 what is the expression for g(x)	2
standard stable asset fund ii	2
ebsco academic search premier	2
cellairis	2
david crowder lyrics	2
im sinking like a stone in the sea	2
guy riding a buffalo	2
no carb breakfast	2
paisley disease	2
captain america animated series 1966	2
minnesota vikings	2
tripadvisor	2
google maps	2
accuweather	2
william stoven sandy ut	1
don't starve intro maker	2
what are three reasons to use nfs?	2
how would you list the mount points on the remote server named plum that the local client named guava can mount?	2
essential elements goals	2
grammar check	2
vernal hookup	3
free code camp	2
www.reconyx.com	2
brother dcp-l2540dw scan unable	2
indeed	2
shopko.com	2
lowes	4
??? ??????? ?? ???????	1
webcam 2d scanner	2
webcam 2d input	2
compression tank top womens	2
do deer eat herbs	2
type racing car game	2
letter grading system at slcc	2
disabilities and ethics	2
code of ethics disability	2
overseer lady josephine	2
caldesann's despair explained	2
north ogden power outage	2
family mobile	2
car dealers who help with bad credit utah	2
bad credit car dealers	2
which scenario supports the james-lange theory of emotion	2
good examples of interests for a resume	2
hulu jobs	2
diablo fans	2
romanticism	2
fall of the house of usher	2
conhost.exe	2
brenda bartlome	2
reminiscence hitomi	2
uk vs usa which is better	4
hbo go	2
albuquerque balloon fiesta	2
lets go to bed the cure	2
n	2
minor threat	2
democratic republic vs democracy	2
how to play abandonware dos games	2
syarat buka rekening bni	2
travel supply store bountiful utah	2
www.nextdoor.com/join	2
allmusic paco de lucia	2
paquera de jerez	2
www.webkinz.com/mobile_apps.html login	2
kfc jobs	2
ksl.com jobs	2
ratchet and clank ps4 puzzles	2
an abscess is a closed pocket containing pus that is caused by a bacterial infection.	2
youtube to mp3 to iphone	2
kickasstorrent movies	2
rpg maker mv katana	2
writing about larry	2
sweet jojo designs mod dots	2
antique barbies for sale	2
mortal kombat sega genesis rom	2
street of rage 3 sega rom download	2
sulfamethoxazole and trimethoprim	2
how to get free cheese on transformice 2016	2
piano chords	2
fouch o matic	2
little alchemy cheats moon	2
sofloantonio bad touch	2
live streaming bein sport	2
holley carb squirter sizes	2
reasons for holley carburetor too rich	2
hentai insest	2
walmart	4
velociraptor alan	2
tatsuro yamashita songs	2
"tatsuro yamashita ""???????"" download"	1
tatsuro yamashita ???	1
jewfu	2
gaius robin supports japanese	2
how does cabal shadow priest work with charge	2
white house correspondents dinner 2016	2
places to visit in provo utah	2
exist archive the other side of the sky	2
porncraft	2
dog fuck curious teen	2
hellground	2
critical thinking examples in nursing	2
1970 4 speed transmission vw transporter	2
amazon instant video	2
ivins utah	2
which contains elements with similar properties in the periodic table	2
graphing	2
civ 5 tier list	2
allegro apartments draper	2
orpheus and eurydice	2
changeling	2
download monecraft untuk pc full version	2
ksl classifieds	7
are the specs for each xbox one the same	2
lds.org come follow me	2
samurai warriors 4 ii weapon properties death	2
rushmore	2
snapchat	2
hotmail	4
gary stevenson tents toward the temple	2
excaliber wow download	2
glioblastoma multiforme	2
glenwood springs to marble co	2
crystal mill jeep tours	2
any home plumbing maintenance	3
settlement calculator	2
were do i put mq4 files	2
how to calculate beta	3
what is the range of average global temperatureincreasefrom model output	2
holocene thermal maximum	2
cooking half thawed cornish hen	2
james the mormon	4
the lord is my shepherd lindy kerby	2
yeah toast	2
pinkbike	2
lamia boric, md utah	2
lamia boric, md	2
divya bhaskar	2
berries	2
medical equipment storage for matteresses	2
letter of resignation sample	3
be quiet! silent wings 2 pwm 120mm static	2
jonestown	2
sga	2
making a murderer	2
mixy app	2
game of thrones subreddit	2
mygreatlakes	2
"official rules - helloworld ""may 1, 2016"""	1
rugs from quilt fabric	2
lemon vinaigrette	2
ogden power outage	2
when will power be restored in ogden	2
trainers pokemon	2
rehab building materials utah	2
how to make easy money as a 15 year old	2
nice haircuts for black guys with long hair	2
the passion fox	2
fabletics	3
dungeons and dragons 5e psionics	2
small business management & entrepreneurship online degree stanford	2
hotels in zion national park	2
manti lasal national forest	3
zion national park motel near	2
game of thrones	4
win win strategy	2
irithyll of the boreal valley walkthrough	2
geforce gtx 650 ti	2
enzo amore	2
enzo amore injured	2
capsule wardrobe	2
megaplex theaters in utah	2
google translate	2
ivory homes mancini	2
quotes from the war prayer	2
abuse me sex tubes	2
2016 hyundai sonata hybrid fuel economy	2
walmart car audio	2
community service officer san jose	2
pet food delivery service side income	2
overnight banana oatmeal	2
grubhub promo code 2016	2
dark souls 3 reddit	2
smayler gati robles de paula	2
for sale 3209 oro valley	2
daftar menjadi investor saham	2
landscaping design	2
home depot	2
binding of isaac rebirth	2
ltn156hl01-101	2
white cheddar potatoes	2
baby pritchard born at beverly memorial hospital at montebello california on 1956	2
superman returns lex luthor	2
superman returns wallpaper hd	2
alur pencairan gaji pns	2
krishna iconography	2
roman houses	2
?? ??? ???	1
???? ??	1
questar gas login	2
halloween snowboard	2
wolf longboard	2
capita ultrafear	2
moabadventurecenter	2
how to know to stay over or leave after sex	2
??????? ?????? ?????? ??? ???? ??????? ?????? ? ???? ?? ????? ?????????	1
luiz vaz de camoes stamps	2
william shakespeare	2
watch directv	2
kubota l3130 front axle leak	2
lagu barat terbaru	2
youtube vevo	2
the primary purpose of a radiosonde is	2
albatross recordings & ephemera	2
alanah rae ass fuck porn hd	2
agrarian skies 2 gamerules	2
sarabi dog for sale	2
actual name of shitzu	2
dennis pitta	2
men's hairstyles in iran	2
kian harouni instagram	2
add company apple id to xcode	2
yo jobs	2
adolf maas	2
awcf	2
free things to do in orlando florida	2
mismarcadores	2
splore moab	2
pressure cookier	2
small chaise sectional sleeper sofa	2
cross addiction	2
dt swiss enduro wheelset	2
atmizoo switch	2
plant garlic in spring	2
moss giant drops	2
boogie board	2
eckhart tolle	2
why does my dog pee on everything in the house	2
class action lawsuit wellsfargo lillian franklin	2
rentcafe	2
ivideon mobile app	2
lupita nyong'o star wars	2
weather forecast san diego california in june 2016	2
csgo hello kitty	2
chris ashwell football	2
teenage obesity statistics	2
wikipedia	2
amazon best sellers	2
logan utah laboratories	2
usu veterinary diagnostic lab	2
microphone for recording voice overs	2
letter of resignation board of directors example	2
speed test	2
roof thatching	2
trick to solving puzzles	2
??? ????? ??? ??????	1
moki	2
natsu and lucy star dress fanfiction	3
natsu and lucy fanfiction lemon rated m	2
buy facebook likes	2
which of the following is not a medium through which a mechanical wave can travel?	2
mls 1369233	2
mls 1369209	2
goblin valley camping	2
how to fix a broken foot at home	2
kyoto slc	2
animeindo.id	2
shay is horny	2
blonde shay is horny	2
scuba masks	2
scuba masks with ear cups	2
handel water music	2
salvester well arizona	1
rpm rc	2
transamerica financial south jordan utah	2
pokkaloh	2
what is the difference between a 6 and 6s	2
what problem on the 6s	2
burning bush dwarf	2
multiple photos in one image elements	2
funny hypnotist videos high school	2
hostel world	2
dwarf fortress	2
video korea xxx movie	2
markiplier twitter	2
jobs in evanston wy	2
all on four dental implants west jordan	2
denture implant all on 4 utah	2
viking name hoenn	2
pokegen gen 5 2015 no action replay	2
9.8 pkhex	2
trade with pokemon that are cheated	2
azure resource manager change rdp port	2
do drop inn layton utah	2
t v antenna	2
repwarn	2
best faq plugins for wordpress	2
ahi drug	2
fox news	2
eune rp purchase	2
tooele sis	2
slither io hacks chrome	2
chad sippel	3
wyoming professional license search	2
316 stainless steel roll pins	2
flights from salt lake city to puerto vallarta	2
setimo or septimo	2
p.t	2
david cronenberg	2
validate.w3	2
keurig models 2010	2
how much down payment	2
how to cconvert a picture to an icon	2
cara menjalankan file .frm	2
liberty bank of utah scam	2
kylo ren wallpaper	2
poleish sports bottle bash game	2
cut the suffix off a file java	2
how to use jar files in eclipse	2
java compiler from eclipse	2
bokeptweet	3
new balance shoes	2
hotel california lyrics	2
wake motors	2
bees tickets	2
rent an old truck	2
joco first of may	2
magna times	2
warcraft movie news	2
zelda wallet kids	2
tan redhead milf	2
blonde when husband is away	2
adobe photoshop free	2
bullet tree homes for sale belize	2
barrel shifter digital design	2
spencer w. kimball. welfare sanctifies the giver and the receiver	2
harley quinn joker	2
frank cho art	2
http://40.media.tumblr.com/d08bad76aa73764b20938af472bccd7a/tumblr_nuypzebd3c1uf8c6so1_500.jpg	2
0x4004f00c	2
walmart pharmacy	2
yamaha dm2000 smart media not inserted	2
cards like assault formation	2
airlift	2
integrated circuit sensor	2
hood amateurs free black ebony	2
republican california polls	2
thomas s monson on marrying age	2
layered salad recipes for a crowd	2
don'tcha think	2
where can i print skousen pocket constitution?	2
giantess alice 2014	2
countertop options and costs	2
www.underminejournal	2
does crest toothpaste contain microbeads	2
usps tracking	4
brokenbot download	2
valkyria chronicles 3 english iso	2
forskolin gnc	2
hotels in salt lake city	2
just do it	2
download google photos	2
1286w 5050s taylorsville	2
brian regan	3
steph curry	2
how to grow artichokes	2
smashburger	2
elemental staff - wind minecraft	2
new zealand wellington mission blog	2
mormon shorts	2
how exactly does the greenhouse effect work? what gasses are involved?	2
driving range near downtown salt lake city	2
(6x^2-x-29)/(x^2-1)	2
factory reset galaxy rugby pro	2
abravanel hall	2
ogden clinic payment	2
homegroup password windows 10	2
skype	3
8884059988	2
star wars the force awakens party ideas	2
makeshift capo	2
manajemen das fakultas pertanian	2
buttermilk pancakes	2
i lost my missing cup for my cuisinart egg cooker	2
nevada marriage index	2
dark tower series order	2
shoe print	2
how to learn to respect someone	2
voidtalon of the dark star guide	2
utah jobs	2
bubble tanks 3 hacked	2
myfitnesspal	2
petco promo code 2016	2
do you need to add co2 to planted aquariums	2
treating tap water for planted aquarium	2
hkcmd	2
igfxpers	2
movistar apn mexico 2015	2
et solar controller	2
urban suburban rural	2
best rv park close to yellowstone	2
romeo and juliet 1996	2
mapquest	2
scott sackett	2
lord of the rings fellowship megashare	2
penn and teller john cleese	2
comcast internet	2
tetrahymena	2
tube tycoon	2
watch rick and morty season 1	2
facebook summary	2
make gold in vray	2
return on equity	2
face	2
behind the front download	4
black eyed peas behind the front download	2
black eyed peas behind the front depositfiles	2
walmart and vudu email different	2
lloyd christmas vomit	2
kodi transcoding	2
map usb drives on raspberry pi	2
setup raspberry pi headless	2
ceramah cak nun terbaru 2016	2
xnxx	2
america first credit union	2
lds friend	4
tom angleberger	2
fortune wookiee	2
record pada pascal	2
jiffy lube hours	2
cheap vacuum pump for sale	2
model: kn-wdim5g. knox tabletop hot/cold water cooler and ice maker	4
used 31x10.5x15 tires for sale	2
xmovies8	2
komik one piece	2
cubs den	2
traductor	4
paypal	2
windows 10	2
windows rar	2
how to create a killing floor 2 server	2
spinal blade backpack	2
willow curve	2
why am i wheeze all the time	2
urban grunge	2
urban grunge salt lake	2
fubar	2
separating even numbers from a vector in r	2
hallgr?mskirkja	1
dark souls 3 discount	2
overwatch	2
alabama death certificates	2
hotmail can't see attachments	2
loi anne bailey miss utah	2
edmodo	2
vidio chating free	2
southgate apartments	2
register car in utah online	2
cavalia	2
super 8 streaming	2
ark monkey grow	2
best death knight spec for leveling	2
smarter web life reviews	2
leupold turret s1	2
kancolle recent updates	2
wwe network	2
tap baseball 2016 tips	2
walking dead road to survival tips	2
wrestling news	2
primbon arti nama dan tanggal lahir	2
american express	2
heraldextra lunch ladies may 2016	2
"provo ""el tropical"""	1
cinemark theaters	2
bear lake watch utah	2
blackmagic capture premiere	2
buffer settings	2
shutshimi	2
shpt-50	2
hp instant ink	2
dq menu	2
vasa fitness	2
majora's mask 2nd entrance to ikana castle	2
mytmobile	2
big bang powerpoint	2
cedar city movies	2
pornhub	2
adom race level advance	2
gifts for the spiritual woman	2
conflit entre parents et enfants	2
udot traffic	2
microsoft office 97 size	2
toronto raptors	2
analyzing t-test results	2
weber county jail inmate commissary	2
best documentaries on netflix	2
doubletree cookie recipe	2
lego 2 x 2 tile red fire	2
petopia	2
npcscan overlay rings	2
bastards and bloodlines	2
cleaning phone headphone jack	2
the second coming yeats	2
does usps deliver on sunday in utah	2
usana amphitheatre	2
ksl.com	2
spring cleaning checklist printable	2
delta check in	2
freelancer	2
cambodian sports	2
food cambodians eat wikipetia	2
cambodia timeline wikipedia	2
what age do cambodian children complete school	2
school for kids in cambodia	2
yoshimura cdjh	2
does a fitbit charge hr show average heart rate on the app	2
divining rod	2
warrior vs trail blazers	2
andre iguodala trail blazers	2
the calarts face	2
yahoo	5
sony rm-y167 remote manual	2
doctrine and covenants herb redaction	2
mike mcstay	2
virgen de la chiquinquira para colorear	2
game of thrones episode 3 preview	2
jumpscare word	2
dark souls backstabbing a boss	2
dark souls taurus demon	2
intell	2
where to find layers in gimp	2
amitriptyline	2
ruger sr9 vs ruger all american	2
hickok45 beretta 92fs	2
1911 vs m9	2
overwatch open beta	2
spotify web player	2
acetic acid is a weak acid in water because it is a) dilute. b) only slightly soluble. c) unable to hold onto its hydrogen ion. d) only slightly dissociated into ions. e) completely dissociated into hydronium ions and acetate ions.	2
what is artificial transmutation by alpha bombardment?	2
which of the following cannot act as a br?nsted base? a) hco3- b) co32- c) nh3 d) nh2- e) nh4+	1
what is the ph of a buffer system that contains 0.200 m hydrocyanic acid (hcn) and 0.290 m sodium cyanide (nacn)? the pka of hydrocyanic acid is 9.31.	2
if 23.0 ml of a 0.100 n acid solution is needed to reach the end point in titration of 16.5 ml of a base solution, what is the normality of the base solution?	2
if 23.0 ml of a 0.100 m acid solution is needed to reach the end point in titration of 16.5 ml of a base solution, what is the normality of the base solution?	2
what lack i yet	2
what is the sign of the son of man lds	2
second life marketplace	2
fat free	2
most microframework	2
game of thrones season 6 episode 1 watch online	3
game of thrones season 1 episode 6 project free tv	2
how to use print screen windows 8	2
principal emergency response and preparedness	2
layers in word	2
an	2
infant crying not stopping	2
cornwall ny	2
sleep disorders	2
nathan greene medical	2
vibe for sale in st george	2
the mission	2
clip art eyes	2
clip art mother and child	2
kevin and trina lathrop	2
return of reckoning reddit	2
mlp futa flash game	2
velux sun tunnel	2
nba playoffs	2
what was the main occupation of those people who attended the constitutional convention	2
everlast welders powerpro 256	3
occupancy agreement	2
occupancy agreement template	3
new xkit firefox	2
ap language question 2 2014	2
dancetale	2
hotel transylvania 2012 torrent	2
utah retro game stores	2
hunter guide with quests osrs	2
nada ser? como antes	1
fiskars hand pruners	2
best buy tv sales	2
www tellredrobin com survey	2
transcription rules and examples	2
quadrant for graphing	2
gmm	2
unity tutorial video transcript ufo	2
what are birthday colors	2
ccw training in peoria, az	2
games mendandani anak sekolah	2
blue cheese deviled eggs paula deen	2
poulan 3400 parts	2
dermatologist	2
dahl recipe	2
how to speed up firefox	2
how deep does fracking occur	2
meals on wheels utah county	2
latest gop polls	2
latest clear politics polls	2
cybex cr330	2
lcd soundsystem bio	2
poshmark	2
blade runner	2
rar	2
aol login	2
washing machine trays	2
best temperature to plant corn	4
byu clubs	2
q-see	2
the general	2
terraria ectoplasim	2
delta dental utah	2
vizio	2
w]ww.kpai.go.id	2
punta blanca ecuador	2
how to download music from computer to ipod 4	2
where to find model number on maytag gemini stove	2
my information is in paf can't retrieve	2
sudoku creator software	2
byu dance classes	2
festival of lanterns utah	2
scott reeves qualitative ethnographies	2
watch the perfect guy online free	2
cabello cortu en camadas	2
do thailand care about facial hair	2
chocolate waffle recipe	3
dj khaled memes	2
balsamico fairy tail	2
diablo 3 reddit	2
may 2016 holidays united states	2
pablo escobar daughter	2
narcos	2
how to make doner durum	2
ethereal	2
storage unit on 1600 n in orem	2
out of the abyss 5e	2
??? ???	1
??????	1
????	1
how to install mini touring bike holder 82712180241	2
hbo now	2
lostinmusik call and response	2
key bank	2
es krim mainan	2
cb antenna mounts	2
antenna x reviews am fm cb	2
antenna x reviews	2
cb radio install 2010 gmc savana	2
stack st3801 0-160 mph for sale	2
comcast jobs	2
how to tie the eldredge knot	2
yahoo mail	2
armando montelongo	2
citibank	3
cnbc pre market commodities	2
isi bumi	2
home	2
granny videos	2
hugo boss	2
beckett and robb belts	2
php magic method	2
jazz trumpet	3
ksl classified	2
marcela rubita	2
liam mcgeary	2
epub to pdf converter	2
water trough garden squash	2
metal water trough	2
timpanogas cave site:reserveamerica.com	2
using mobile internet at home	2
stokes theorem	2
mothera mother's love- gena hill	2
how to factor 3rd degree polynomials	2
yugioh online trading card game	2
purslane	2
quickbooks free version	3
minecraft xp	2
bestbuy	2
usps	2
nutrisystem	2
av2hdmi super nintendo	2
mini av2hdmi not working	2
kissanime	2
having a builder carry the construciton loan versus carrying it ourselves	2
ookla	2
java array example	2
arma 3 single player	2
statute of limitations irs debt	2
irs tax attorney	2
msn cars	2
gta 5 cat fight	2
how to save $$ on investment taxes	2
hobble creek utah camping reservations	2
cow manure home depot	2
does wish ship to australia	2
50 creative pregnancy announcements | the dating divas	2
matthew morrison south pacific lincoln center youtube	2
new pontiac trans am	2
gnome vs kde vs xfce	2
debian testing streach	2
minecraft biome map	2
weather salt lake city	2
nutrient density	2
navient	2
archers mark for android	4
putlocker	2
mini pontoon boats for sale utah	2
specialized lithia	2
boutique air	2
hbll byu	2
onigiri	2
list of quick easy appetizers	2
best 3 ingredients to have for appetizers	2
general conference october 2015	2
final fantasy personality types	2
create an llc in utah	2
face massage tool	2
thinkgeek	2
why is batman better than superman	2
stats for fatal car accidents in utah 2016	2
factoring polynomials	2
equations for asymptotes of a cotangent graph	2
nibley park golf course	2
mexico area codes	2
mexico country code	2
elio motors	2
catch 22 shmoop	2
potatoes and ricotta cheese recipe	2
toro 130-2357	2
spell power yogg saron hearthstone	2
coffee granules	2
internet cost recovery fee	2
reddit annoying neighbor story	2
tina tuerner river deepo	2
me and earl and the dying girl	2
1920x1080 flat wallpapers	2
the family fang	2
during the current year knoxx county levied property taxes of $2,000,000, of which	2
waxahatchee japanese breakfast	2
logan rentals	2
neoliberal progressive	2
fast growing trees	2
intel h110	2
gpu comparison	2
tumblr - naked first love girls	2
analisis multivariate dengan spss	2
trihatma kusuma haliman	2
how much a month will i pay on my car	2
dws utah	2
spanish fork city jobs	2
staffing agencies in utah county	2
www.activatemycards.com	2
sweet teen strapon	2
april 1, 2033	2
intermountain intranet	2
coding bat	2
math parenthases stacked numbers	2
find the horizontal asymptote	2
typing speed test	2
capt sobel	2
madison ivy	2
tokifuji	2
arctic sea tours	2
free ancestry	2
accord ice center stick and puck	2
variograms solar radiation snow	2
layton apple store	2
make an appt wih apple farmington utah	2
24 hour time	2
botchamania vimeo	2
breakout minor league baseball	2
breitbart	2
duckduckgo	2
pantyhose footjob	2
rocitizens cheats	2
rocitizens money codes	2
u of u software	2
speck softly	2
ultimate learning institute indonesia	2
driving test.org	2
holosun red dot	2
hertz kauai	2
csgodouble	2
csgodouble crashes when i try to withdraw	2
guitar tuning	2
give me your eyes chords	2
ed sheeran touch and go lyrics	2
wowhead discarded helm	2
wowhead cipher of damnation quest start	2
free cardinal applique pattern	2
efile form 2290	2
rumble fighter	2
youtube chrome create application shortcut	2
flaky yellow stool	2
netflix	4
how long to get 20 mg of prozac out of system	4
savage 93f	2
actual lumber dimensions	2
besd.net	2
printable caledar	2
logan hotels	2
coke products on sale	2
son makes mom squirt	2
pure tel water softener manual s/n 73504	2
come follow me primary song	2
ask.com	2
american airlines 451	2
pandora	2
allied insurance	2
enterprise rent a car dublin ireland	2
when you fly a domestic to international flight do you have to retrieve luggage between flights	2
gosh.tgz index of	2
dante's prayer lyrics	2
sanctus anuna lyrics	2
centurylink	2
380 ammo	2
fox news the onion obama	2
xdeep stealth 2.0 tec	2
heavy duty stainless strap adjustment slider	2
sliding bar buckles webbing stainless steel nylon	2
stainless steel d-rings	2
brown v. lober case brief	2
hitomi tanaka uncensored	2
laufenn tires	3
town of salem	2
how much does a whopper cost in utah	2
heavy r.com	2
smartykat314	2
mom sex	2
puredoxyk	2
lds distribution center	2
men's pioneer clothing for sale	2
mail.com	2
timothyvansyckle@gmail.com	1
housekeeping supervisor cover letter	2
enfj compatibility	2
fast one day a week weight loss	2
darjeeling limited watch online	2
bcm	2
i need uk zipcode	2
hard drive crashed reinstall windows 10	2
how can i strengthen my testimony lesson helps	4
nutbush city limits lyrics meaning	2
iv calcium chloride	2
dating lds ysa	2
google music	2
mother's day talks for church	2
thehappiecat	2
old gods zoolock	2
quasi experimental	2
fearless 5k utah	2
acceptance now payment	2
mp3 rocket	3
sekar baranyai grup	2
journey to the center of yur mind	2
star trek next generation season one	2
star-trek-the-next-generation/watch/the-last-outpost-	2
modern office desk	2
bellagio	2
yong kang street	2
simcoe single hop ipa	2
simcoe galaxy citra	2
plus size satin body suits	2
pink french maid costume	2
workday careers utah	2
shutterfly	2
daniel brown clark	3
crookston/clark family genealogy	2
harp ensemble libby	2
takes photos of people while naked	2
julia miles hardcore	2
archeage	2
klein palomino forum	2
jostens	2
helium	2
lds.org	2
security safe lz-35	2
dark souls 3 crown of dusk	2
sig p320	2
tree of savior party finder or premade	2
wild kratts worms	2
kettler stockholm	2
spanish fork canyon campgrounds	2
tinney flat campground payson ut	2
a japanese mother lets him fuck her	2
japanese mom son and daughter friends 1 mr no	2
tomcat web server wiki	2
cosmetic and soap manufacturers in china	2
cosmetic and soap manufacturers in around shanghai	2
what are slacks	2
c????????????	1
nivea cream	2
provo northwest connector	2
google themes for slides	2
kid art projects	2
obihai	2
nba scores	2
do they celebrate mothers day in ghana	2
find a grave	2
mac education pricing	2
lego avengers baron strucker's castle	2
arby's menu	2
american express login	2
pathfinder move 10 quicken spell move 20 ft	2
zero dawn horizon release date	2
telanjang bugil ngentot ngewek ml selingkuh	2
"inauthor:""hazel lawler"""	1
laney jones,hanover county,va	2
henry rollins girlfriend	2
jonathan richman tour	2
ramsay bolton	2
i love you so much messages	2
hamster dance	2
best d&d miniatures	2
todd muller ejuice	2
krishna and radha	2
imatinykiller	2
dropbox	2
roblox	2
?????? ????? ????? ????????	1
squares game	2
ute uranium stock colorado	1
how to unplug your ears when you have a cold	2
tensions between eastern germany and western germany	2
bola news	2
house of cards playstation	2
four winds rv front end wood rot	2
uvu	2
jatc	2
modern rug 5 x 7	2
4 main conclusions for the world's uneven population distribution quizlet aphg	2
list the estimated share of world population in the following less-developed regions for 2050	2
intermountain healthcare	2
bryce rally.org	2
rolbox	2
can you still warranty your refurbished beats	2
1996 honda prelude si axle boots	2
mememe lyrics	2
definition of hormonal modification in biology	2
cwi blackboard	2
gm tire sealant	3
irfanview download	2
tumblr workouts blogilates	2
weight loss blog man tumblr	2
tumblr weight loss journey	2
uno de mayo meaning	2
purchase money security	2
minecraft skin	2
mr larsen al's toy	2
vociferous	2
decorum	2
palpable	2
willie geist	2
tuesday morning	2
ministry to children creation day 1	2
motorcycle armor cheap	2
grammaar is terrible adult	2
???? ???	1
pork recipes	2
restick vineal tiles	2
how to get wrapped candies on candy crush	2
camping up fairview canyon	2
give xp to animals ark surivval	2
spawn wyvern ark	2
disable cheats ark	3
my admin manager ark	2
for good	2
glow in the dark mini golf utah	2
durability silver rings	2
????? ??????? ?? ??????? ?????	1
???????? 2016	1
selfsuck	2
shapecrete	2
eggwalk steam	2
unreal event blueprint update animation	2
lds prospective elders report	2
convert sms to mms	2
mortgage rates calculator	2
university of utah‚Äôs occupational therapy prgram w	1
ÿØÿßŸÜŸÑŸàÿØ ⁄©ÿ™ÿßÿ® ŸÖÿßŸÖÿßŸÜ Ÿà ŸÖÿπŸÜ€å ÿ≤ŸÜÿØ⁄Ø€å	1
"red baron"	1
"transformation" "woman"	1
ÎÇ¥Î∂ÄÏûêÎì§ ÌÜ†Î†åÌä∏	1
ŸÖÿ¥ŸÉŸÑÿ© ÿßŸÑÿ™ÿ≠ŸÖŸäŸÑ ŸÅŸä ÿØÿßŸàŸÜŸÑŸàÿØ ŸÖÿßŸÜÿ¨ÿ±	1
ŸÅÿßŸäÿ±ŸÅŸàŸÉÿ≥ 2016	1
"william stoven" sandy ut	1
ÿ±ŸÇÿµ ÿßŸÑÿßŸÅÿ±ÿßÿ≠ ŸÅŸä ÿßŸÑÿµÿßŸÑÿßÿ™	1
tatsuro yamashita "Áî„ÅèÂç±Èô∫„Å™È¶ô„Çä" download	1
tatsuro yamashita Ë°óÁâ©Ë™û	1
official rules - helloworld "may 1, 2016"	1
ÿØÿ± ⁄Üÿ¥ŸÖ ÿ®ÿßÿØ	1
ŸÅÿßÿ≤€å ÿØÿ±	1
ÿßŸÑŸÖŸÑÿ™ŸÇŸâ ÿßŸÑÿØŸàŸÑŸä ÿßŸÑÿ´ÿßŸÜŸä ÿ≠ŸàŸÑ ŸÜÿ∏ÿßŸÖ ÿßŸÑŸÇÿßŸÜŸàŸÜ ÿßŸÑÿπŸÇÿßÿ± Ÿà ÿØŸàÿ±Ÿá ŸÅŸä ÿ™ŸÜŸÖŸäÿ© ÿßŸÑÿßÿ≥ÿ™ÿ´ŸÖÿßÿ±	1
Ÿàÿ¨ÿπ ÿßŸÑÿ≥ÿ±ÿ© ÿπŸÜÿØ ÿßŸÑÿ±ÿ¨ÿßŸÑ	1
"salvester well" arizona	1
hallgr√≠mskirkja	1
provo "el tropical"	1
which of the following cannot act as a br√∏nsted base? a) hco3- b) co32- c) nh3 d) nh2- e) nh4+	1
nada ser√° como antes	1
ÿµŸäÿØ ÿ≥ŸÖŸÉ	1
ÿØŸàÿ®Ÿäÿ≤ŸÑ	1
ÿ∏ÿßÿ∏ÿß	1
"timothyvansyckle@gmail.com"	1
c„Çª„É©„É†„ÄÄ„Éì„Éï„Ç©„Éº„Ç¢„Éï„Çø„Éº	1
inauthor:"hazel lawler"	1
ÿ™ŸÖÿßÿ±ŸäŸÜ ÿßŸÑÿ®ŸÜÿ¥ ŸÉÿßŸÖŸÑÿ© ÿ®ÿßŸÑÿ™ÿ±ÿ™Ÿäÿ®	1
"ute uranium" stock colorado	1
