how do i turn off microsoft narrator	1
a company expects sales to increase during the coming year, and it is using the afn equation to forecast the additional capital that it must raise. which of the following conditions would cause the afn to increase?	1
what is the order to cash process	1
how to clean up computer	1
hbo	1
speedtest	1
chatutbate	1
dreadnought beta key	1
bfa	1
dortmund vs wolfsburg full match	1
c span bernie sanders	1
allegiant airlines	1
vt lottery powerball	1
tdbank online banking	1
words with friends cheat	1
legend of cryptids	1
how to turn cheats on my unturned server	1
kyle bingham farrar rd chester vt	1
ladd drummond	1
gmail.com	1
status.leagueoflegends	2
diy automotive paint booth	2
squirrel cage blower	2
flight simulator	2
dean baker on wall street journal article about bernie sanders 15 trillion	2
young bernie sanders social-democrat socialist jacobin	2
stephen cohen the nation	2
circumburke	2
canadian dollar forecast	2
vt dept of fish and wildlife	2
reverse phone lookup	2
google ceo	2
anatomy of stairs	2
best antibiotic for respiratory infection	2
credit	2
f1 schedule 2016	2
watch 24 hours of daytona 2016	2
youtube to mp3	2
cape cod whale watching	2
craigslist vt	4
net speed monitor windows 10	2
xbox controller for pc	2
facebook login	2
lowes	3
kitsune slave porn	2
obito uchiha	2
docs	2
walmartone accoicates	2
amazon	2
what are oilseeds	2
google maps	2
orb	2
than you rewards premier	2
vietnam veterans motorcycle club vermont	2
ct equipment maintenance forum	2
match.com photo is sideways	2
recipe avocado	2
cons of net zero	2
atlantic pacific	2
photoshop is really slow	2
photoshop safe mode	2
nintendo vr	2
hfc pocket pistol	2
does amazon ship on sundays	2
diablo 3 star helm	2
shawn mendes interview talking about stiche	2
picnic table plans measurements	2
the disappearance of haruhi suzumiya bath	2
who's name	2
how to clean up miscellaneous files on s5	2
warby parker locations	2
bubble tanks 3	2
net present value excel	2
york street meeting house, lyndon corner vt	2
us state map	2
dsp (dry-on, suffocation-based pediculicides) vs deet	2
kinney drugs	2
bolognese dogs	2
quietest small dog breeds	2
facebook	4
how do families influence children's development and crimes	2
easy bib	2
horchata recipe	2
eliminate the parameter cos^2(10t)	2
impacts of all inclusve hotels on working conditions and labour rights citation tourism concern	2
fires machu picchu 2015 photos	2
divine intervention mtg	2
mariners resort ogunquit me	2
lookout mountain	2
walking bridge chattanooga	2
www.amazon.com	2
john doyle putney vt	2
piers bronson on guns	2
solar system diagram 1st grade	2
speak with animals http://www.d20pfsrd.com/magic/all-spells/s/speak-with-animals	2
dancing lights http://www.d20pfsrd.com/magic/all-spells/d/dancing-lights	2
cash flow adequacy ratio definition	2
payable turnover	2
dark souls 3 soul grinding spots	2
world war 2 navy records	2
world war 2 navy records enlistments	2
sexy 60s women	2
vt realtors	2
free online bridge games	2
yahoo	2
gynecomastia swimwear	2
reddit how to watch lemonade	2
summer squash casserole	2
hotmail	2
wings over burlington	2
democratic primary polls	2
words to pages	2
elana squalid queen	2
profaned flame	2
pandora	2
reddit hearthstone	2
carnelian	2
kidney fatigue	2
territory war	2
ruger single six magnum bullets sticking in cylinder	2
ds3 lothric castle	2
ds3 grand archives	2
falmouth maine flower delievery	2
interstate battery	2
thickfreakness songsterr	2
thickfreakness tab	2
teresa medeiros	2
phyllis whitney	2
homemade crossdresser selfies	2
arrow season 4 episode 16 watch online	2
vt dmv	2
gar wood boats	2
cbs sports	4
shadows of evil cutscene	2
gmail email	2
how to start hiking	2
war of omens	2
primary results	2
legendarylea flash	2
hoodlum doggs	3
patriots 2016 draft picks\	2
guide to axe 6.87	2
axe build 6.87	2
dotabuff	2
fangraphs	2
george karl	2
afrotc det 867	2
easy glory hole	2
best shocks for a 2005 ford super duty	2
amsoil	2
fbi drug use policy	2
a plus self storage	2
grafting apple onto crabapple	2
upcycle 8 tracks	2
8 track repurpose	2
pinterest remove facial hair with turmeric	2
pink floyd box set	2
young lust demo lyrics	2
mr mikes burlington vt	2
craigslist	2
dealmoon	2
slickdeals	2
wenxuecity	9
brooks brothers	2
zhihu	2
?? ???	1
the quantity of antimony in a sample can be determined by an oxidation-reduction titration with an oxidizing agent. a 6.39-g sample of stibnite, an ore of antimony, is dissolved in hot, concentrated hcl(aq) and passed over a reducing agent so that all the antimony is in the form sb3 (aq). the sb3 (aq) is completely oxidized by 29.0 ml of a 0.125 m aqueous solution of kbro3(aq). the unbalanced equation for the reaction is	2
what is being oxidized fe + ag2o	2
what is reduced in cu(no3)2 + zn	2
avadirect	2
macrium reflect clone to smaller ssd	2
onion river sports	2
vincent feeney vermont	2
witch doctor pet build 2.4	2
proving timestamp manipulation	2
this account's public links are generating too much traffic and have been temporarily disabled!	2
passing a 429 error on dropbox	2
ways around 429 dropbox	2
adobe pdf viewer free	2
legacy family tree	2
wetransfer	2
cool math games	2
citation machine	2
1987 f800 dump truck	2
youtube mother's day story	2
5th wheel camper	2
loan amortization calculator	2
best way to see alaska	2
my cat is drooling after antibiotics	2
charlie murphy prince	2
green mountain power	2
library technical services job description	2
kellogg hubbard library history	2
thumbzilla	2
brush fire brandon and sudbury vt	2
quantum reels	2
mitchell 300	2
374 paul street burlington vt	2
digestive hormones pubmed	2
gurneys	2
my smcvt	2
motels in fairlee vermont	2
kelly bb used cars	2
guardian	2
egg substitute	2
bad value answer for attribute type on element input	2
deviant	2
uvm blackboard	2
honey lemon	2
medicaid vermont and property	2
blossoms by cosentino	2
140 northeast regional following	2
14.4 amps to watts	2
alex rodriguez puts forth a principle to reverse the yankeesí struggles	1
pizza hut	2
national geographic deadliest trips	2
chairmen of the boards podcast	2
unlocked gsm galaxt s4	2
twitter login	2
sedgwick me	2
preserved foods in burgundy france	2
lyon dishes	2
cast of the vampire diaries	2
michael trevino	2
how many juvenile delinquents in the us	2
sema6a/plxna2	2
middlebury college bans energy drinks	2
youtube	2
mil on liberty full text	2
dairy free cookie dough	2
mother's day events in hudson ny	2
north american cordillera	2
yukon river fish	2
mcdvoice com survey	2
female youtuber games pink hair	2
rotten tomatoes	2
urban basketball	2
anyone tyson jordan jackson shirt	2
avon campaign 10 2016	2
harley quinn comic	2
megamantv twitch	4
kittyplays	2
best nicknames for characters	2
mother crossdress son for school	2
sist er dress brother as girl for school	2
aunt like to put boy imto dresses	2
google chrome	2
ocean point maine vacation rentals	2
megiddo the new age movie	2
why do i always have music in my head	2
super mario 3d land all star coins	2
4540 highgate drive delray beach 33445	2
mary sarty	2
bald eagles nesting grounds pennsylvania	2
eleonora weapon	2
create a gmail account	2
friday im in love chord	2
get a passport in vermont	2
thyroid medication reasons	2
dobsonian telescope mirrors	2
round skirt saddle	2
best places for young people in us	2
casita panama	2
how to make the height of columns the same css	2
rape in english common law	2
ncvs	2
twin bin composter	2
bread play game	2
skyrim dashing mod	2
gmail	2
types of woodpeckers	2
birds that rob nests	2
vimeo	2
hermann prossinger	2
independent baseball leagues	2
wtfast	2
bnsfashion	2
glucomannan weight loss	2
beyonce lemonade documentary	2
black desert ranger q shotgun	2
in your lab report describe some of the major threats and vulnerabilities that might threaten areas of the mock it infrastructure	2
8. what is the purpose of having documented it system, application, and data recovery procedures and steps?	2
busty redhead sex in public	2
pointy tit milf audition	2
tra la it's may the lusty month of may	2
hardwick family practice	2
programming your dish remote to my tv	2
55plus in poconos, pa	3
fable traitor's keep torrent	2
donald foley obituary leicester vt	2
jaime pressly	2
gif with sound	2
star wars rpg encumbrance calc	2
durge star wars	2
ubese	2
when can i stop taking cabergoline steroids	2
can i maintain muscle with a 600 calorie deficit	2
shaws flyer	2
popular luxury cars in thailand	2
boston police department facebook	2
windows 7 professional	2
how to save to the root of a usb	2
jon snow is alive	2
game of thrones season 6 episode 2 review ign	2
hald life isops2	2
behr marquee 9453 red wood exterior satin/satin enamel	2
uvm given building	3
mount and blade generic application error	2
mountaineer keene	2
campbell hausfeld	2
papa johns order online	2
video game tapestry	2
hearthstone shaman faceroll	2
workbench designs diy	2
craigslist ma	2
stores in colchester vt	2
airport park colchester vt	2
mla website in text citation	2
what os structure contains a unique process id, the current process state, the process owner and permissions?	2
syndicate	2
flynns ring	2
adobe shockwave won't update	2
sean trende	2
william craig writer	1
"william craig" writer	1
ÊùéÈîê ‰π†ËøëÂπ≥	1
alex rodriguez puts forth a principle to reverse the yankees‚Äô struggles	1
