honchkrow smogon	1
xbox controller button blinks but doesn't work	1
sexy xxx	1
xxx vids	1
psychological anime	1
lowes	3
new construction on east washington street charles town wv?	1
article class	1
bella thorn bikini	1
el mariachi beaver wv hours	1
republic services faq	1
quickjack	1
function get-datesortable	1
speed test	1
sapien get execution policy and output it to richtextbox	1
sharon olds the planned child symbolism	1
bleeding brakes alone	1
wow garrison resources	1
ga-z170-hd3 mother board	1
game of thrones	1
persol sunglasses steve mcqueen	1
video highlights talladega 2016	1
zapata flyboard video	1
how did you come up with your username	1
ebay	1
mturk	1
sudan university of science and technology	1
future university sudan	1
wwe payback live stream	1
german mountains terrain map	1
skiffs for sale	2
us map labeled	2
example feasibility study	2
soviet invasion of europe	2
image resizer	2
eq2 testing the meat	2
daily mail	2
hp officejet 4500 network setup	2
hp officejet 4500 stuck on printing	3
city map	2
herald dispatch	2
dicks sporting goods	2
intel nuc kit nuc6i7kyk mini pc	2
ssh tunnel using linux	2
minecraft minecart collector	2
mail.dpscsd	2
2011 colorado fuel filter	2
best refrigerators 2015	2
what is the quality of a kitchen aid refrigerator	2
what comapnies pull transunion and do soft pulls	2
best dog flea shampoo	2
dolly parton naked	2
installing vh125r	2
installing vh126r	2
sound isn't coming through tv hdmi from computer	2
baby hair stuck in throat	2
fursuits	2
weeping willow trees	2
appaloosa farm wv	2
office depot	2
zivicio infused chestplate	2
draconic evolution armor	2
gaia guardian	2
wither proof armor	2
sinkholes in fort myers fl	2
what records are in ncic	2
armour of life - rev rob shank	2
world first arthas kill	2
arguments against flat earth	2
la femme obey your body	2
wvva weather	2
murloc paladin divine shield	2
which of the following waves on an ecg represent the slow recovery or repolarization of purkinje fibers?	2
all of the following are causes of artifacts except improper handling of a tracing poor conduction outside interference a patient's talking clean sensors	2
lead ii is a(n) intercostal lead none of these chest or precordial lead augmented or unipolar limb lead bipolar limb lead	2
a measurement of the actual absorbed dose of radiation is called	2
flights to london	2
cynical bastards	2
how to use isunshare ios	2
the dream new album	2
kay jewelers	2
craigslist charleston wv	2
1 troy drive charles town wv	2
xnxx	2
blackest night short synopsis	2
civil war comics synopsis	2
_____ is now japan’s most important trading partner.	1
which of the following is not a factor that has contributed to the rapid economic growth of nics (newly industrialized countries)?	1
aside from the united states and japan, _____ is the most important single national market.	2
what is the tenet that china follows to ensure that hong kong’s exuberant capitalism is retained despite the communist leanings of mainland china?	1
which of the following statements is true about qualitative research?	1
a product’s _____, refers to the ease with which its benefits can be communicated to the customers.	1
data refers to the data that has been collected specifically for the particular research project at hand.	1
zero-tolerance and incarceration	2
bluefield daily telegraph drug bust 31 arrests	2
police body cameras	2
wun wun	2
what level do you learn hlyph of penance	2
ntts	2
the flash	2
yahtzee	2
morning herald mail hagerstown md	2
aarp	2
whist	2
blow job gifs	2
add more layouts blurb	2
book wright import layouts	2
comedy cartoon about witnessing for jesus	2
chainsaw stump vise	2
optometrisits in princeton, wv	2
is it a sin to mastaurbate	3
depression clinic reviews	2
obama to stay in washingtgon dc	2
wboy	2
mec softball	2
wsaz	2
factorio guide	2
microsoft sql server	2
facebook	9
tophatter	2
how to get your win 10 product key	2
zurich pensione	2
bed and breakfast zurich	2
chris hemsworth	2
hulu	2
02 polaris magnum 325 4x4 rear brake seals	2
janus	2
good name for an anthology	2
crimson towers	2
leonardo da vinci occult	2
kripp copypastas	2
civ 5 tier list	2
diy wood chipper	2
sculptris brushes	2
indianapolis	2
wvsp	2
maplestory red varr shoes droplist	2
while taking ketorolac tromethamine can you take temazepam	2
ip sla response	2
original xbox versions	2
baby day scriptures	2
are psychopaths creative?	2
cycle trader	2
you tube	4
workforce wv	2
morgainependragon-firefly-rewatch-1-01-serenity-we-are-just-too	2
ninja turtle father's day t-shirt	2
thompson cigar coupons	2
outdoor gas fireplace replacement parts	2
four points sheraton brentwood tn	2
www.kingstonfloristand gifts	2
do you have to buy minecraft to play multiplayer	2
status of league of legends	2
msn	6
subaru forester	2
bagra army	2
bastemon	2
led outfitters	2
binding of isaac community remix wiki	2
banana smoothie recipe	2
anyone else eat boss souls	2
lush	2
saturn s series hvac light	2
how to desolder	2
yahoo	2
website that use php	2
kawaski 1600cc vulcan nomad coolant capacity	3
cost of medication non adherence	2
deadpool torrent	2
kingdom hearts stuck treasure chest	2
computer randomly restarts	2
amd fx 9590 black edition 4.7ghz eight-core socket am3+ boxed processor	2
1 foot in ho scale	2
the matrix symbolism	2
sims 3 how to have a perfect date	2
worksharptools.com registration	2
high fructose corn syrup facts	2
crate gfx2200ht	2
suddenlink	2
vortexx pressure washer	2
pto shaft extension	3
the flash races superman	2
superman american alien comic review	2
reuge's vault	2
google maps	2
phillip milam obituary	2
1967 ford galaxie 500 parts	2
1967 ford galaxie 500 manual	4
changing muffler on classic cars	2
new brakes for 67 ford galaxie	2
13-mm socket	2
vintage cars for sale	2
check the rarity of car	2
1967 ford galaxie 500 information	3
67 ford galaxie 500 as a daily driver	2
badwater v8	2
miss teary's artwork	2
new dvd releases	2
amazon prime	2
www.yahoomail.com	2
youtube	8
peral drums	2
pearl drum rythm traveler parts	2
hypnos	2
one more time daft punk	2
table of derivatives	2
s7 edge locked up	2
golden teacher average yield	3
secondlife avatar bvh	2
maryse	2
southwest	2
skyrim pc mods	3
wvusportsrumors	2
cedar creek state park	2
small decorative hangers for stained glass	2
boating	2
nt2580 unit 7 assignment 2	2
plants vs zombies garden warfare	2
best song lyrics	2
amazon	2
hank hill uses yoga	2
grey pneumatic	2
dark souls 3 ports for xbox	2
demonstrate the setup required for a group of several windows servers® on a network	1
windows server definition	2
physical disk drive options available with windows server	2
manchester united vs leicester city live stream	2
draft grades 2016	2
motel 6 greenville sc	2
murders in beeson wv	2
history of american football	2
princess bride full movie free online	2
windows 95 apple watch	2
owen wilson wow	2
greirat voice actor	2
how do i print text messages from my samsung galaxy s4	2
why will my magic jack go not work with windows 10	2
yahoo mailhttps://www.yahoo.com/?ilc=50	2
328 grandview dr. hurricane, wv	2
witchcraft sex potion	2
what does +3.75 mean in contacts	2
kodi for windows	2
worxaudio x115 reviews	2
noreply@dropcam.com	2
marine wood filler	2
gooel	2
wmata.org	2
the blind side	2
mary pizzo scranton death	2
shepherdstown wv weather	2
higher place journey lyrics	2
asylum gaming teampeak address	2
candice accola	2
craigslist,buddy l	2
redheads naked	2
what can i plant on top of a hillside to help keep the bank in place	2
sam's club	2
how to much can a nursing home get from your assets	2
dr.demento albums	2
judgement day aaron	2
ona wv weather	4
wvu library	2
eve weapon accuracy	2
cupcake wars celebrity nasa episode	2
the two purposes of teacher evaluation	2
sam's photo login	2
www.weather.com	2
nordstrome rack	2
weather morgantown, wv	2
propet.com	2
dangerous level hemoglobin high	2
oregon softball	2
late 1700s french dress	2
u haul	2
burger press	2
my coke rewards	2
cyclophosphamide nclex question	2
???	1
look at all those chickens	2
gv-fishbowlvase30gv-6.60253	2
how to put a gun lock on	2
avery	2
craigslist	6
slither.io.com	2
why are there so many white shows	2
teletech	2
turn on fitbit alta	2
kodi long working times	2
how do infrared cameras work	2
how to back up dark souls 3 saves	2
hentaistigma	2
dark souls 3 npc quest guide	2
moulin rouge tickets	2
2005 f250 abs module	2
receta de pie de pi?a	1
armored warfare tech tree	2
golbat set	2
jynx set	2
elizabethan clothing sumptuary laws	2
ordo tempestus	2
weather	2
twinkinfo	2
internet speed test	2
f2p pirate games	2
billy apostolon sermon outlines	2
when god takes you to the woedshed	2
parkersburg, wv obituaries may 1	2
buzzfeed science quiz	2
lauren marsh pittsburgh	2
predecessor antonym	2
map of rome where the colosseum is	2
windows media center xbox 360 controls	2
kalos sprite devamps	2
kalos sprite devamps professor	2
magic jack	2
delirious prince	2
berkeley county wv recycle fluorescent tubes	2
live weather cam dan cava fairmont wv	2
4. suppose that the current canadian dollar (cad) to u.s. dollar exchange rate is $0.85 cad = $1 us and that the u.s. dollar price of an apple iphone is $300. what is the canadian dollar price of an iphone? next, suppose that the cad to u.s. dollar exchange rate moves to $0.96 cad = $1 us. what is the new canadian dollar price of an iphone? other things equal, would you expect canada to import more or fewer iphones at the new exchange rate?	2
younger toyota hagerstown md	2
ffxiv armoury chest rings	2
blfd daily telegraph	2
netflix	2
liveleak	2
when is pentecost sunday this year	2
livetext login	2
holy week 2016	2
reviews of scott meridian fly rod	2
reviews of tfo mangrove fly rod	2
what is worth a spike on animal jam	2
elizabeth abigail hart	2
thomas baldwin abigail pollard	2
how to get my credit report fixed	2
storm doors with grids	3
women are stupid and i don't respect them. that's right, i just have sex with them	2
naked and afraid uncensored pics	2
sjw	2
dare tube tv	2
ted cruz	2
ark property management delmont pa	2
#41 guitar tab	2
open examview file	2
davis and elkins college	2
coffee shop	2
javien elliott	2
armchair gm steelers draft grade incomplete	2
skype	2
schools with associates degrees in anthropology	2
fb	2
disney world	2
how to add a primary care physican to peia	2
kizi.100	2
good dbc seeds	2
reggie northrup highlights	2
matt ioannidis highlights	2
mower air filter adapter	2
transfer photos from iphone wifi	2
jerimiah 17'21 biblegateway	2
best witch doctor set 2.4.1	2
3401162g	2
st. sava nyc	2
itunes	2
west virginia power vs tourists today	2
gw2 warrior killing champions	2
guild wars 2 best starting pvp class	2
oldies	2
smallest pistols	2
hotmail	4
sodex morgantown wv	2
2016 nfl draft grades	2
blender move selection to cursor	2
best cheap 144hz monitor	2
how to make your computer screen sleep	2
shari's berries	2
infinifactory price history	2
vsco cam	2
granpa gumjob tumblr	2
weather charleston wv	2
free instrumentals download	2
parkersburg city park	2
sale small riding mowers	2
rat fink shoes	2
striped shoes	2
teamspeak	2
icd 10 data	2
dudesons	2
how to upload an album to google photos	3
dark souls gargoyle tail axe	2
ron paul	2
onenote dev	2
how to play the harry potter quidditch cup tcg	2
hulu plus	2
watch 13 hours online free	2
rock river arms	2
fortis switch rail	2
flashing at the mall	2
flashing at the mall stories	2
wv core rescue class	2
tektek	2
dating marbles gamegetter knife	2
marbles fieldcraft gamegetter knife	2
cincinnati state college reviews	2
penn foster high school diploma reviews	2
d&d name generator	2
how to make bbq chicken on stovetop with frozen tenderloins	2
the beatles something in the way	2
bestbuy	2
level 50 latias pokemon shuffle	2
level 50 latios pokemon shuffle	2
zack lash bones	2
comedy strip tease	2
dragon age inquistion the nightmare	2
wnyt weather	2
young girl missing from premiere wv in the 70's	2
premier wv hot topix	2
www.vec.virginia.gov	2
hentai teen	2
club blonde upskirt dancing	2
aspen coils	2
exchange bryson tiller	2
crafts 2000	2
nfl draft bible	2
nfl udfa tracker	2
foodservice sardines	2
ffxiii oretoises	2
frozen	3
great lakes borrowers income based repayment	2
zappos shoes	2
what files in the c drive is it ok to delete in firestorm	2
the kristen archives pictures	2
dr. bronner's lip balm	2
building rooftop	2
mark of the beast is comming rse u tube	2
pierre woodman	2
great harvest bread locations	2
jojo's bizarre adventure stardust crusaders ep 4 dubbed	2
battlenet how to change name	2
my dog has a red round sore in between the crease of his hind legand his testicle	2
well, don't anything i wouldn't do, said nanny. harry smiled and nodded but privately wondered how many options this really closed off to him.	1
powerball wv	2
gangbang cum drinking	2
lavish home charlotte	2
play dead ops archade online	2
pokemon speed calculator	2
fox news	2
speak english in iceland	2
tig vs mig	2
wvu exam schedule	2
rich shaffer parcel search	2
ravens drafts pfr	2
ricky wagner	2
casey anthony	2
2016 kentucky derby horses	2
lincoln mark vii lsc for sale	3
midori francis	2
cabellcounty clerk	2
redtube	2
the count of monte cristosummary	2
rothchilds	2
ceiva	2
english only on facebook	2
vw camper van for sale	2
synonyms	2
charleston municipal auditorium	2
ny jets blog	2
do car rentals have an age limit	2
98 ih 9400 trucks for sale	2
two x chromosomes	2
deadpool dvd	2
places to take your mom on her birthday	2
dear god lyrics	2
tf2 portal items	2
pof	2
google mail	2
roycroft inn	2
elementary the invisible hand	2
lawrence county ohio special assessments	2
northern expedition	2
@donaldtrump	2
rough country	2
talbot street, kew gardens, ny 11415	2
thomas edison dc current	2
why tesla's power should be free with tesla coils	2
maximum velocity formula	2
how to find maximum velocity calculus	2
you	2
yao guai	2
male female in love embrace	2
forgot to pay frontier internet bill online	2
rehband	2
hotmail help	2
bibliography sites	2
warframe campaign	2
.665 bore choke in remington 1187	2
does a remington 1187 have a pro bore	2
tjmaxx rewards	2
hongying fishing reel max lb test	2
listening to my sister moan from her bf audio	2
listening to my sister fuck	2
sex with my sister story	3
the amount of your social security contribution depends on quizlet	2
eligibility requirements for pension and retirement plans are typically determined by the employee's age and years of service quizlet	2
toyota innova crysta	2
minecraft	2
how long is 392 mins	2
pinterest	2
gundam wargame rules	2
tempress aw01c01	4
6.5 creedmoor upper	2
appalachian power	2
raptors game 7	2
railroad track willy moon	2
1974 cj5 wheel cylinder push pins	2
yahoo mail	2
nicholas arvon	2
paypal	2
dark souls 3 bosses	2
_____ is now japanâ€™s most important trading partner.	1
"which of the following is not a factor that has contributed to the rapid economic growth of nics (newly industrialized countries)?"	1
what is the tenet that china follows to ensure that hong kongâ€™s exuberant capitalism is retained despite the communist leanings of mainland china?	1
"which of the following statements is true about qualitative research?"	1
a productâ€™s _____, refers to the ease with which its benefits can be communicated to the customers.	1
"data refers to the data that has been collected specifically for the particular research project at hand."	1
demonstrate the setup required for a group of several windows serversÂ® on a network	1
ì°¨ë¬¸ë‚¨	1
receta de pie de piÃ±a	1
"well, don't anything i wouldn't do," said nanny. harry smiled and nodded but privately wondered how many options this really closed off to him.	1
