isaac newton	1
grant wheeler valley beverage	1
varagesale	1
elementary show	1
is justin bieber moving to appleton wi	1
submssive wife stories	1
drudge	1
child support wi	1
free online birthday cards	1
free online jigsaw puzzles	1
www.mycardstatement.com	2
game of thrones twitter	1
region este de la republica dominicana	1
adornos de mesa para las madres	1
porn	1
hanson young auction	1
awolnation	1
they and the children / daniel striped tiger	1
motorcycle intercom system for half helmets	1
oil type for karcher pressure washer	1
american family duluth	1
st.mary's in lemont,il	1
psat test	1
craigslist eau claire	1
maple countertops	1
matrix title west bend	1
skinny gay	1
gmail	5
how to quote block quotes mla	1
not acting relates to literary term: existentialism	1
limits on linear compensator	1
pipes in shawano wi	1
pathfinder strategy guide pdf	1
pxg putters	1
george herides, wisconsin	1
—Ä–æ–±–æ-—Å–∞–π—Ç	1
anshul goyal	1
tony toutouni wikipedia	1
colonelcassad	1
how much chili powder for 2 pounds meat	1
amazon	12
download chaturbate saved videos	1
house for sale by edgewood college	1
craigslist wausau	6
147 kirkstone lane, colorado springs	1
ihome manuals	1
mike and the mechanics in the living years	1
pirate bay	3
cloud by countryside standard poodles	1
4143063918	1
new berlin police department	1
mt et street 2 drag 305/35-20	1
nitto invo high performance tire - 295/35r20 101z	1
"forgestar cf10 20"""	1
rim powder coating cost	1
matt nass	1
sepinwall the wire	1
trea turner	1
harbor freight	1
walmart	5
mazda 6 wagon coming to us	1
spring mongo	1
addiu	1
mips code increment	1
scenario a tribe called quest	1
course hero	1
us music online sales revenue	1
cream wu tang clan	1
michelle yeh	1
zillow	3
torchlight 2 mods	1
torchlight 2 mods respec	1
castle clash hero score	1
one piece boy kids swimsuit	1
basketball workouts	1
hud homes	1
nickel creek reasons why tab	1
pixels	1
new york times v. u.s. 1971,	1
non-disclosure agreement	1
domestic disturbance film	1
james meredith	1
how to make 4-h poster	1
animal jam	1
ganges river	1
princess bubblegum va	1
your lie in april episode 1	1
words ending in syllable oo	1
marquette wash	1
yahoo mail	4
facebook	35
fa	1
wooden spoon, first use?	1
craigslist.org	1
setup dns server ubuntu	1
cool math games	1
good ways to get rid of cold quickly	1
light hearted feel good movies	1
standing folders that hold music sheets for hand bell choirs	1
craigslist appleton	1
mn vikings reddit	1
r lol	1
activities after gallbladder removal surgery	1
muv luv takeru	1
craigslist madison	3
bittern	1
psychinfo	1
grave of the fireflies full movie sub	1
inside out 2	1
plocky's roasted red pepper hummus chips	1
girl cum sucking video	1
html email template builder	1
the beach club gulf shores al	1
sling tv	1
lg optimus l7 p705	1
samsung galaxy ace style	1
lg g3 vigor ls88	1
alcatel one touch evo 7 hd vs lg g pad 7.0 uk410	1
can a smartphone with a bad esn, be used as a wi-fi device?	1
nioh release date	1
nascar talladega	1
jack and jill activities for preschool	1
air traffic radar	1
cnn	1
sylvan red cross wood stove	1
orc la crosse wood stoves forced air	1
2016 correspondents dinner	1
aberoth kefka	1
"lenovo tab2 a8 8"" android tablet 1.3ghz 1gb 16gb - navy blue"	1
samsung galaxay tab a.97 vs lenovo a8	1
aberoth tavelor skill	1
aberoth kefka rank	1
anthem blue cross blue shield hr	1
drugs that reduce inhibitions	1
states pot legal	1
xanax addiction behavior	1
chris walkin bio mechanical images	1
parabola	1
ellipse	1
things to make with foamular	2
covantage	2
apv.com	2
rhinelander town hall	2
wisconsin circuit court	2
cordless roller shades black vinyl	2
did prince have jw funeral	2
is prince still a jehovah witness in 2015	2
the rave	4
craigslist	8
dunham's sports	4
y	2
dcs elgar plus for sale	2
glass dragon figurines	2
discount led lights	2
atlanta to milwaukee car hauling	2
blender	2
tomah weather	2
burger king menu 53219	2
how to make chinese pork fried rice	2
round steel tubing truss	2
round steel tube truss design	2
leicester city f.c.	2
create gmail	2
dane county airport	2
google news	2
villa magda marina di ragusa	2
blue oldsmobile intrigue 2001 gls	2
calculating e cell	2
2016 hard hit ball stats	3
helm of the crackling conqueror	2
ayelena_cruz boygirlblowjob	2
twitter	2
1-99 defense rs	2
where to buy steel boots in rs	2
outdoor screwing tarts today	2
teenager kills mom with sledgehammer	2
yahoo	10
read excel in python padas	2
scipy.optimize.fmin	2
hubzu	2
download free music	2
free music download	2
palm springs 42 inch vertical lp gas smoker	2
how long can you keep a butt plug in for	2
1960s slang	2
amazon video	2
fans customers, football	2
crystal bridges	2
the united states absolute advantage ability to produce a certain good more efficiently than another country	2
the united states comparative and absolute advantage	2
absolute advantage refers to a countryís ability to produce a certain good more efficiently than another country.	1
burney falls ca	2
nvidia gtx 970	2
gallera tonito padilla	2
pogchamp	2
define premise	2
green bay packers	2
baked apple slices no sugar	2
antimicrobial susceptibility test breakpoints	2
breakpoints susceptibility testing	2
uw health my chart	4
ellestad funeral home mt horeb wi	4
cpt joke	2
aol	4
google	5
get some ice cream	2
vandertramp verbs	2
new medication	2
person dead the longest amount of time before coming back to life	2
arte studio	2
gun stores in milwaukee	2
green cab of madison inc.	2
pql software	2
fest foods	2
fleet farm	4
espn	4
how to create a path for a product flow in powerpoint	2
pipe bender lowes	2
3/8 tube bender	2
edelmann a63098	2
ultimate texas holdem trainer	2
imdb arrow	2
interesting events in europe	2
best way to remove tar from car	2
symptoms of melanoma	2
fox news	4
conjuring two trailer	2
advanced identity protector	2
summit credit union	2
wands of harry potter	2
ssn	2
win-alt-t	2
cluny museum in paris	2
ebay	9
warhammer	2
jsonline packers	2
35mm negatives to digital	2
jemmima kirke	2
pbs passport	1
for statement java :	2
2.1 bluetooth amplifier board 24v	2
west high school madison wi	2
direct tv channels	2
48 paper blinds	2
play monkey gems	2
women's baseball league 1943	2
watercolor artists	2
rosa bonheur	2
prove that the height of a red black tree is at most 2logn	2
jana bikini	6
janae bikini	2
skil part number 1619p00986	2
bondage	2
the fosters stereotypes	2
anna camp	2
mineral wells, texas	2
annotated bibliography	2
photo printing	2
gap	4
brittany snow nude	2
ggg	2
sherrie serros uwec	2
gita sawalani uwec	2
joe kincheloe	2
john dewey philosophy	2
henry giroux philosophy	2
compucom wisconsin	2
naked woen	2
starbucks near me	2
ffrk reddit	2
highland park school district	2
business topics	2
nicolet national bank	2
professional resume writing racine wi	2
dogs hate hugs	2
goehner industries	2
jail in child most high god	2
flash control	2
alliance for animals	2
best vegan mac and cheese cashew	2
halles paris	2
sorrel	2
simple green review	2
acdc wiki	2
elvis presley influences mtv	2
led zeppelin influences	2
project free tv	2
la crosse eye glasses	2
mothers day gifts	2
calendar	3
tree spade rental in wisconsin	2
the killers biography	2
dukes of stratosphear psonic sunspot	2
free trial classes in milwaukee	2
voice instructor music theater voice jobs	2
what does a bunny rabbit symbolize	2
joy comes in the morning quotes	2
6122101377	2
kogama game	2
soundcloud	2
game of thrones reddit	2
ebt edge	2
jason spriggs highlights	2
delish	2
coffee art jesus tshirts	2
target	4
how to manual remove dnswalters.exe	2
contact google	2
minecraft maps	2
my aurora	2
sandalfoot condos sanibel island	2
linkedin	3
jefferson swap meet 2016	2
hamilton trivia	2
mc skin editor	2
uncharted 4	3
tim schafer twitter	2
musa costumes black desert online	2
black desert online grinding guide	2
kimber 9mm pistols	2
adult stores in indiana	2
pike county ohio	2
phim hong kong tvb cu	2
charter email server settings	2
people and dogs with cancer	2
magnetospheric multiscale mission	2
trailer hitch anti rattle	2
pictures of yanco cars	2
home depot	6
earth	2
metoprolol succinate	2
auto carpet replacement milwaukee, wi	3
aerobie pro flying ring	2
stanford pre collegiate summer program	2
watertown catholic schools	2
watertown school district 2014-15 calendar	2
apartments based on income in milwaukee wi	2
???? ????????	1
average cost of appeals	2
mapquest	7
kmfdm	2
what is the name of the show on tv on 5/1/16 with morgan freeman	2
crunchyroll dubbed	2
roblox	3
is eating whole wheat bread if you want to lose weight	2
christina applegate	2
hitachi drive not detected	2
agario	4
miitomo with lyrics	2
woman naked in clear tank to drown	2
literary analysis paper topics for macbeth	2
job application skyward	2
sample job application form	2
70 mph bike	2
60mph bicycle human powered	2
rubin 1996 multiple	2
can package foreast deal with multiple imputed datasets in r	2
wells fargo	2
republican primary	2
oh canada brass	2
king 2266	2
holton collegiate b490rs	2
remington mouthpiece euphonium	2
wick 5al	2
the story of icarus pdf	2
lol account	2
blues vs penguins	2
jets vs capitals	2
netflix	6
rosetta stone spanish login	2
what functions does federal reserve provide to government	2
patio & deck contractors milton wi	2
fucked a stripper	2
microsoft blend for visual studio 2015	2
horny housewives	2
blink 182 tour	2
abbot trailside lodging, 49 davidson rd, abbot, me 04406	2
wyndham hotels in cape cod	2
travelodge cape cod	2
traveldge west yarmouth ma	2
chasin tails charters provincetown	2
vi health	2
free porn	2
comic con 2016	2
what kind of stethoscope for animals	2
best coheed and cambria songs	2
kohls	5
2002 volkswagen golf tdi axle bolts	2
youtube	13
accented a on pc	2
the resol'nare	2
dead or fuck 5 last sex	2
twitch	2
league of legends server status	2
teddy bear puppies for sale in wi	2
what causes moss on and in the gardrn soil?	2
no sound on mozilla firefox	2
horizon rentals florida	2
odyssey	2
subway	2
revzilla	2
nfl	2
politicians lying ny times	2
slitherio	4
janesville hyundai	2
dancesafe	2
teen girls domination porn	2
tears naturale free	2
celebrity cruises	2
toriko episode 1	2
html signature outlook 365	3
outlook 2016 html signature site:answers.microsoft.com	2
html email signature do you need body tag	2
usa today presidential polls	2
importance of financial statement analysis	2
quotes about foxes	2
minecraft skin editor	2
madame de sade play	2
overwatch characters	2
simbro	2
popmoney	2
samsung account	2
apac	2
do you put anything on your dog after you remove a tick	2
turnstile fat people	2
i hate small talk	3
men beastiality	2
how to cut edit mp3	2
promaster rechargeable batteries	2
but one uses an iterator design pattern and the other doesnít. list the pros and cons (if any) of each design	1
comcast careers	2
nfl draft grades	2
lyndsay petruny new job	2
ebersbach artist	2
pho trong master chef my	2
visa requirements for indian citizen to pakistan	2
mount olympus wisconsin dells indoor water park	2
crescent 170pc mechanics tool set	2
best way to boost wav without distortion	2
the originals cast	2
nfl draft results 2016	2
gods and kings dlc t	2
seatac	2
golden calf	2
uwec	2
chocolate lolita dress	2
fabric	2
galaxy s5 screen repair	2
model number: b140xtn02.e	2
what physically happens when you die	2
wwe chat room	2
wausau news herald obituaries	2
wausau police shot	2
dandelion wine recipe	2
htc throwdown results	2
spreading petite ass pics	3
cum on lips pics	2
pathfinder cleric	2
rhapsody	2
win xp para virtualbox	2
algoritmo para girar centro 3x3x3	2
remove things from rust	2
viterbo athletics	2
wis unemployment	2
nbc days of our lives	2
404 s webster ave green bay wi	2
139 s madison green bay wi	2
904 s monroe green bay wi	2
1028 porlier green bay wi	2
square enix	2
rick barry nba	2
steve nash	2
nfl championships	2
unicorn flower vector	2
most pretty crystal	2
why am i the one	2
ap chem equations to memorize	2
iron cross automotive	2
gm fleet	2
periodicos digitales mas leidos en espa?a	1
gray's tied house	2
housing collectives	2
australian-cattle-dog-blue-heeler	2
draeger langendorf	2
"asus - 15.6"" laptop - intel core i3 - 4gb memory - 1tb hard drive"	1
axxess aswc-1 steering wheel control adapter for hyundai accent	2
horsecock	2
beautiful oops lesson plans	3
directions to work	2
logical operator symbols	2
ma'? picollo	1
lightning in the sky	2
removable license plate motorcycle	2
do gas station jobs drug test	2
throw some mo beat	2
how to install felt paper on floor handyman	2
godaddy hosting term match domain term	2
godaddy change nameservers to godaddy	2
redding ca	2
vacuum furnaces for auction	2
shawano speedway	2
current price of gold	2
biolite stove	2
is there a solution to the blackout with windows 10	2
windows word page fill effects does not save to pdf	2
lamp parts	2
elmbrook mercedes benz	2
flatgrass soccer tournament	2
smaller effective excercise equipment for an apartment	2
native american symbol of love	2
real simple	2
timbuktu labs	2
#2 steel scrap prices	2
thomas	2
fear and loathing in las vegas free online stream	2
craigslist milwaukee	8
prince purple rain album for sale	2
wood pallet information	2
deviantart	2
tux rental madison wi	2
mother day brunch rhinelander wi	2
xhamster	3
fulton trailer	2
knight solaire summon sign gwyn	2
anthony bane obit virginia,mn	2
emuparadise	2
av club interview queens of the stone age meth	2
brass instrument lacquer refinishing	2
flugelhorn shank adapter	2
identifying flugelhorn brand	2
cooper tires	2
2005 ninja 250 exhaust assembly	2
chronicles runescape legends brawler card	2
adam funhaus tattoo	2
microsoft outreach	2
beer can island mn	2
hudson wi beer can island music	2
foreclosure for sale new richmond wi	2
stadium view green bay	2
coolrom	2
lagertha	2
overnight train paris to prague	2
can my back cause my knee to hurt	2
aarp games	2
starwest botanicals	2
zillow manitowoc county	2
worst marvel comic book villains	2
worst comic book characters	2
worst comic book characters of all time	2
poison mushroom mario	2
movies for cub scouts	2
waupaca wi city deer hunt permits	2
lesbian porn	2
drain brain	2
well sediment filter	2
robert shaw	2
rosalind chao golden globe getty	2
lauren gibson actress	2
can a pension fund become a bank to make loans?	2
kagamine rin hentai	2
vistaprint promo code	2
becky mcguire facebook	2
logitech m185 specs	2
packers draft picks 2016	2
yangming	2
ebates	2
husky 3 in 1 all purpose cutter	2
jake farrow	2
n1759 forest lake rd 53010	2
leiyin temple india	2
gasbuddy wi	2
partsgeek	2
feiyue fy-03	2
hotels in dickinson with full kitchen	2
alla nubiles vipergirls	2
what are the disadvantages of using only expository text	2
90s polls	2
rune factory 4 differences	2
last of the summer wine variations on a theme of father's day	2
milwaukee circuit court	2
saxon math course 1 solutions manual	2
fb	2
how is a bone density test done	2
wario undertale	2
dreamworks face	2
jasco products	2
la crosse restaurants	2
pvz gw2 gameplay	2
aetas lumpini	2
renaissance phuket resort and spa	2
casting couch porn new	2
7th symphony second movement interpretation	2
cant automate magical crops	2
boars in evendim	2
blacked.com	2
divi video background loop choppy	2
freecam	2
rachel mcadams	2
mars perfect for lichens	2
how are crops genetically engineered	2
healthy kids day ymca green bay	2
the act of killing	2
high mileage oil	2
plant chamomile with garlic	2
2016 jeep renegade transmission problems	2
what is als	2
is als bad	2
architect sketchbook	2
build blog	2
aaa madison wi	2
keywords linkedin	2
100 most popular topics linkedin skills	2
pizza hut port washington road wi	2
pizza that serves buffet style in milwaukee	2
minute rice.com	2
beargrease lefty	2
windows view artrage thumbnail	2
hotmail	4
nascar	2
a1 furniture madison wi	2
cheap flights	2
mature eyes gaiaonline	2
google drive	4
nymph	2
sonar type sound navtex	2
kohls coupon	2
infonet racine	2
metroid fusion rom hacks	2
ottoman empire bronze age	2
iron age	2
uwm panther arena	2
#15. h.r. giger bar, gruyere, switzerland.	2
green room	4
firefox addons	2
magic launcher 1.9	2
fire new york	2
mudd cloth	2
floor cloth	2
hbo now	3
the lost tribe runescape	2
brotherhood minutemen	3
menard	2
why do you get horny before your period	2
narrow shoulders bridges ditches guardrails and trees are examples of	2
i am malalal quotes	2
crest cadillac brookfield	2
butt lifter shorts	2
how to wear a dress	2
will exercises get rid of bum cellulite	2
you tube	2
hawaii web cams	3
antisocial personality disorder	2
dahlias	2
model # lfx28968st with black sides	2
tlwolden26@gmail.com	2
chin up technique	2
new york street style 2016	2
leggings new york city	2
translate	2
gt2056v specs	2
"any decent woman wouldn't do this by ""pang nutnicha"" mono music. thailand"	1
leh ratree	2
samsung galaxy core prime	2
kitkat vs lollipop os	2
ancient music free downoad	2
wisconsin atv laws	2
what is the proper procedure for stopping while you are descending on a steep slope? atv	2
ff325 stobe faceshield	2
riverside theater box office	2
grace van cutsem	2
the farm door county	2
jessie crawford recovery center in milwaukee wi	2
in text citation of a blog	2
hacia una etica cristiana en renovacion	2
hacia una etica cristiana en renovacion fatalismo	2
serebii	2
omnos stevens point	2
plastic cold frame vegetable garden wisconsin	2
las vegas grand canyon tour	2
muscoda morel festival 2016	2
livingston state bank locations	2
heinz brasil estagio	2
wecan	2
rosie ruiz	2
imdb	2
beastie boys intergalactic lyrics	2
rs children	2
skyrim perk points command	2
tornado-6 revolver	2
realistic lighting overhaul compatible mods	2
what is youtube drama	2
fftr1814lb	2
refrigerator knocking freezing slow	2
wwe news	2
how high can you fall into snow	2
how to contact fox news	2
cleaning oven with baking soda heating at 100 celciu	2
multifunction chair	2
black plague	2
gmail.com	2
princess huhuran	2
why shouldn't electrodes touch a salt bridge	2
broc kensmoe pioneer seed	2
bigdino	2
aol mail	4
brown county property taxes	2
5430 tower rd de pere wi	2
marcus theatres sheboygan	2
hillary clinton goldman sachs	3
mums take kim selfie to show off ërealí bodies	1
oregon health	2
oregon ssi	2
according to a study done in 2014 approximately 69% of america is white by letting in people of different races and religions that is making america diverse and more complex	2
concurrency in nosql	2
nosql unique constraints	2
how much is a cartridge of ink to make	2
newsoft cd labeler windows vista	2
fairy tail	2
code black docmentary	2
cv and cp	2
heart infusion agar function	2
weather	5
gazeta tema	2
american airlines	4
mlb	4
interstate shooting wisconsin	2
wisconsin interstate	2
common core math skills	2
formative assessments in wiscons9in	2
costco membership deals 2016	2
turok 2 cheats	2
w5450 keil coulee rd la crosse wi	2
shun dm0610	2
sunday brunches in milwaukee	2
winnebago	2
may day history	2
the amazing race time pacific	2
tess	2
michael scott dont you dare gif	2
wooxy	2
audible with prime membership	2
olx	2
chicago irish fest gaelic park images	2
challenging child	2
what's the difference between blade and soul and aion	2
dragon quest builders	2
how to be ninja	2
homestead nursery theresa wi	2
remax davenport iowa	2
fintech companies	2
deep discount	2
crash at talladega	2
stormtrackforum	2
360 fly \	2
campbell sci. thermistor 107-l5 special	2
daniel berrigan darft cards	2
disable internet explorer enhanced security configuration via server manager 2012 r2	2
duck game pingu hat	2
server 2012 r2 disable screen lock	2
how do i avoid ticks	2
iowa child and dependant abuse class schedule	2
bell helmets	2
outdoor sex	2
lexi bell	2
bart and lisa fucking	2
gurgorecenzja	2
aipmt 2016 cut off	2
sex using humeral head	2
sasha banks	2
diestrus + horse	2
horse barn plans	2
leased horse insurance	2
vertical transmission of hiv	2
maternal viral load, zidovudine treatment, and the risk of transmission of human immunodeficiency virus type 1 from mother to infant. pediatric aids clinical trials group protocol 076 study group.	2
punch hip hop	2
seated nude combing her hair degas 1887	2
weabenefits.com/your money	2
weekly meal planning	2
donald trump	2
capybara	2
arduino cnc build youtube	2
how to get emittance	2
slither.io	2
girl gogames	2
edina realty	2
lock user account linux command line	2
hotschedules	2
tandoori style chicken	2
whole wheat sourdough bread recipe	4
conspire	2
age of empires mods	2
american girl	2
wisconsin dmv	4
amc theatres	2
tamarack tree	2
lol pro builds	2
riot	2
combined insurance company of wisconsin life insurance	2
yandere simulator cinematic mode	2
ten thousand john mark mcmillan	2
gotomypc	2
garden against house wall	2
hilton garden inn renton wa	2
upgradable ram for lenovo edge 15	2
greenhouse gas emission	2
national bike challenge	2
parks and recreation wika	2
pandora	4
midway airport parking	2
when can you bathe puppies	2
can you take a dog across the border to canada	2
watch daddy's home online free	2
poshmark	2
calculator	2
free granny screensaver	2
menards careers	2
fedex tracking	2
at texas schools, everything is bigger by david warren	2
ferd lngold import monroe wi	2
modhoster	2
ryrie study bible nasb, 1995	2
french cars	2
bizarro comics,com	2
packer 2016 undrafted free agent signings	2
lowes eua claire	2
husqvarna high speed lawn tractor	2
cbc test	2
370 van dyke st wrightstown, wi 54180	2
stock standard deviation	2
stock futures beta hedge	2
delta neutral hedge calculator	2
get set visual basic	2
title ix blog	2
uw madison bme design	2
mcdonalds	2
jin goo	2
sounds good crossword	2
family dollar	2
javascript canvas text width adn hegiht	2
photon vs unet	2
photon unity free	2
shopgoodwill.com	2
ford jubilee	2
ford jubilee food plots	2
eagle ct grand marsh 30 acres	2
turkey hunting in wisconsin	2
nanny	2
keg lift exercise	3
visual studio 2015	2
when a uranium 235 nucleus emits an alpha particle	2
fox brawl	2
rapid jab smash	2
fairbairn sykes	2
patrick brent pearl harbor	2
germ x advanced protection alcohol free press release	2
motz nursery wilson, wi	2
packers draft	4
kodi m3u usa tv playlist	2
vurtgo pogo	2
security update for adobe flash player for windows 10 version 1511 for x64-based systems (kb3154132)	2
uw madison	4
john sandford	2
associated bank hours janesville wisconsin	2
construction calculator	2
haskell bar in muskego	2
mbc ???	1
mobile homes for sale by owner	2
book series for 26 year old males	2
books similar to swiss family robinson	2
bernard cornwell author	2
national banking act lincoln	2
how to find lowest common denominator	2
k31 swiss bayonet	2
galena il hotels	2
trial 2 danganronpa	2
one finger death punch	2
downloading books to kindle 3	2
critical software update for kindle e-readers	2
regency towers pensacola	2
pensacola beach web cam	2
math problem precalculus	2
rhubarb crumble recipe	2
kayak	4
mediacom	2
how to become a graphic designer	2
drawing shapes with pen tool in illustrator terry white	2
kwik trip hr	2
dwarf meyer lemon tree minneapolis	2
nurseries minneapolis	2
lowes meyer lemon tree	2
word print background color	2
windows 10 file history keep saved versions	2
kfiz	2
red white and blades 1983	2
morton thiokol engineer	2
french country versus swedish design	2
lol streamer shows history	2
tumblr cyber goth porn	2
web browser 2016	2
virus affecting wireless connection	2
bmo harris	2
apush review	2
panga bar and grill delafield	2
sweatin' to the oldies 2.	2
will god forgive any sin catholic	2
car rental	2
facts about turning 40	2
market price for beans	2
town of peshtigo	2
wastch series last week tonight	2
kopps flavor forecast	2
wisconsin department of commerce	2
good tinder lines	2
boy chocolate lab names	2
scottish names for dogs	2
prince aids	2
diamond city blues ambush location	2
confidence man fallout 4	2
jennifer lawrence where's the pizza vine	2
charcoal grill stevens point	2
list of environmental resources	2
scope for 1000 yard shooting	2
4test ged	2
painkillers trailer	2
value cinema oak creek wi	2
xhampster	2
grayhound	2
royalty free sound effects	2
fiteck	2
rachel feinstein	2
the lion king blu ray	2
small sampling keyboard	2
roland s-50	2
cheapest car rental milwaukee	2
destiny skolas kell of kells	2
how to calculate u value	2
midwest brewing supplies	2
target ad	2
sarah chalke	2
christa miller	2
xnxx	4
von holzen auto & truck center	2
how to hook up an electric fence	2
new girl imbd	2
kayal flights from chicago to manila philippines	2
diy nice cardboard storage boxes	2
momma blanco	2
songs to sing for a talent show	2
watch game of thrones online free	2
reviews of houzer granite sinks	2
smith sales	2
old paul	2
the secret of kells	2
dominique ohaco	2
metal gear solid retcons	2
keg tap amazon	2
wi dnr mead wildlife	2
journal of forestry normal distribution scientific article under 10 pages	2
ztd game	2
arming teachers in schools an argument against	2
kmart	4
??? ??	1
first aol mail	2
rental checkout form	2
google docs	6
640 west	2
hypnotized sex	3
bullet casting lead	2
heavy steel rifle swing target	2
m-1 carbine manual	2
iwo jima	2
which is better to lubricate an m1 rifle lithium or mobil 1 synthetic grease?	2
places to shoot in northern,il	2
konichiwa song	2
quotes about supportive friends	2
macys	2
craigslist green bay	4
brewers tickets	2
abby lee brazil fucking stepdad	2
kingdom hearts unchained x fb login failed	2
time rifters steam key	2
jewelers in chippewa falls wi	2
mps	2
protests milwaukee today	2
uw platteville food services	2
cheesy pull apart sliders recipe printable	2
game of thrones season 6 episode 2 torrent	2
xvideos	6
Á‡„ÛÁËÚ¸ mp3 pvris my house	1
abstract synonym	2
glock 23 police trade in	2
reddit	2
mdx with member filter	2
35 hp motor for boat	2
reagan tear down this wall	2
ukraine compared us	2
polyamory and being a secondary partner	2
simplicity 2105375asm	2
shopko venus shaving coupons	2
alex and sierra	2
atms	2
foi fm 102 9	2
rock and ice	2
brother yun	2
alison rapp was not a pedofile	2
cuts & bolts fabrics	2
are bisexual women seen as just being confused	2
dispose of mattress madison wi	2
gop debate	2
gop polls	2
uwec library hours	2
orland il	2
fuck.my.dick! the amazon position	2
jack fm	2
bikini porn	2
oslo	2
personal leadership philosophy	2
pollyanna	2
primary dates democratic	2
menards window shades	2
north high school	2
modern web design	2
diablo 3 witch hunter set	2
political party structure differences	2
michael authier	2
kim sorgent ministries	2
skin numbing spray	2
is mcjuggernuggets real	2
socialblade	2
wiki how to become a hacker	2
the real men in black	2
mcjuggernuggets wiki	2
haikyuu	2
long lines in poetry	2
sandy translation	2
www.husqvarna.com	2
candy crush	2
marcus theaters appleton wi	2
wellness center appleton wi	2
bones season 6 free stream	2
dystopian impulse in modern literature	2
chase visa card	2
clean a coffee maker	2
steel wool coffee vinegar stain	2
lehmann and casella 1998 section 6.1	2
what causes crankyness	2
largest binocular telescope	2
wisconsin rapids daily tribune	2
cost of living comparison international	2
prn.fm	2
norman bates	2
55 ne 5th avenue delray beach, fl 33483	2
states of wisconsin constitution copyright clause	2
devon cattle	2
dragonflight review	2
map speed time calculator	2
road america	2
kimpex fender guards with foot pegs for 06 polaris sportsman\	2
atv passenger foot rest	2
70-411 administering windows server 2012 lab 15 answers	2
70-411 administering windows server 2012 lab 15 answers full	2
busty pictures nude wet	2
busty pictures nude wet bent over penthouse	3
mangle x foxy	2
alaska airlines	2
linguistics honor society	2
espnwatch	2
o hare shuttle	2
veetle	2
ashleyisexcited	2
southwest cancel	2
frederick douglass	2
ringling college of art and design	2
impregnated hentai	2
pcr forum	2
rosemary leaves	2
leaf classification	2
rosmaridiphenol	2
physical properties of canola oil	2
canola oil melting point	2
madison zip code	2
maps	5
tripadvisor	2
dark souls 3 torrent	2
sierra trading post coupons	2
coach	2
tree of savior	2
menards	6
vm client	2
linux mint	2
installing linux mint on virtualbox	2
plex load xbmc metadata	2
cyberlink	2
alcohol vapor poisoning	2
packers news	2
cybera server	2
internet cafe software	2
total carrying cost calculator	2
franchise hockey manager 2	2
copy over the cracked content from the /crack directory on the image to your game install directory	2
where is ol doinyo lengai located	2
iafd	2
zoey foxx	2
how to make a dvd rw play on a dvd player	2
gm parts direct	2
cree flashlight vs surefire	2
tonga rhapsody quilt	2
tonga rhapsody quilt pattern	2
ccli	2
failed to play test tone windows 10	2
how to split a string into words in c++	2
prince	2
wiaawi girls soccer scores	2
2016 crestliner superhawk 1750	2
birds of northern michigan	2
non alcoholic sparkling punch with red grape juice	2
non alcoholic sparkling punch	2
88.9 milwaukee playlist	2
patrice daly	2
facebook login	5
tully site:youtube.com	2
viking longboat	2
viking longboat template	2
miller park carry in rules	2
jav uncensored paizuri	2
eve influence map	2
jump square release schedule	2
finnish heritage center hancock mi	2
mmo unblocked	2
scibor bases	2
desinger shoe warehouse	2
building concrete forms	2
wizard101 burly troll	2
polls for 2016 senate races	2
weatherbell global temperature	2
lamontagne ray no pressure	2
dominos horicon wi	2
hampton inn chicago downtown/n loop/michigan ave close this message close this message 3.0 out of 5	2
palmer house chicago	2
babes.com	4
rio backpack chaise lounge chair	2
pizza hut menomonee falls	2
rio backpack chaise lounge chair for sale	3
birthstone charms for necklace	2
what if my snakes eye caps didn't come off	2
ball python removing eyes caps	2
pasta sauce from scratch	4
dreams unlimited shipboard credit	2
public holiday philippines	2
cooper cs5 grand touring 94t tire 215/60r15 motortrend review	2
csgolotto	2
may 2016 ps plus	2
how to clean a bore snake	2
what kind of sex during her period	2
early signs of dementia	2
dying light weapon guide	2
how to stop the windows 10 upgrade	2
solar powered drone with camera	2
narrative language processing	2
korean langua	2
moscow apartments for rent	2
thisislennon	2
benefits of having dreads	3
antithem	2
dauphinoise potatoes	2
historical milwaukee	2
nws la crosse	2
beaver dam daily citizen	2
femal vocals on fallujah album	2
facebook app	2
ford f150	2
larry wilmore white house	2
2017 super bowl picks	2
fox river state bank	2
i wanna go home, this is the worst trip i have ever been on	2
saving private ryan full movie	2
fallout4 prefs.ini mods	2
minnesota duck calls	2
free sound music	3
amazon photos	2
the racing pulses	2
f	2
mr tinfoil	2
safe launch automatic	2
google translate	4
wrestling news	2
streamate	2
fat voyeur vids	2
who counters orianna	2
aluminum trailerds	2
cincinnati iowa george ireland	2
car started to shake when starting up	2
fishing in wisconsindells area	2
add counting cubes game	2
macy.com	2
how do you factor x^4+2x^2-3=0	2
stressed out + lyrics	2
myuw	2
merit wod	2
lol	2
pathfinder unchained rogue	2
pathfinder kitsune build	2
nissas revelation in green tron	2
algorithms ed psyh	2
grey or gray	2
decorah eagle cam	2
dictionary	2
rita hester	2
rihanna pon de replay	2
"'scavenger's daughter"" bondage"	1
agario play 2016	2
hyundai of racine	2
belinda church	2
recliner side table with storage	2
convenience concepts	2
chest of drawers	2
blood clots in hospital	2
dvt in hospitalized patients	2
nicolas flamel	2
channel 3000	5
hp c4580 change ip address	2
faeit 212	2
dominion virginia	2
wi rush	2
edible flower garden	2
chattino	4
best offensive hero in overwatch	2
weed overdose	2
learn@uw	2
map of us	2
statsistics wisconsin leads in	2
fender telecaster 2000 mexico	2
sinister	2
vernon county land records	2
gymanastics in sprata, wi	2
viroqua park and rec	2
hurricane	2
rovi	2
what happens when a nuclear waste leaks	2
nuclear energy efficiency vs solar and wind journal	2
garmin watches	2
hannah ferguson gif	2
hannah ferguson twerking	2
cynthia from mompov	2
booty shaking granny	2
hesitant wife fucks strange cock	2
liveleak	2
color picker from image	2
create a fantasy map	2
soa architecture example c#	2
countris not in axiz power in wwii	2
all access cbs promo code	2
lindsay lohan 2016	2
ebling library	2
coffee shop pre-ground coffee	2
is sex at 40 good	2
ÔÛ¯ÍËÌ Ë „Ó„ÓÎ¸ ı‡ÏÒ	1
hollister	2
ezekiel elliott jersey	2
golden corral	3
characteristic common to many domesticated crop plants	2
jbonamassa.com	2
josh gordon nfl draft	2
kids watch walking dead	2
hoi3 tech tree usa	2
hearts of iron 3 usa build ic	2
bow wow meow	2
becoming grandma leslie stall	2
pasadena, ca	2
mec2548ht	2
rusty dullum	2
my toshiba satallite keeps over heating and shutting down	2
imex games	2
Ô‡Á‰ÌËÍ ÔÂÒÌË ‚ ÎËÚ‚Â	1
mormont	2
daredevil season 2 episode 13 streaming	2
curtis fins	2
schertz funeral hom san antonio tx	2
giant crab dark souls 3 finisher	2
wowprogress	2
sword of wounding	2
if you believe in me with all of your heart	2
replacment crosby clevis pins	2
plural form of novella	2
wireless security system	2
community state bank	2
cpt	2
free midi files	3
link to the past mysterious pond	2
mekong cafe wauwatosa	2
jon snow alive	2
in $http.get pass header parameter in angularjs	2
pivotal cloud foundry certification books	2
abstractsecuritywebapplicationinitializer maven	2
what are kids with congenital heart disease at risk for	2
the milner family sword coast legends	2
abandoned dig site sword coast legends	2
el pollo loco chicken daym drops	2
california raisins	2
ar 18	2
bactrim	2
lg volt 2	2
complete high school football field square footage	2
packet tracer 5.7.1.2	2
boost moble phones	2
zip code for kimberly wi	2
gay men in tight jeans with big baskets blogs	2
fedex	2
htc vive	2
wiper blade adapter kit	2
porn hub	2
leadership styles	2
walmart stevens point	2
menards stores	2
things to do in waukesha county	2
seirra trading post coupons	2
the external behavior of a system is described by	2
dead space comics online	2
crossbow for blackberry bushes	2
career builder green bay	2
environmental chemistry jobs wi	2
msnbc	2
commercial coffee machines	2
here i am , mercy me	2
posterior muscles of the upper body	2
manfrotto 475 pro geared tripod	2
flange focal distance chart	2
noodles and company	2
sauk county i 94	2
nancy reeder, md	2
games like nightmare in the lab	2
dawn of discovery city planning	2
pepperball rounds	2
rossi 243/20 gauge/22	2
apple store eau claire wi	2
why was i 94 closed today nearby madison	2
huevos	2
prodigy	2
steven avery reddit making a murderer	2
easybib	2
plain yogurt to make onion dip	2
ill receiver allison	2
images for british internation school of istanbul	2
non sibi photos	2
happiness is a warm gu	2
tractorhouse	2
math x12	2
vet clinic in east side of madison	2
paragon sparrow deck	2
sin 15	2
www.boat2trailer	2
news	2
education in milwaukee statistics	2
mass media in milwaukee wi	2
how to install dynamic v3.2 bo2 1.19 cex	2
stonegate apartments	2
nude scenes arabic actress viseo	2
penelope cruz ass ma ma	2
lesson plan template	2
rate my professor	2
tzu-chu lin	2
hex to binary	2
www.fitbit.com/setup	2
42 inch outdoor ceiling fan replacement blades	2
replacement 42 inch ceiling fan blades exterior	2
exterior ceiling fan blades	2
small simple website using php and mysqli	2
daisho con	2
nerf swords	2
wkow	2
android data recovery	2
google music	2
how to root galaxy note 5	2
david liners, wisdom	2
naked gardening day	2
4001 south 6th street milwaukee wi	2
brown stew shrimp	2
bvsteamtst	2
glass goblet	2
briebart	2
milwaukee	2
elena moussa	2
sequoia hotel redwood city	2
uwm financial aid fall 2016 dates	2
silicon valley season 3 episode 4 preview	2
go wild	2
rip quotes for a friend	2
fatima 100 years later	2
uw madison box	2
replacing 2005 f150 muffler	2
2005 f150 magnaflow muffler	2
drake grammys	2
half angle identities calculator	2
jw model 20055 manual	2
tosa yoga workshop	2
adventure rock clip	3
mikhaela reid	2
writtin papaer on the movie 1982 sharon leal	2
osrs world map	2
ariens 920014 snow blower	2
latitude : 37.09691097 longitude : -84.06777104	2
venice tours	2
tree of life charcoal	2
dun it with a whiz	2
top paint horse reining stallions	4
ffxiv reddit	2
uwsp	2
quote from third eye tool	2
bill hicks	2
wikipedia	4
bimbo	2
macrodomain	2
dantdm roblox	2
kids.nineplanets.org saturn	2
29 pines family restaurant and lodge bar	2
fallout 4 effects maker	2
carbon flyer	2
dji	2
the hoai baciu forest	2
noenum	2
cat turtle	2
synchrony bank	2
japanese monsters	2
purple birthday cupcake furry paws	2
ascension lutheran church minocqua	2
snowflake afghan	2
lowes	2
best dishwasher brand	2
strict julie	2
hail caesar	2
marc jacobs beauty glow stick glistening illuminator	2
grant gym leader serebii	2
?????? ??	1
stem cell research legal	2
t mobile	2
mr shoe milwaukee wi	2
world organization of scouting	2
hotel mystery shoppers	2
communication quarterly volume 44, issue 1, 1996	2
which is faster radon gas or helium	2
obama he dead gif	2
mama mia's	2
snowbird	2
finale show natural sign	2
may 13 2016 concerts wisconsin	2
property owner information milwaukee, wi	2
control korg volca beats with midi	2
kaoss pad pro plus set clock	2
doom 64 ex faq	2
dem know	2
mexican restaurant in princeton,wi	2
far cry primal	2
best long pillow	2
ranger tugs for sale	2
british kim donna gangbanged	2
yahoo news	2
ranger tug	2
ranger tug 25	2
1920 piano music	2
skyline comedy club schedule	2
bill howard hockey	2
gelatin hollandaise sauce recipe	2
green bay urologist	2
garen jungle build s6	2
medicare.gov/drug plans	2
quinton schooley	2
resurecting elevation worship	2
celia karmel	2
library clipart	2
??? ?????? ???????	1
illiad cardinal stritch university	2
basic endocrinology epinephrine	2
pearl onions recipes	2
sauteed mushrooms	2
french onion beef pot pie	2
solarmovie	2
chevrolet trax	2
vudu	2
dictionary co,	2
all of me john legend lyrics	2
stattrak tec 9 avalanche mw	2
realidades 1 capitulo 7a-2 answers	2
myrene sister	2
sister angeline wisconsin	2
sterilite 12 quart storage box	2
what other gas tank will fit a 1999 road glide ?	2
famous demon paintings	2
xenomorph mating	2
ncsa	2
vintage miller high life lighted beer sign	2
balls of steel	2
cystic fibrosis	2
all inclusive jamaica	2
2016 calendar	2
chase	2
how do hmong dawb spell green	2
youtube ethoslab	2
thai sex resorts	2
tarragon chicken	2
shooting on 92nd and lincoln	2
motorola astro spectra s records	2
incendies putlocker	2
browns draft picks 2016	2
usa today	2
192.168.l.l	2
under armour hair bands	2
what are egg shells made up of	2
theater plays in oshkosh wi	2
houses for sale on robertson wauwatosa	4
install f4se	2
helen bader foundation	2
why would you use distilled water in bologna	3
48x48 corner tub	2
clawfoot tub shower curtain rod	2
ginger scrap and salvage,unity wi.	2
aim surplus info leak	2
realclearpolitics	2
high speed internet des moines iowa	2
slumberland	2
ice poseidon	2
julius poland wiec	2
9,27489E+21	1
tidner scam boyfriend with erectile dysfunction	2
holly stogner	2
scott anthon photography	2
fable 3 glitch time stopped	2
list one possible pathway in the flow of blood from the dorsal venous arch of the foot to the right atrium of the heart	2
at&t partner plus phone module	2
plex pix setup	2
god of war ares fight tips	2
the 100 the cw	2
turning a picture black and white then having some color on befunky	2
martyn ashton injury	2
deceased celebrities 2016	2
mls 1406674	2
where is my refund	2
let your heart beat again	3
atame cast	2
chw	2
watchcartoonsonline anime	2
cocoa bean shell mulch	2
step2 clubhouse climber	2
resume templates	2
drake new album	2
white house jazz concert 2016	2
bompa meaning	2
jegs	2
forest lake menu	2
bad lip reading ted cruz	2
danielle colby	2
photography in havana	2
old town otter kayaks for sale	2
gundam unicorn bakabt	2
gundam	2
knitting patterns for rowan thick 'n' thin yarn	2
mortgage calculator	2
hoia baciu forest	2
diy slow speed grinder	2
rent cafe	2
online ecomony course	2
league of legends how to get influence points faster	2
america revealed food machine analysis	2
how has more meat eating in america changed the food industry	2
google slides templates	2
characteristics of ulysses grant	2
xnxx.com	2
watch zootopia online free	2
failed to create summon sign dark souls 3	2
midland daily news heroin	2
leaving the water running while washing dishes	2
how long to let baby cry at naptime	2
america's test kitchen cookies	2
beit oren	2
parking at target center	2
bryce harper	2
philippe barbarin	2
litehouse	2
game of thrones season 6 episode 2 watch online	2
construction estimate template free download	2
compettitve vaping	2
fallacies in the media	2
kenneth grieb	2
the future of the portuguese language	2
look who's back	2
carpeted surface chair mats for hard floors	2
american floor mats promo code 2016	2
schmitt music	2
eagle scout ceremony	2
lcs rules	2
midwest league of legends tourney	2
euc	2
tpb	2
iowa radar	2
sound deadening insulation	2
newegg	2
9xtunes reddit	2
wayfair	2
mayo clinic login	2
lisa's grooming salon	2
vaccination schedule	2
wolfgang amadeus mozart	2
flexon frames	2
watch masterchef online	2
daniel tosh stand up	2
crawls through the night	2
classical symphonies usually included	2
lakeside foods reedsburg	2
lowes arched front door	2
cribbage	5
creeping charlie	2
ark medical brew	2
flourless banana chocolate chip muffins	2
peanut butter banana chocolate chip muffins	2
wisconsin statutes who can officiate a marriage	2
create a minecraft skin	2
boom boom satellites	2
pill identifier	2
lm3886 amplifier circuit	2
lm3886 input impedance	2
f7-15 bearing	4
kyocera brigadier case zizo	2
kyocera	2
amazon prime	2
the macallan	2
roadrunner email	3
garden utility trailer	2
panasonic wes9068pc	3
catlover234	2
northwoods sleigh and carriage	2
festfoods	2
keystone reality edgewood ia	2
3movs	2
youtube 4k stutter	2
taobao	2
wluk	2
wfrv	2
anal instruction	2
anchorage, al	2
nr2003 2016 carset	2
nr2003 mods	2
teamsnap	2
mother's day menu ideas	2
pixiv	2
bladebound magus pathfinder	2
mighty no. 9 - backers edition	2
pathfinder rpg poisonous frogs	2
pathfinder rpg dire tiger	2
overwatch beta times	2
simple harmonic motion in a pendulum	2
vince carter poster	2
custom poster	2
muthead	2
how to make images have higher resolution	2
2011 infiniti m56x	2
t test example	2
jigglypuff joke	2
matthew braunginn	2
mystery girl madison	2
imgur	2
skyrim bikini trouble cbbe bodyslide	2
tommy hilfiger	2
identity poem	2
no keys and three doors	2
kdwb	2
lease unreimbursable cost	2
columbia, mo zip	2
natal chart	2
sweet potato recipe	2
???	1
jsonline	3
strip club appleton	2
boat tour appleton wi	3
boat cruise appleton wi	2
mahjong	2
brewers triple play	3
rms contrast	2
quicken lots of duplicate transactions	2
quicken view fitid	2
quicken setup web connect	2
runescape blood essence items	2
league of legends reddit	2
tax exempt interest municipal bonds	2
????	2
vg tot ??	1
??????????	1
??????? ??	1
crate and barrel	2
charter.net	2
wilde toyota madison	2
toyota dealer in appleton	2
mavids pet spa	2
dog barking	2
compassion international	2
longshoremen for local 696?trackid=sp-006	2
for local boilermakers union #696	2
who can help me with paying my rent in green bay,wi?trackid=sp-006?trackid=sp-006?trackid=sp-006	2
bmw e34 rear brakes	2
t-mobile select choice	2
t-mobile coverage	2
david onyemata	2
beniquez brown	2
eglx ssbm bracket	2
shmoop	2
child's play charity	2
tool to set needle valve on two cycle carb	2
one year anniversary of death what to say	2
shadako26	2
rilee marks & dana dearmond	2
sawyer county wi land records portal	2
park lane jewelry	2
autumn west building- 3410 w lisbon milwaukee	2
channel 15 news	4
kohls credit card	2
american inventions	2
stevie nicks silver spring live	2
face	2
aflac accident policy apendix	2
how to take care of surgery wounds after surgery	2
why is depression seen in women more	2
skippyjon jones	2
fighting a disorderly conduct ticket	2
criglist	2
amazxon	2
cos - tan x cos=0	2
google fonts	2
ninebark little devil	2
mixtures that would be considered buffers include which of the	2
powerful close to a motivational speech	2
surgery to remove belly fat	2
how much does a data scientist make	2
male milking machines	2
pros and cons of utilization focused evaluation	2
29 palms marine base	2
richland center funeral home	2
life the game	2
pi 2-lcd35-2015-03-03-raspbian-jessie	2
3.5 inch rpi lcd v3.0 setup	2
how to email someone on amazon	2
what electronics can use gpio pins	2
how to get your tv to read sstv	2
packers	2
udfa for 2016 and packers	2
geronimo allison	2
bed bath and beyond	2
usbank logon	2
candi co deck	2
ukulele how to strum	2
gfs	2
how many wallys does john fourse have	2
old coleman parts	3
rogans shoes lacrosse	2
5.25 coffee holder	2
www.my.unemployment.wisconsin.gov	2
hom furniture	2
buffalo wild wings	2
how to make new brush in clip studio paint	2
coke and popcorn the walking dead season 6	2
the walking dead season 6 episode 1	3
the brett rossi experience	2
gonzoxxx	2
werner replacement parts for s322b-4	2
mn lottery	2
rusty blitzcrank	2
‰Ë‡·ÂÚ	1
mothers day flowers	2
angler cellphone under devices	2
diablo 3 in-geom	2
is overactive bladdar syndrome hereditary	2
web of science	2
good easy meals	2
espn/golf	2
wisconsin form 1 instructions	2
paul mccartney coloring page	2
named mob overveiw fear itself	2
mkx characters	2
census 2010 metropolitan areas racial makeup	2
do all groups need leadership?	2
cabinets now	2
blood moon thresh	2
direct tv	2
directv landlord agreement	2
matcha wisk japan wholesale	2
facebook.com	2
cardinal stritch	2
ardisam parts lookup	2
chegg	2
white pages	2
rectifier tube	2
geneva ridge	2
how to tell if your office 2000 is licensed properly	2
dark souls 3 wiki	2
frozen elsa and anna switch places	2
jews were mass murdered in poland after wwii	2
tori, tarra & bobbi love rocco	2
midnight's edge	2
lesbian hiv transmission probability	2
wi lottery	2
area of a triangle x y	2
game of thrones season 6 episode 2 putlockers	2
game of thrones season 6 episode 2 stream	2
warning: ipopt finished with status restoration failed	2
weihenstephaner hefeweissbier	2
ÚÛÚ.·‡È	1
draft grades nfl	2
what is a binding style chain	2
seaworld san diego	2
chapter 3 great gatsby	2
harsh architecture	2
kortendicks ace hardware	2
esl cafe	2
olympia tools	2
crescent code red	2
where does quartz in granite typically end up?	2
shawano wisconsin funeral homes	2
recent car accidents in bloomer wisconsin on may 1,2016	2
sims 2 error d3derr_invalidcall	2
what is a set of policies, procedures, standards, processes, practices, tools, techniques, and tasks that people apply to technical and management challenges	2
to temporarily hide all the records that do not meet your criteria	2
maisie williams smoking	2
rentracine.com	2
pokemon x list	2
packers cal	2
comedians in cars getting coffee	2
smith and wesson	2
john 20: 19-25 arabic text	2
thredup	2
tuna and hot dog hospital diet	2
honey monroe - first place	2
rachael madori, mick blue - gape	2
diamond monroe anal	2
younow	2
mini hot pot madison	2
boxingscene	2
techbargains	2
league of legends	4
a- frame bridge	2
bill evans biography	2
johan santana	2
utorrent	2
benefits of marijuana	2
how to cite norml	2
is there a special spring/strut compressor for for f 150	2
metadrama	2
lake superior weddings	2
ebay motors	2
how to sing like stevie wonder	2
lyrics of bicycle race	2
long term resort reentals near cushing mn	2
spider minions on the roof	2
runescape money making	2
career development plan timetable	2
how to reference an article in a paper	2
sheboygan piercing places	2
revert local commit github client	2
what's the cause of the zombies in walking dead	2
crazylegs results	2
grip for armcor m206	2
armslist racine wi	2
in the above table, the government sector surplus or deficit (its budget balance) is a	3
torrent search	2
a real sailor only needs the stars to navigate	2
blank pony template	3
burlington	2
what's new on netflix	2
3511 s kernan ave appleton wi	2
powerball winning numbers	2
ashmore estates ashmore il	2
ripon high school	2
glencoe precalculus answer key	2
a simple and effective diy car upholstery cleaner	2
joshua stuhr death	2
there's poop in my soup online	2
bible gateway	2
curvy love	2
backpage	2
recruitment advertisement mock jury	2
water based lotion vs aloe based lotion	2
m&p 22lr pistol adapter	2
lucid tac self defense pen	2
but i'm lady movie	2
www.missingmoney.com	2
swisher mowers zero turn belts	2
custom benchmade 51 spacers	2
slot machine online free	2
weather underground	2
brewers superhero night	2
durango corsa	2
jeff geske linkedin	2
spider solitaire	2
k 45800-4-bn	2
k5317-4-bn	2
mickeys hartford	2
flags of european countries	2
stream game of thrones season 6 episode 2	2
stream game of thrones season 6 episode 2 free	2
mcfarland breakfast	2
800-832-9286	2
is garcinia cambogia a scam	2
cookie	2
"jeremy renner ""weight"" bourne"	1
brad pitt batman weight	2
brad pitt weight batman	2
safelink.com	2
daytime emmys 2016	2
motorhome at chattanogga	2
garrys mod how to get ulx ranks certain prop limits	2
20-16 map with planet nibiru	2
ipad mini lcd replacement	2
batman vs superman sockshare	2
swappa	2
servers for league of legends	2
retreat synonym	2
blastomycosis osteomyelitis	2
shorewood swim	2
sherton denver	2
gallbladder problems	2
internet tv options	2
i want to stop opening new tabs on clicking links	2
wild river for sale niagara wi	2
the good wife	2
naruto shippuden episode 242 dubbed	2
wisconsin public power	2
change my address	2
retro revolution	2
eagle robo new	2
rubber mat for front door	2
shark tank	2
hayley thomson milwaukee	2
anon ib wi	2
uwm psychology curriculum	2
leonardo dicaprio	2
w6481 lakeview ct menasha, wi 54952	2
grammar check	2
how to turn enable bi-directional support on in the printer's properties dialog box.	2
free fursona commissions	2
john suazo sculptor	2
wisconsin sheet metal local 18 contract	2
quote unquote records	2
meatloaf how to	2
craigslist madison wi	2
www.lakeshoreumc.com	2
wifi secure proxy	2
rsurek@universallending biz	2
bay valley nacho cheese sauce 3-oz pouches	2
nina grb1 crush	2
luke 13:29	2
how to read tire size	2
matteo's waukesha\	2
wordpress www redirect can't log in	2
remove page from google index webmaster tools	2
download itunes free	2
jolene 2008	2
the rivoli la crosse wi	2
uncharted 4 review	2
brookfield wisconsin motorcycle	2
red barry song	2
flv to mp4	2
someone saying that ain't real	2
i don't believe anything u say	2
new 3d porn games 2016	2
sex video game simulator	2
sex video games 2016	2
violet monroe clips4sale	2
yummymodel 2016 webcam videos	2
jezabel vessir creampie	3
new dvd movie releases 2016	2
unity 2d box collider trigger not working	2
insert bibliography	2
tangshan earthquake devastation	2
eschool wisconsin	2
james cameron's avatar the game mods pc	2
recover corrupted file	2
dead like me skipping in line	2
scott mosier	2
nolan miller	2
c?ch n?u b?nh canh s??n non	1
leitheiser car west bend	2
the big rock candy mountain	2
lester holt	2
farming cache materials	2
"leoric's crown ""transmute failed."""	1
david grinnage	2
tacks in underwear bdsm	2
metal nail pad	2
nbadraft.net 2015	2
fox communities credit union online	2
tumblr	4
sigma aldrich	2
waukesha state bank	2
nancy notions weekend 2016	2
amazon echo	2
how do i get my paraprofessional license in wisconsin	2
cbs sportsline	4
craigslist denver	2
open face pizza burger recipies	2
open face pizza burger recipes	2
mason domask	2
fond du lac reporter	2
ko homan	2
sister wives	2
eau claire marathon clothing	2
be the best you can be--in your nineties by molly schecter	2
diablo 3 menagerist	2
pizza hut on line order	2
whitespire birch trees	2
dro marijuana	2
sussex cardinals	2
vineland co	2
faultspawn	2
sorcerer pathfinder	2
wallmart	2
soap from bacon grease	3
redtube	2
citibank	2
friday memorial library	2
no sound on computer windows 10	2
grater whiter smiles coupon	2
10 mg oral torodol uses	2
gettysburg day 2	2
waupaca real estate	2
archaeological values in yellowstone national park	2
vahnerow, prussia	2
kbb	2
wires dog frames	2
siren,wi bethany lutheran church	2
2013 kia soul for sale raleigh nc	2
best craft beers in milwaukee	2
where to buy craft beers in milwaukee	2
watchdogs of farron	2
depression and anxiety disorder facts	2
causes of anxiety disorder	2
oxidative stress	2
metro kia madison	2
youporn	2
i found a way lyrics twin peaks	2
shi senryaku #1 comic	2
toxic orange gas romania	2
does yeast gram stain	2
anerobic culture pink indicator	2
pembroke welsh corgi	2
orange chicken	2
gilligan's landing	2
toppers	2
perfect stockings	2
i 90 construction wisconsin	2
dimensions tomah	2
director of clinical microbiology salary	2
xbox 360 list of purchased games	2
xbox 360 download history content not available	2
perry woods whitepages	2
weak acids	2
mrskin	2
how to transport calves	2
hangar oconto airport	2
pro bowl inside linebacker green bay	2
credit one bank	2
tlc in astoria	2
memphis gardens	2
cumia compound itunes	2
city of milwaukee	2
wisconsin rapids father murder-suicide	2
nusakambangan island	2
youtube edm playlist	2
pof	4
we energies	2
lilly winwood	2
lol screensaver picture files	2
gpu that supports 3 monitors	2
legalize weed 2016	2
dragneel dota	2
discover deals	2
bold as love	2
donald tammy young amherst ny	2
aldoshoes	2
converse	2
dj snake twitter	2
2016 wis fishing opener	2
etsy	2
mitchel coates obituary	3
after long-term potentiation has occurred	2
forming many associations between new course material and what you already know is an effective way to build a network of	2
for purposes of lie detection, investigators have most commonly made use of a(n)	2
people should avoid back-to-back study times for learning spanish and french vocabulary in order to minimize	2
festival foods	2
howl	2
best thermal water bottle	2
nujjh	2
myaurora	2
outer limits zanti	2
how to get light skin like lil kim	2
check box	2
olive leaf extract social anxiety	2
fuller breasts during pregnancy	2
clothing plural or singular	2
yesterdays tractors	2
1/64 scale rollback bed kits for straight trucks	2
7153844545	2
nba	2
2188473875	2
david bradley tractor value	2
sucides due to depression medication	2
festival nude tumblr	2
pbs madison wi	2
recidivism rates	2
agents of s.h.i.e.l.d.	2
nike hyperdunk 2016	2
monta ellis paul george hickory	2
blood's thicker jersey	2
kde	2
os distro with kde plasma 5.5	2
the crowding out effects of fiscal policy are smaller if:	2
biogeochemical cycle of a grassland	2
mt big game appliccation	3
corregimiento buenos aires arboletes antioquia	2
translocaciones de vertebrados en latinoamerica	2
google scholar	2
howlong to make pizza n the grill	2
wis ccap	2
lvnv funding llc	2
alexandria mn phone directory	2
mia khalifa sex vids	2
www.the hun	2
mark allen racine wi	2
diana blake tube	2
diana blake pornhub	2
jg t3-sas fs3 airsoft rifle gun cqb aeg - metal version	2
american airlines.com	2
north korean famine 1994	2
the cold war	2
north korean hail storm 1994	2
pintrest	4
classic solitaire	2
phub	2
crazylegs classic 2016	2
illinois tolls	2
note frequency chart	2
refrigerator water filters	2
ken the odor dude	2
kindred lol	2
archetype geist	2
andy warhol blow jo	2
assuming the conclusion	2
the dover boys	2
tom klumpyan	2
motels in eau claire wi with pools	2
deluxe checks	2
lowe's hardware	2
stone tavern kent oh	2
manitowoc lincoln1964	2
helen exner shawano	2
bach ringtones	2
bodyboards	2
farm and fleet	2
kerrigan height and weight blizzard	2
common core standards	2
crossfit	2
michael kors cindy large dome crossbody navy	2
529 taft st fond du lac	2
76 east 9 th st fond du lac	2
522 saratoga north fond du lac , wi	2
senran kagura: estival versus	2
diy pegboard	2
rockstar energy drink discontinued	2
is pepsi discounting rockstar energy drink	2
who owns rockstar energy	3
plastic optical filter	2
legend of zelda windwaker mla citation	2
connect with english	2
hibike euphonium wiki	2
viper ddr4 timings	2
get freeware paint program	2
paint on helm switches fading	2
mature couples	2
wisconsin supreme court in citations	2
adversary system	2
aries daily horoscope	2
learnuw	2
ford f-150 lease options	2
paribus	2
blanc stainless cuff links	2
journeys	2
free sex cam	3
15-ac143wm	2
the raid: redemption	2
the raid redemption free online	2
best spy movies	2
best action movies	2
best rom com movies	2
birdman or (the unexpected virtue of ignorance)	2
marvel captain america civil war trailer	2
listing of accounts receivable by the age of each account is called	2
bellami	2
spell fabulous	2
fairbanks morse magneto parts	2
can you copy a desktop to transfer to another computer	2
in a hurry achievement d3	2
different segments of society ñ separated by social class, income, age, and race ñ that are engaged in a constant struggle with each other for control of society is depicted by which of the following models?	1
community supervision that occurs after release from jail or prison is called:	2
a style of policing that emphasizes centralized police organizations increased use of technology and a limitation of police discretion through regulations and guidelines was known as the:	2
in the courtroom work group, who is responsible for maintaining security and order in the judgeís chambers and in the courtroom?	1
four basic philosophical reasons for sentencing?	2
which of the following is true regarding intermediate sanctions?	2
light creature vs muspah	2
?? ??? ??	1
java	2
pinterest	2
antenna web org	2
dwarf fortress	2
preservision areds 2	2
csr bluetooth	2
the blind horse winery	2
sermon mother's day 2015	2
nvidia graphics card checker	2
you made me cum in your pussy	2
stufffed beef tenderloin with feta cheese	2
sunny wwf	2
map my run	2
asus motherboard m5a97 won't boot	2
cindy coverdale age	2
3gp file	2
gold picture frames	2
canon fd 135mm f2.5	2
google fiber	2
what time is games of thrones on	2
power outage san carlos negros occidental	2
alienation	2
tummy time	2
selena adams	2
uw stevens point majors	2
how to start a gym	2
are in ear earbuds better than the old ones	2
how to record yard sale purchases for the irs	2
will star citizen work with vr	2
will there be an open universe star wars game	2
sky vs gaming	2
pinetop, az.	2
michaels classes	2
cover blubber review	2
gimmick	2
office 365	2
(http://www.britannica.com/art/jugendstil)	2
friedensreich hundertwasser represents the ultimate artist-architect of fantasy architecture. an artist influenced by the decorative artistic history of expressionism he applied\	2
sims	2
best prefab buildings for cabin	2
small cabin plans with loft and porch	2
anal mild dildo amatuer wife threesome strapon mff	2
playing games without c++ installed	2
reproduction antique furniture	2
unclaimed inheritance	2
gas prices krist merrill	2
weird tourist attractions wisconsin	2
wi road trips	2
what to do in wi in may	2
straight talk	2
craftsman 917.272420 wiring diagram	2
craftsman seat switch fuel cut off	2
mico headphones cost	2
intercepted russian communication in wwi	2
ralph moore beloit	2
agent p toy box chest	2
mazda tribute exhaust system diagram	2
wii usb configurable loader gamecube	2
sally dickerson, pace university	2
the godless girl	2
feeding tube bear	3
hamilton new york tickets	2
nike	2
wilde life	2
closed circuit movie trailer	2
when you don't feel like going to church go to church	2
drunk girl gets fucked by taxi	2
kix brooks	2
extreme sex toys	2
survey.ultra.com	2
latele.com.uy uruguay	2
dress up games	2
keto diet	2
did humans and homo erectus exist at the same time	2
you rtube	2
qvc	2
the river wiki bruce	2
avast transfer license to new computer	2
xcel energy	2
mlb require gray on road	2
lesbisn sex videos	2
saving places national trust	2
kcci radar	2
my drama list	2
maine coon cats	2
cars for sale in madison wi	2
uicc card virgin mobile	2
comics on the bestsellers list	2
annabeth and percy fan art	2
percabeth wedding	2
justice league movie	2
civil war 2	2
burito sauce	2
flights from honolulu to kahului	2
lady lux coupon code	2
comment ?tait lui	1
maiores paises do mundo	2
honda harmony model hrb216	2
safest suburbs of minneapolis	2
virgin mobile htc desire 816	2
w305st	2
epson powerlite 2030	2
excel vba how to select a value from a listbox userform	2
new spicy chicken at kfc	2
change fuel filter 6.0 powerstroke diesel	2
outdoor fountains	2
video input card	2
radar cafe fabric color	2
tom brady	2
nostbegins	2
bbw creampie compilation	2
used honda fit manual transmission	2
chicago cubs	2
carrie underwood	2
schlitz audubon nature center	2
earth day books	2
chatroulette	2
chat rooms	2
vera bradley	2
absolute advantage refers to a country‚Äôs ability to produce a certain good more efficiently than another country.	1
"pbs passport"	1
ÏÇ¨ÌïÏÑ†Í≥† Ïú†ÏßÄÌï¥ÏïºÌïÎäîÏù¥Ïú†	1
comment √©tait lui	1
but one uses an iterator design pattern and the other doesn‚Äôt. list the pros and cons (if any) of each design	1
periodicos digitales mas leidos en espa√±a	1
asus - 15.6" laptop - intel core i3 - 4gb memory - 1tb hard drive	1
ma'≈ç picollo	1
"any decent woman wouldn't do this" by "pang nutnicha" mono music. thailand	1
mums take kim selfie to show off ‚Äreal‚Äô bodies	1
mbc Ï•Ï§ëÌôî	1
Ïã†ÏßúÏ§ Í≥µÎûµ	1
–∑–∞–≥—Ä—É–∑–∏—Ç—å mp3 pvris my house	1
'scavenger's daughter" bondage	3
–ø—É—à–∫–∏–Ω –∏ –≥–æ–≥–æ–ª—å —Ö–∞—Ä–º—Å	1
–ø—Ä–∞–∑–¥–Ω–∏–∫ –ø–µ—Å–Ω–∏ –≤ –ª–∏—Ç–≤–µ	1
„É®„Çπ„Ç¨„Éé„ÇΩ„É© „Ç®„É≠	1
Ÿàÿ±ÿ© ÿßŸÑÿ®ŸÇÿ±ÿ© ÿßŸÑÿπŸÅÿßÿ≥Ÿä	1
9274892700465789054406	1
Ïú§ÎèôÏ£º	1
ÁúüÁ©∫ÈïÄËÜú	1
vg tot ËßÜÈ¢ë	1
ËñÑÁ∫¢„Éá„Ç§„Éà„É™„Ç∑„ÉÉ„Éë„Éº	1
Ââ©‰ΩôÂ∫îÂäõ	1
Ê∏ÖÂçéÂ§ßÂ≠¶Âá∫ÁâàÁ§æ Ëã±Êñá	1
–¥–∏–∞–±–µ—Ç	1
—Ç—É—Ç.–±–∞–π	1
jeremy renner "weight" bourne	1
c√°ch n·∫•u b√°nh canh s∆∞·ªùn non	1
leoric's crown "transmute failed."	1
different segments of society ‚Äì separated by social class, income, age, and race ‚Äì that are engaged in a constant struggle with each other for control of society is depicted by which of the following models?	1
in the courtroom work group, who is responsible for maintaining security and order in the judge‚Äôs chambers and in the courtroom?	1
Ïù¥ÏÅú Í∏ÄÏî®Ï≤¥ Îã§Ïö¥	1
