capitalism is the unequal sharing of blessings socialism is the equal sharing of miseries	1
if i have discharge should i start wearing a pad	1
bang bros	1
american association of medical assistants	1
mamba out	1
berne evans pasadena	1
bike tire cut repair	1
is the fluoride added to drinking water the same as industrial fluoride	1
rx8 hose layout	1
cheap pizza delivery in cheyenne wy	1
buy pure enchantment pure spa oil diffusser	1
toby turner	1
myportal.gcu.edu	1
how to view casper star-tribune e-edition	1
signal mountain lodge	2
autocad fabrication, webconnect login	2
"10"" cast iron no hub sanitary tee dimensions"	1
tyler pipe cast iron no hub	2
"10"" cast iron no hub fittings"	1
cast iron no hub fittings	2
ruger 10/22 triggers	2
evike	2
dish latino	2
in door pullup bar	3
calculating land cover of raster in arcgis	2
calculating number of roads in shapefile buffer	2
halo 2016	2
how to refer to an anonymous source	2
toledo, ohio	2
kemmerer, wy senior center	2
rock springs, wy senior center	2
mtg eventide	2
winamp	2
asbestos effects on the environment	2
durarara	2
goggles for helmets	2
fox goggles	2
iverhart max	2
dbs 41 gogoanime	2
feeling like i'm in a dream all the time	2
freaky freddies	2
halliburton	2
medicare part d coverage	2
rockies tickets	2
sam capra series	2
facebook	2
outdoor furniture	2
sabrina carpenter	2
advantage energy technology data center migration	2
hunter douglas	2
peanuts figurines	2
joanna pettet 2012	2
state of utah jobs	2
free online tarot reading	2
how to remove chromium	2
danny koker	2
bare necessities lyrics	2
disney movies list	2
mindless self indulgence	2
necco wafers flavors	2
universal studios florida	2
movie maker	2
pandora	2
bunk beds with stairs	2
wells fargo	2
behind the paint pdf	2
domestic violence in michigan	2
?????? ???????	1
enzo and cass vs vaudevillains	2
pinterest	2
tv tropes the wolf among us	2
a variable declared in a function is also called a(n) ____ variable.	2
.the ____ symbol can be used to combine text strings.	3
an action for the browser to take in a script is called a ____.	2
why did the aagpbl start	2
how is the aagpbl different from boys baseball?	2
mastercool vacuum pump	2
wagner procoat no pressure	2
sorbet ingredients	2
carol or junior chase sheridan wy	2
logitech c615 drivers	2
walgreens	2
ancient origins membersite	2
gillette college	2
discover refer a friend	2
yorick lcs	2
evelynn counter	2
twitter gradeaundera	2
pewdiepie twitter	2
9.2.1 jailbreak untethered	2
shark navigator swivel warranty	2
home depot	2
dog run kit	2
games for girls	2
create a void world minecraft	2
chest shop plugin	2
billings adult education	2
sears 7.5 charger	2
jerry bennett wyoming	3
3407crestline cir	3
boys cinch jeans	2
craigslist wyoming	2
java dead code warning	2
polo ralph lauren leather duffel ebay	2
may day	2
flipagram	2
painting ceilings	2
rockauto	2
clinton vp choices	2
form 1023 instructions	2
doc morgan fraternal jewelry	2
steiner 10x42 predator binoculars model 2444	2
wydot cameras	2
fastest way to level up heavy armor in skyrim	2
how much does it cost to resurface a cd	2
sewanee blackboard	2
la times crossword	2
ihg rewards	2
ihg	2
sexed semen heifers	2
emmrods	3
happy whells	2
sims 3 cheats	2
gomco circumcision	2
ctu login	2
flagstar mortgage	2
1999 jeep 2.5l	2
photo booth tag	2
gamejolt	2
sprint family plan	2
galaxy s7	2
ftb infinity evolved nuclear reactor design	2
annual salary police officer ogden utah	2
ccleaner	2
ccleaner professional coupon code free	2
ikemenfuna	2
zombie flash game	2
oshine theme documentation	2
how to decrease size of pdf	2
arctic spare partd	2
pools: off the deep end	2
free atm fees	2
steph kegels nude tumblr	2
porn hub	2
dickies menu	2
create email account	2
laura trott interview	3
sonic the hedgehog lanyard	2
files shared by these updates invalid signature	3
nissan altima 1998 fuse box diagram	2
game of thrones season 2 episode 6 online free streaming	2
windows seven password finder	2
prague zoo	2
houses for sale casper wy area	2
bitdefender free	2
marvel galactus	2
rubber plugs automotive	2
fallout 4 railroad code	2
how do you draw a soccer ball	2
what happens if you go over the pitchers limit in fantasy baseball	2
how much do travel baseball coaches make	2
power bill high water heater	2
american eagle promo code	2
which of the following functional groups are found in a ketose sugar	2
how many possible tripeptides contain alanine (ala), and two glycine (gly) amino acids?	2
kbb	2
lucerne hammer pathfinder	2
microbial resistance	2
5 set rn wow	2
instroke case repair	2
2016 us bar table championships	2
golfworks free shipping coupons	2
elgin watch value	2
disaronno	2
sim monsters	2
polaris of cheyenne	2
twitch	2
camara de comercio mexico - americana	2
irc dfu	2
irc code	2
porites care	2
teen mom	2
tater tot casserole	2
motorbooks	2
how was facebook created?	2
level 25 leves	2
where is the oxbow origin	2
nascar race today	2
sonic menu	2
the lutheran hour	2
wy state bar	2
2015 f1 race gp	2
classic oldsmobile air cleaner dual snorkel	2
14 inch dual snorkel air cleaners	2
why do i get water blisters inside of my legs	2
legend of the dragonfly	2
weebly.com	2
scramble for africa	2
ww2 important people	2
larry eustachy	2
uss cumberland	2
kenyon martin	2
bridezilla stories	2
slatkin & co website	2
10" cast iron no hub sanitary tee dimensions	1
10" cast iron no hub fittings	1
الاهلي السعودي	1
